2026-03-06 18:13:02,865 | INFO     | app | Logger initialized successfully at level INFO
2026-03-06 18:13:18,736 | INFO     | app | Logger initialized successfully at level INFO
2026-03-06 18:13:34,703 | INFO     | app | Logger initialized successfully at level INFO
2026-03-06 18:17:12,244 | INFO     | app | [OPTIONS] /api/v1/clients/lookup - Status: 200 - Duration: 0.0s - IP: 127.0.0.1 - User: Anonymous
2026-03-06 18:17:12,932 | INFO     | app | [POST] /api/v1/clients/lookup - Status: 200 - Duration: 0.423s - IP: 127.0.0.1 - User: test00@test.com
2026-03-06 18:17:14,722 | INFO     | app | [OPTIONS] /api/v1/rices - Status: 200 - Duration: 0.0s - IP: 127.0.0.1 - User: Anonymous
2026-03-06 18:17:15,030 | INFO     | app | [OPTIONS] /api/v1/rices - Status: 200 - Duration: 0.0s - IP: 127.0.0.1 - User: Anonymous
2026-03-06 18:17:15,036 | INFO     | app | [GET] /api/v1/rices - Status: 200 - Duration: 0.004s - IP: 127.0.0.1 - User: test00@test.com
2026-03-06 18:17:15,389 | INFO     | app | [GET] /api/v1/rices - Status: 200 - Duration: 0.004s - IP: 127.0.0.1 - User: test00@test.com
2026-03-06 18:17:19,726 | INFO     | app | [OPTIONS] /api/v1/orders/create - Status: 200 - Duration: 0.0s - IP: 127.0.0.1 - User: Anonymous
2026-03-06 18:17:20,051 | INFO     | app | [POST] /api/v1/orders/create - Status: 201 - Duration: 0.074s - IP: 127.0.0.1 - User: test00@test.com
2026-03-06 18:17:20,058 | INFO     | app | [OPTIONS] /api/v1/pedidos - Status: 200 - Duration: 0.0s - IP: 127.0.0.1 - User: Anonymous
2026-03-06 18:17:20,367 | INFO     | app | [OPTIONS] /api/v1/availability/check - Status: 200 - Duration: 0.0s - IP: 127.0.0.1 - User: Anonymous
2026-03-06 18:17:20,396 | INFO     | app | [GET] /api/v1/pedidos - Status: 200 - Duration: 0.027s - IP: 127.0.0.1 - User: test00@test.com
2026-03-06 18:17:20,682 | INFO     | app | [POST] /api/v1/availability/check - Status: 200 - Duration: 0.004s - IP: 127.0.0.1 - User: test00@test.com
2026-03-06 19:18:16,371 | INFO     | app | Logger initialized successfully at level INFO
2026-03-06 19:18:40,612 | INFO     | app | Logger initialized successfully at level INFO
2026-03-06 19:19:31,677 | INFO     | app | [OPTIONS] /api/v1/pedidos/calendar - Status: 200 - Duration: 0.0s - IP: 127.0.0.1 - User: Anonymous
2026-03-06 19:19:31,680 | INFO     | app | [OPTIONS] /api/v1/pedidos/calendar - Status: 200 - Duration: 0.0s - IP: 127.0.0.1 - User: Anonymous
2026-03-06 19:19:32,441 | INFO     | app | [GET] /api/v1/pedidos/calendar - Status: 200 - Duration: 0.505s - IP: 127.0.0.1 - User: test00@test.com
2026-03-06 19:19:32,451 | INFO     | app | [GET] /api/v1/pedidos/calendar - Status: 200 - Duration: 0.007s - IP: 127.0.0.1 - User: test00@test.com
2026-03-06 19:24:23,123 | INFO     | app | Logger initialized successfully at level INFO
2026-03-06 19:24:23,985 | INFO     | app | Logger initialized successfully at level INFO
2026-03-06 19:29:40,955 | INFO     | app | [OPTIONS] /api/v1/availability/check - Status: 200 - Duration: 0.0s - IP: 47.60.38.242 - User: Anonymous
2026-03-06 19:29:41,453 | INFO     | app | [GET] /api/v1/pedidos/calendar - Status: 200 - Duration: 0.388s - IP: 47.60.38.242 - User: test00@test.com
2026-03-06 19:30:07,591 | INFO     | app | [OPTIONS] /api/v1/availability/check - Status: 200 - Duration: 0.0s - IP: 127.0.0.1 - User: Anonymous
2026-03-06 19:30:07,594 | INFO     | app | [OPTIONS] /api/v1/availability/check - Status: 200 - Duration: 0.0s - IP: 127.0.0.1 - User: Anonymous
2026-03-06 19:30:07,833 | INFO     | app | [OPTIONS] /api/v1/availability/check - Status: 200 - Duration: 0.0s - IP: 127.0.0.1 - User: Anonymous
2026-03-06 19:30:07,911 | INFO     | app | [OPTIONS] /api/v1/availability/check - Status: 200 - Duration: 0.0s - IP: 127.0.0.1 - User: Anonymous
2026-03-06 19:30:07,913 | INFO     | app | [OPTIONS] /api/v1/pedidos/calendar - Status: 200 - Duration: 0.0s - IP: 127.0.0.1 - User: Anonymous
2026-03-06 19:30:08,168 | INFO     | app | [GET] /api/v1/pedidos/calendar - Status: 200 - Duration: 0.008s - IP: 127.0.0.1 - User: test00@test.com
2026-03-06 19:30:08,244 | INFO     | app | [GET] /api/v1/pedidos/calendar - Status: 200 - Duration: 0.007s - IP: 127.0.0.1 - User: test00@test.com
2026-03-06 19:31:42,086 | INFO     | app | [OPTIONS] /api/v1/availability/check - Status: 200 - Duration: 0.0s - IP: 47.60.38.242 - User: Anonymous
2026-03-06 19:31:42,180 | INFO     | app | [GET] /api/v1/pedidos/calendar - Status: 200 - Duration: 0.004s - IP: 47.60.38.242 - User: fedegarcia30@gmail.com
2026-03-06 19:32:13,459 | INFO     | app | [GET] /api/v1/stats/dashboard - Status: 200 - Duration: 0.102s - IP: 47.60.38.242 - User: fedegarcia30@gmail.com
2026-03-06 19:32:16,446 | INFO     | app | [GET] /api/v1/clients/stats - Status: 200 - Duration: 0.046s - IP: 47.60.38.242 - User: fedegarcia30@gmail.com
2026-03-06 19:32:16,535 | INFO     | app | [GET] /api/v1/clients - Status: 200 - Duration: 0.012s - IP: 47.60.38.242 - User: fedegarcia30@gmail.com
2026-03-06 19:32:19,035 | INFO     | app | [POST] /api/v1/availability/check - Status: 200 - Duration: 0.009s - IP: 47.60.38.242 - User: fedegarcia30@gmail.com
2026-03-06 19:32:19,180 | INFO     | app | [GET] /api/v1/pedidos - Status: 200 - Duration: 0.02s - IP: 47.60.38.242 - User: fedegarcia30@gmail.com
2026-03-06 19:32:21,961 | INFO     | app | [GET] /api/v1/pedidos/calendar - Status: 200 - Duration: 0.006s - IP: 47.60.38.242 - User: fedegarcia30@gmail.com
2026-03-06 19:32:23,830 | INFO     | app | [POST] /api/v1/availability/check - Status: 200 - Duration: 0.004s - IP: 47.60.38.242 - User: fedegarcia30@gmail.com
2026-03-06 19:32:23,971 | INFO     | app | [GET] /api/v1/pedidos - Status: 200 - Duration: 0.039s - IP: 47.60.38.242 - User: fedegarcia30@gmail.com
2026-03-06 19:32:40,535 | INFO     | app | Pedido #2254 properties updated successfully
2026-03-06 19:32:40,541 | INFO     | app | [PATCH] /api/v1/pedidos/2254 - Status: 200 - Duration: 0.063s - IP: 47.60.38.242 - User: fedegarcia30@gmail.com
2026-03-06 19:32:40,653 | INFO     | app | [GET] /api/v1/pedidos - Status: 200 - Duration: 0.041s - IP: 47.60.38.242 - User: fedegarcia30@gmail.com
2026-03-06 19:32:40,746 | INFO     | app | [POST] /api/v1/availability/check - Status: 200 - Duration: 0.004s - IP: 47.60.38.242 - User: fedegarcia30@gmail.com
2026-03-06 20:47:40,101 | INFO     | app | [OPTIONS] /api/v1/availability/check - Status: 200 - Duration: 0.001s - IP: 47.60.38.242 - User: Anonymous
2026-03-06 20:47:40,185 | INFO     | app | [GET] /api/v1/pedidos/calendar - Status: 200 - Duration: 0.01s - IP: 47.60.38.242 - User: fedegarcia30@gmail.com
2026-03-06 20:47:51,394 | INFO     | app | [GET] /api/v1/stats/dashboard - Status: 200 - Duration: 0.072s - IP: 47.60.38.242 - User: fedegarcia30@gmail.com
2026-03-06 20:47:59,390 | INFO     | app | [GET] /api/v1/stats/dashboard - Status: 200 - Duration: 0.077s - IP: 47.60.38.242 - User: fedegarcia30@gmail.com
2026-03-06 20:48:01,781 | INFO     | app | [GET] /api/v1/stats/dashboard - Status: 200 - Duration: 0.068s - IP: 47.60.38.242 - User: fedegarcia30@gmail.com
2026-03-06 20:48:02,884 | INFO     | app | [GET] /api/v1/stats/dashboard - Status: 200 - Duration: 0.086s - IP: 47.60.38.242 - User: fedegarcia30@gmail.com
2026-03-06 20:48:07,578 | INFO     | app | [GET] /api/v1/stats/dashboard - Status: 200 - Duration: 0.087s - IP: 47.60.38.242 - User: fedegarcia30@gmail.com
2026-03-07 11:37:00,962 | INFO     | app | [OPTIONS] /api/v1/availability/check - Status: 200 - Duration: 0.0s - IP: 127.0.0.1 - User: Anonymous
2026-03-07 11:37:00,963 | INFO     | app | [OPTIONS] /api/v1/availability/check - Status: 200 - Duration: 0.0s - IP: 127.0.0.1 - User: Anonymous
2026-03-07 11:37:01,229 | INFO     | app | [OPTIONS] /api/v1/availability/check - Status: 200 - Duration: 0.0s - IP: 127.0.0.1 - User: Anonymous
2026-03-07 11:37:01,270 | INFO     | app | [OPTIONS] /api/v1/availability/check - Status: 200 - Duration: 0.0s - IP: 127.0.0.1 - User: Anonymous
2026-03-07 11:37:01,271 | INFO     | app | [OPTIONS] /api/v1/pedidos/calendar - Status: 200 - Duration: 0.0s - IP: 127.0.0.1 - User: Anonymous
2026-03-07 11:37:01,938 | INFO     | app | [GET] /api/v1/pedidos/calendar - Status: 200 - Duration: 0.391s - IP: 127.0.0.1 - User: test00@test.com
2026-03-07 11:37:01,945 | INFO     | app | [GET] /api/v1/pedidos/calendar - Status: 200 - Duration: 0.003s - IP: 127.0.0.1 - User: test00@test.com
2026-03-07 11:37:03,927 | INFO     | app | [OPTIONS] /api/v1/rices - Status: 200 - Duration: 0.0s - IP: 127.0.0.1 - User: Anonymous
2026-03-07 11:37:03,928 | INFO     | app | [OPTIONS] /api/v1/rices - Status: 200 - Duration: 0.0s - IP: 127.0.0.1 - User: Anonymous
2026-03-07 11:37:04,202 | INFO     | app | [GET] /api/v1/rices - Status: 200 - Duration: 0.008s - IP: 127.0.0.1 - User: test00@test.com
2026-03-07 11:37:04,248 | INFO     | app | [GET] /api/v1/rices - Status: 200 - Duration: 0.005s - IP: 127.0.0.1 - User: test00@test.com
2026-03-07 11:42:05,297 | INFO     | app | Logger initialized successfully at level INFO
2026-03-07 11:42:34,633 | INFO     | app | Logger initialized successfully at level INFO
2026-03-07 11:42:51,338 | INFO     | app | Logger initialized successfully at level INFO
2026-03-07 11:43:10,124 | INFO     | app | Logger initialized successfully at level INFO
2026-03-07 11:43:16,756 | INFO     | app | Logger initialized successfully at level INFO
2026-03-07 11:43:28,105 | INFO     | app | Logger initialized successfully at level INFO
2026-03-07 11:43:34,615 | INFO     | app | Logger initialized successfully at level INFO
2026-03-07 11:43:49,631 | INFO     | app | Logger initialized successfully at level INFO
2026-03-07 11:43:56,862 | INFO     | app | Logger initialized successfully at level INFO
2026-03-07 11:44:16,713 | INFO     | app | Logger initialized successfully at level INFO
2026-03-07 11:45:26,629 | INFO     | app | Logger initialized successfully at level INFO
2026-03-07 11:46:13,744 | INFO     | app | Logger initialized successfully at level INFO
2026-03-07 11:46:24,774 | INFO     | app | Logger initialized successfully at level INFO
2026-03-07 11:46:43,256 | INFO     | app | Logger initialized successfully at level INFO
2026-03-07 11:46:54,011 | INFO     | app | Logger initialized successfully at level INFO
2026-03-07 11:47:00,978 | INFO     | app | Logger initialized successfully at level INFO
2026-03-07 11:50:04,855 | INFO     | app | Logger initialized successfully at level INFO
2026-03-07 11:51:31,152 | INFO     | app | [OPTIONS] /api/v1/ingredients - Status: 200 - Duration: 0.0s - IP: 127.0.0.1 - User: Anonymous
2026-03-07 11:51:31,153 | INFO     | app | [OPTIONS] /api/v1/rices/1/recipe - Status: 200 - Duration: 0.0s - IP: 127.0.0.1 - User: Anonymous
2026-03-07 11:51:31,156 | INFO     | app | [OPTIONS] /api/v1/ingredients - Status: 200 - Duration: 0.0s - IP: 127.0.0.1 - User: Anonymous
2026-03-07 11:51:31,157 | INFO     | app | [OPTIONS] /api/v1/rices/1/recipe - Status: 200 - Duration: 0.0s - IP: 127.0.0.1 - User: Anonymous
2026-03-07 11:51:32,134 | ERROR    | app | Error fetching recipe for rice 1: (mysql.connector.errors.DatabaseError) 2059 (HY000): Authentication plugin 'mysql_native_password' cannot be loaded: it is already loaded
(Background on this error at: https://sqlalche.me/e/20/4xp6)
Traceback (most recent call last):
  File "C:\ArrocesLlopis\backend\venv\Lib\site-packages\mysql\connector\connection_cext.py", line 354, in _open_connection
    self._cmysql.connect(**cnx_kwargs)
_mysql_connector.MySQLInterfaceError: Authentication plugin 'mysql_native_password' cannot be loaded: it is already loaded

The above exception was the direct cause of the following exception:

Traceback (most recent call last):
  File "C:\ArrocesLlopis\backend\venv\Lib\site-packages\sqlalchemy\engine\base.py", line 143, in __init__
    self._dbapi_connection = engine.raw_connection()
                             ^^^^^^^^^^^^^^^^^^^^^^^
  File "C:\ArrocesLlopis\backend\venv\Lib\site-packages\sqlalchemy\engine\base.py", line 3317, in raw_connection
    return self.pool.connect()
           ^^^^^^^^^^^^^^^^^^^
  File "C:\ArrocesLlopis\backend\venv\Lib\site-packages\sqlalchemy\pool\base.py", line 448, in connect
    return _ConnectionFairy._checkout(self)
           ^^^^^^^^^^^^^^^^^^^^^^^^^^^^^^^^
  File "C:\ArrocesLlopis\backend\venv\Lib\site-packages\sqlalchemy\pool\base.py", line 1272, in _checkout
    fairy = _ConnectionRecord.checkout(pool)
            ^^^^^^^^^^^^^^^^^^^^^^^^^^^^^^^^
  File "C:\ArrocesLlopis\backend\venv\Lib\site-packages\sqlalchemy\pool\base.py", line 712, in checkout
    rec = pool._do_get()
          ^^^^^^^^^^^^^^
  File "C:\ArrocesLlopis\backend\venv\Lib\site-packages\sqlalchemy\pool\impl.py", line 177, in _do_get
    with util.safe_reraise():
         ^^^^^^^^^^^^^^^^^^^
  File "C:\ArrocesLlopis\backend\venv\Lib\site-packages\sqlalchemy\util\langhelpers.py", line 121, in __exit__
    raise exc_value.with_traceback(exc_tb)
  File "C:\ArrocesLlopis\backend\venv\Lib\site-packages\sqlalchemy\pool\impl.py", line 175, in _do_get
    return self._create_connection()
           ^^^^^^^^^^^^^^^^^^^^^^^^^
  File "C:\ArrocesLlopis\backend\venv\Lib\site-packages\sqlalchemy\pool\base.py", line 389, in _create_connection
    return _ConnectionRecord(self)
           ^^^^^^^^^^^^^^^^^^^^^^^
  File "C:\ArrocesLlopis\backend\venv\Lib\site-packages\sqlalchemy\pool\base.py", line 674, in __init__
    self.__connect()
  File "C:\ArrocesLlopis\backend\venv\Lib\site-packages\sqlalchemy\pool\base.py", line 900, in __connect
    with util.safe_reraise():
         ^^^^^^^^^^^^^^^^^^^
  File "C:\ArrocesLlopis\backend\venv\Lib\site-packages\sqlalchemy\util\langhelpers.py", line 121, in __exit__
    raise exc_value.with_traceback(exc_tb)
  File "C:\ArrocesLlopis\backend\venv\Lib\site-packages\sqlalchemy\pool\base.py", line 896, in __connect
    self.dbapi_connection = connection = pool._invoke_creator(self)
                                         ^^^^^^^^^^^^^^^^^^^^^^^^^^
  File "C:\ArrocesLlopis\backend\venv\Lib\site-packages\sqlalchemy\engine\create.py", line 667, in connect
    return dialect.connect(*cargs_tup, **cparams)
           ^^^^^^^^^^^^^^^^^^^^^^^^^^^^^^^^^^^^^^
  File "C:\ArrocesLlopis\backend\venv\Lib\site-packages\sqlalchemy\engine\default.py", line 630, in connect
    return self.loaded_dbapi.connect(*cargs, **cparams)  # type: ignore[no-any-return]  # NOQA: E501
           ^^^^^^^^^^^^^^^^^^^^^^^^^^^^^^^^^^^^^^^^^^^^
  File "C:\ArrocesLlopis\backend\venv\Lib\site-packages\mysql\connector\pooling.py", line 322, in connect
    return CMySQLConnection(*args, **kwargs)
           ^^^^^^^^^^^^^^^^^^^^^^^^^^^^^^^^^
  File "C:\ArrocesLlopis\backend\venv\Lib\site-packages\mysql\connector\connection_cext.py", line 142, in __init__
    self.connect(**kwargs)
  File "C:\ArrocesLlopis\backend\venv\Lib\site-packages\mysql\connector\abstracts.py", line 1604, in connect
    self._open_connection()
  File "C:\ArrocesLlopis\backend\venv\Lib\site-packages\mysql\connector\connection_cext.py", line 360, in _open_connection
    raise get_mysql_exception(
mysql.connector.errors.DatabaseError: 2059 (HY000): Authentication plugin 'mysql_native_password' cannot be loaded: it is already loaded

The above exception was the direct cause of the following exception:

Traceback (most recent call last):
  File "C:\ArrocesLlopis\backend\app\routes\ingredients.py", line 35, in get_rice_recipe
    rice = Arroz.query.get_or_404(rice_id)
           ^^^^^^^^^^^^^^^^^^^^^^^^^^^^^^^
  File "C:\ArrocesLlopis\backend\venv\Lib\site-packages\flask_sqlalchemy\query.py", line 30, in get_or_404
    rv = self.get(ident)
         ^^^^^^^^^^^^^^^
  File "<string>", line 2, in get
  File "C:\ArrocesLlopis\backend\venv\Lib\site-packages\sqlalchemy\util\deprecations.py", line 386, in warned
    return fn(*args, **kwargs)  # type: ignore[no-any-return]
           ^^^^^^^^^^^^^^^^^^^
  File "C:\ArrocesLlopis\backend\venv\Lib\site-packages\sqlalchemy\orm\query.py", line 1126, in get
    return self._get_impl(ident, loading.load_on_pk_identity)
           ^^^^^^^^^^^^^^^^^^^^^^^^^^^^^^^^^^^^^^^^^^^^^^^^^^
  File "C:\ArrocesLlopis\backend\venv\Lib\site-packages\sqlalchemy\orm\query.py", line 1135, in _get_impl
    return self.session._get_impl(
           ^^^^^^^^^^^^^^^^^^^^^^^
  File "C:\ArrocesLlopis\backend\venv\Lib\site-packages\sqlalchemy\orm\session.py", line 3859, in _get_impl
    return db_load_fn(
           ^^^^^^^^^^^
  File "C:\ArrocesLlopis\backend\venv\Lib\site-packages\sqlalchemy\orm\loading.py", line 695, in load_on_pk_identity
    session.execute(
  File "C:\ArrocesLlopis\backend\venv\Lib\site-packages\sqlalchemy\orm\session.py", line 2351, in execute
    return self._execute_internal(
           ^^^^^^^^^^^^^^^^^^^^^^^
  File "C:\ArrocesLlopis\backend\venv\Lib\site-packages\sqlalchemy\orm\session.py", line 2239, in _execute_internal
    conn = self._connection_for_bind(bind)
           ^^^^^^^^^^^^^^^^^^^^^^^^^^^^^^^
  File "C:\ArrocesLlopis\backend\venv\Lib\site-packages\sqlalchemy\orm\session.py", line 2108, in _connection_for_bind
    return trans._connection_for_bind(engine, execution_options)
           ^^^^^^^^^^^^^^^^^^^^^^^^^^^^^^^^^^^^^^^^^^^^^^^^^^^^^
  File "<string>", line 2, in _connection_for_bind
  File "C:\ArrocesLlopis\backend\venv\Lib\site-packages\sqlalchemy\orm\state_changes.py", line 137, in _go
    ret_value = fn(self, *arg, **kw)
                ^^^^^^^^^^^^^^^^^^^^
  File "C:\ArrocesLlopis\backend\venv\Lib\site-packages\sqlalchemy\orm\session.py", line 1187, in _connection_for_bind
    conn = bind.connect()
           ^^^^^^^^^^^^^^
  File "C:\ArrocesLlopis\backend\venv\Lib\site-packages\sqlalchemy\engine\base.py", line 3293, in connect
    return self._connection_cls(self)
           ^^^^^^^^^^^^^^^^^^^^^^^^^^
  File "C:\ArrocesLlopis\backend\venv\Lib\site-packages\sqlalchemy\engine\base.py", line 145, in __init__
    Connection._handle_dbapi_exception_noconnection(
  File "C:\ArrocesLlopis\backend\venv\Lib\site-packages\sqlalchemy\engine\base.py", line 2448, in _handle_dbapi_exception_noconnection
    raise sqlalchemy_exception.with_traceback(exc_info[2]) from e
  File "C:\ArrocesLlopis\backend\venv\Lib\site-packages\sqlalchemy\engine\base.py", line 143, in __init__
    self._dbapi_connection = engine.raw_connection()
                             ^^^^^^^^^^^^^^^^^^^^^^^
  File "C:\ArrocesLlopis\backend\venv\Lib\site-packages\sqlalchemy\engine\base.py", line 3317, in raw_connection
    return self.pool.connect()
           ^^^^^^^^^^^^^^^^^^^
  File "C:\ArrocesLlopis\backend\venv\Lib\site-packages\sqlalchemy\pool\base.py", line 448, in connect
    return _ConnectionFairy._checkout(self)
           ^^^^^^^^^^^^^^^^^^^^^^^^^^^^^^^^
  File "C:\ArrocesLlopis\backend\venv\Lib\site-packages\sqlalchemy\pool\base.py", line 1272, in _checkout
    fairy = _ConnectionRecord.checkout(pool)
            ^^^^^^^^^^^^^^^^^^^^^^^^^^^^^^^^
  File "C:\ArrocesLlopis\backend\venv\Lib\site-packages\sqlalchemy\pool\base.py", line 712, in checkout
    rec = pool._do_get()
          ^^^^^^^^^^^^^^
  File "C:\ArrocesLlopis\backend\venv\Lib\site-packages\sqlalchemy\pool\impl.py", line 177, in _do_get
    with util.safe_reraise():
         ^^^^^^^^^^^^^^^^^^^
  File "C:\ArrocesLlopis\backend\venv\Lib\site-packages\sqlalchemy\util\langhelpers.py", line 121, in __exit__
    raise exc_value.with_traceback(exc_tb)
  File "C:\ArrocesLlopis\backend\venv\Lib\site-packages\sqlalchemy\pool\impl.py", line 175, in _do_get
    return self._create_connection()
           ^^^^^^^^^^^^^^^^^^^^^^^^^
  File "C:\ArrocesLlopis\backend\venv\Lib\site-packages\sqlalchemy\pool\base.py", line 389, in _create_connection
    return _ConnectionRecord(self)
           ^^^^^^^^^^^^^^^^^^^^^^^
  File "C:\ArrocesLlopis\backend\venv\Lib\site-packages\sqlalchemy\pool\base.py", line 674, in __init__
    self.__connect()
  File "C:\ArrocesLlopis\backend\venv\Lib\site-packages\sqlalchemy\pool\base.py", line 900, in __connect
    with util.safe_reraise():
         ^^^^^^^^^^^^^^^^^^^
  File "C:\ArrocesLlopis\backend\venv\Lib\site-packages\sqlalchemy\util\langhelpers.py", line 121, in __exit__
    raise exc_value.with_traceback(exc_tb)
  File "C:\ArrocesLlopis\backend\venv\Lib\site-packages\sqlalchemy\pool\base.py", line 896, in __connect
    self.dbapi_connection = connection = pool._invoke_creator(self)
                                         ^^^^^^^^^^^^^^^^^^^^^^^^^^
  File "C:\ArrocesLlopis\backend\venv\Lib\site-packages\sqlalchemy\engine\create.py", line 667, in connect
    return dialect.connect(*cargs_tup, **cparams)
           ^^^^^^^^^^^^^^^^^^^^^^^^^^^^^^^^^^^^^^
  File "C:\ArrocesLlopis\backend\venv\Lib\site-packages\sqlalchemy\engine\default.py", line 630, in connect
    return self.loaded_dbapi.connect(*cargs, **cparams)  # type: ignore[no-any-return]  # NOQA: E501
           ^^^^^^^^^^^^^^^^^^^^^^^^^^^^^^^^^^^^^^^^^^^^
  File "C:\ArrocesLlopis\backend\venv\Lib\site-packages\mysql\connector\pooling.py", line 322, in connect
    return CMySQLConnection(*args, **kwargs)
           ^^^^^^^^^^^^^^^^^^^^^^^^^^^^^^^^^
  File "C:\ArrocesLlopis\backend\venv\Lib\site-packages\mysql\connector\connection_cext.py", line 142, in __init__
    self.connect(**kwargs)
  File "C:\ArrocesLlopis\backend\venv\Lib\site-packages\mysql\connector\abstracts.py", line 1604, in connect
    self._open_connection()
  File "C:\ArrocesLlopis\backend\venv\Lib\site-packages\mysql\connector\connection_cext.py", line 360, in _open_connection
    raise get_mysql_exception(
sqlalchemy.exc.DatabaseError: (mysql.connector.errors.DatabaseError) 2059 (HY000): Authentication plugin 'mysql_native_password' cannot be loaded: it is already loaded
(Background on this error at: https://sqlalche.me/e/20/4xp6)
2026-03-07 11:51:32,147 | INFO     | app | [GET] /api/v1/ingredients - Status: 200 - Duration: 0.735s - IP: 127.0.0.1 - User: test00@test.com
2026-03-07 11:51:32,172 | INFO     | app | [GET] /api/v1/rices/1/recipe - Status: 500 - Duration: 0.715s - IP: 127.0.0.1 - User: test00@test.com
2026-03-07 11:51:32,185 | ERROR    | app | Error fetching recipe for rice 1: (mysql.connector.errors.ProgrammingError) 1054 (42S22): Unknown column 'arroz_ingredientes.cantidad' in 'field list'
[SQL: SELECT arroz_ingredientes.id AS arroz_ingredientes_id, arroz_ingredientes.arroz_id AS arroz_ingredientes_arroz_id, arroz_ingredientes.ingrediente_id AS arroz_ingredientes_ingrediente_id, arroz_ingredientes.cantidad AS arroz_ingredientes_cantidad 
FROM arroz_ingredientes 
WHERE arroz_ingredientes.arroz_id = %(arroz_id_1)s]
[parameters: {'arroz_id_1': 1}]
(Background on this error at: https://sqlalche.me/e/20/f405)
Traceback (most recent call last):
  File "C:\ArrocesLlopis\backend\venv\Lib\site-packages\mysql\connector\connection_cext.py", line 772, in cmd_query
    self._cmysql.query(
_mysql_connector.MySQLInterfaceError: Unknown column 'arroz_ingredientes.cantidad' in 'field list'

The above exception was the direct cause of the following exception:

Traceback (most recent call last):
  File "C:\ArrocesLlopis\backend\venv\Lib\site-packages\sqlalchemy\engine\base.py", line 1967, in _exec_single_context
    self.dialect.do_execute(
  File "C:\ArrocesLlopis\backend\venv\Lib\site-packages\sqlalchemy\engine\default.py", line 952, in do_execute
    cursor.execute(statement, parameters)
  File "C:\ArrocesLlopis\backend\venv\Lib\site-packages\mysql\connector\cursor_cext.py", line 353, in execute
    self._connection.cmd_query(
  File "C:\ArrocesLlopis\backend\venv\Lib\site-packages\mysql\connector\opentelemetry\context_propagation.py", line 97, in wrapper
    return method(cnx, *args, **kwargs)
           ^^^^^^^^^^^^^^^^^^^^^^^^^^^^
  File "C:\ArrocesLlopis\backend\venv\Lib\site-packages\mysql\connector\connection_cext.py", line 781, in cmd_query
    raise get_mysql_exception(
mysql.connector.errors.ProgrammingError: 1054 (42S22): Unknown column 'arroz_ingredientes.cantidad' in 'field list'

The above exception was the direct cause of the following exception:

Traceback (most recent call last):
  File "C:\ArrocesLlopis\backend\app\routes\ingredients.py", line 36, in get_rice_recipe
    recipe = ArrozIngrediente.query.filter_by(arroz_id=rice_id).all()
             ^^^^^^^^^^^^^^^^^^^^^^^^^^^^^^^^^^^^^^^^^^^^^^^^^^^^^^^^
  File "C:\ArrocesLlopis\backend\venv\Lib\site-packages\sqlalchemy\orm\query.py", line 2704, in all
    return self._iter().all()  # type: ignore
           ^^^^^^^^^^^^
  File "C:\ArrocesLlopis\backend\venv\Lib\site-packages\sqlalchemy\orm\query.py", line 2857, in _iter
    result: Union[ScalarResult[_T], Result[_T]] = self.session.execute(
                                                  ^^^^^^^^^^^^^^^^^^^^^
  File "C:\ArrocesLlopis\backend\venv\Lib\site-packages\sqlalchemy\orm\session.py", line 2351, in execute
    return self._execute_internal(
           ^^^^^^^^^^^^^^^^^^^^^^^
  File "C:\ArrocesLlopis\backend\venv\Lib\site-packages\sqlalchemy\orm\session.py", line 2249, in _execute_internal
    result: Result[Any] = compile_state_cls.orm_execute_statement(
                          ^^^^^^^^^^^^^^^^^^^^^^^^^^^^^^^^^^^^^^^^
  File "C:\ArrocesLlopis\backend\venv\Lib\site-packages\sqlalchemy\orm\context.py", line 306, in orm_execute_statement
    result = conn.execute(
             ^^^^^^^^^^^^^
  File "C:\ArrocesLlopis\backend\venv\Lib\site-packages\sqlalchemy\engine\base.py", line 1419, in execute
    return meth(
           ^^^^^
  File "C:\ArrocesLlopis\backend\venv\Lib\site-packages\sqlalchemy\sql\elements.py", line 527, in _execute_on_connection
    return connection._execute_clauseelement(
           ^^^^^^^^^^^^^^^^^^^^^^^^^^^^^^^^^^
  File "C:\ArrocesLlopis\backend\venv\Lib\site-packages\sqlalchemy\engine\base.py", line 1641, in _execute_clauseelement
    ret = self._execute_context(
          ^^^^^^^^^^^^^^^^^^^^^^
  File "C:\ArrocesLlopis\backend\venv\Lib\site-packages\sqlalchemy\engine\base.py", line 1846, in _execute_context
    return self._exec_single_context(
           ^^^^^^^^^^^^^^^^^^^^^^^^^^
  File "C:\ArrocesLlopis\backend\venv\Lib\site-packages\sqlalchemy\engine\base.py", line 1986, in _exec_single_context
    self._handle_dbapi_exception(
  File "C:\ArrocesLlopis\backend\venv\Lib\site-packages\sqlalchemy\engine\base.py", line 2363, in _handle_dbapi_exception
    raise sqlalchemy_exception.with_traceback(exc_info[2]) from e
  File "C:\ArrocesLlopis\backend\venv\Lib\site-packages\sqlalchemy\engine\base.py", line 1967, in _exec_single_context
    self.dialect.do_execute(
  File "C:\ArrocesLlopis\backend\venv\Lib\site-packages\sqlalchemy\engine\default.py", line 952, in do_execute
    cursor.execute(statement, parameters)
  File "C:\ArrocesLlopis\backend\venv\Lib\site-packages\mysql\connector\cursor_cext.py", line 353, in execute
    self._connection.cmd_query(
  File "C:\ArrocesLlopis\backend\venv\Lib\site-packages\mysql\connector\opentelemetry\context_propagation.py", line 97, in wrapper
    return method(cnx, *args, **kwargs)
           ^^^^^^^^^^^^^^^^^^^^^^^^^^^^
  File "C:\ArrocesLlopis\backend\venv\Lib\site-packages\mysql\connector\connection_cext.py", line 781, in cmd_query
    raise get_mysql_exception(
sqlalchemy.exc.ProgrammingError: (mysql.connector.errors.ProgrammingError) 1054 (42S22): Unknown column 'arroz_ingredientes.cantidad' in 'field list'
[SQL: SELECT arroz_ingredientes.id AS arroz_ingredientes_id, arroz_ingredientes.arroz_id AS arroz_ingredientes_arroz_id, arroz_ingredientes.ingrediente_id AS arroz_ingredientes_ingrediente_id, arroz_ingredientes.cantidad AS arroz_ingredientes_cantidad 
FROM arroz_ingredientes 
WHERE arroz_ingredientes.arroz_id = %(arroz_id_1)s]
[parameters: {'arroz_id_1': 1}]
(Background on this error at: https://sqlalche.me/e/20/f405)
2026-03-07 11:51:32,202 | INFO     | app | [GET] /api/v1/rices/1/recipe - Status: 500 - Duration: 0.027s - IP: 127.0.0.1 - User: test00@test.com
2026-03-07 11:51:32,496 | INFO     | app | [GET] /api/v1/ingredients - Status: 200 - Duration: 0.003s - IP: 127.0.0.1 - User: test00@test.com
2026-03-07 11:51:47,114 | INFO     | app | [OPTIONS] /api/v1/ingredients - Status: 200 - Duration: 0.0s - IP: 127.0.0.1 - User: Anonymous
2026-03-07 11:51:47,114 | INFO     | app | [OPTIONS] /api/v1/rices/1/recipe - Status: 200 - Duration: 0.0s - IP: 127.0.0.1 - User: Anonymous
2026-03-07 11:51:47,115 | INFO     | app | [OPTIONS] /api/v1/ingredients - Status: 200 - Duration: 0.0s - IP: 127.0.0.1 - User: Anonymous
2026-03-07 11:51:47,117 | INFO     | app | [OPTIONS] /api/v1/rices/1/recipe - Status: 200 - Duration: 0.002s - IP: 127.0.0.1 - User: Anonymous
2026-03-07 11:51:47,379 | INFO     | app | [GET] /api/v1/ingredients - Status: 200 - Duration: 0.002s - IP: 127.0.0.1 - User: test00@test.com
2026-03-07 11:51:47,429 | ERROR    | app | Error fetching recipe for rice 1: (mysql.connector.errors.ProgrammingError) 1054 (42S22): Unknown column 'arroz_ingredientes.cantidad' in 'field list'
[SQL: SELECT arroz_ingredientes.id AS arroz_ingredientes_id, arroz_ingredientes.arroz_id AS arroz_ingredientes_arroz_id, arroz_ingredientes.ingrediente_id AS arroz_ingredientes_ingrediente_id, arroz_ingredientes.cantidad AS arroz_ingredientes_cantidad 
FROM arroz_ingredientes 
WHERE arroz_ingredientes.arroz_id = %(arroz_id_1)s]
[parameters: {'arroz_id_1': 1}]
(Background on this error at: https://sqlalche.me/e/20/f405)
Traceback (most recent call last):
  File "C:\ArrocesLlopis\backend\venv\Lib\site-packages\mysql\connector\connection_cext.py", line 772, in cmd_query
    self._cmysql.query(
_mysql_connector.MySQLInterfaceError: Unknown column 'arroz_ingredientes.cantidad' in 'field list'

The above exception was the direct cause of the following exception:

Traceback (most recent call last):
  File "C:\ArrocesLlopis\backend\venv\Lib\site-packages\sqlalchemy\engine\base.py", line 1967, in _exec_single_context
    self.dialect.do_execute(
  File "C:\ArrocesLlopis\backend\venv\Lib\site-packages\sqlalchemy\engine\default.py", line 952, in do_execute
    cursor.execute(statement, parameters)
  File "C:\ArrocesLlopis\backend\venv\Lib\site-packages\mysql\connector\cursor_cext.py", line 353, in execute
    self._connection.cmd_query(
  File "C:\ArrocesLlopis\backend\venv\Lib\site-packages\mysql\connector\opentelemetry\context_propagation.py", line 97, in wrapper
    return method(cnx, *args, **kwargs)
           ^^^^^^^^^^^^^^^^^^^^^^^^^^^^
  File "C:\ArrocesLlopis\backend\venv\Lib\site-packages\mysql\connector\connection_cext.py", line 781, in cmd_query
    raise get_mysql_exception(
mysql.connector.errors.ProgrammingError: 1054 (42S22): Unknown column 'arroz_ingredientes.cantidad' in 'field list'

The above exception was the direct cause of the following exception:

Traceback (most recent call last):
  File "C:\ArrocesLlopis\backend\app\routes\ingredients.py", line 36, in get_rice_recipe
    recipe = ArrozIngrediente.query.filter_by(arroz_id=rice_id).all()
             ^^^^^^^^^^^^^^^^^^^^^^^^^^^^^^^^^^^^^^^^^^^^^^^^^^^^^^^^
  File "C:\ArrocesLlopis\backend\venv\Lib\site-packages\sqlalchemy\orm\query.py", line 2704, in all
    return self._iter().all()  # type: ignore
           ^^^^^^^^^^^^
  File "C:\ArrocesLlopis\backend\venv\Lib\site-packages\sqlalchemy\orm\query.py", line 2857, in _iter
    result: Union[ScalarResult[_T], Result[_T]] = self.session.execute(
                                                  ^^^^^^^^^^^^^^^^^^^^^
  File "C:\ArrocesLlopis\backend\venv\Lib\site-packages\sqlalchemy\orm\session.py", line 2351, in execute
    return self._execute_internal(
           ^^^^^^^^^^^^^^^^^^^^^^^
  File "C:\ArrocesLlopis\backend\venv\Lib\site-packages\sqlalchemy\orm\session.py", line 2249, in _execute_internal
    result: Result[Any] = compile_state_cls.orm_execute_statement(
                          ^^^^^^^^^^^^^^^^^^^^^^^^^^^^^^^^^^^^^^^^
  File "C:\ArrocesLlopis\backend\venv\Lib\site-packages\sqlalchemy\orm\context.py", line 306, in orm_execute_statement
    result = conn.execute(
             ^^^^^^^^^^^^^
  File "C:\ArrocesLlopis\backend\venv\Lib\site-packages\sqlalchemy\engine\base.py", line 1419, in execute
    return meth(
           ^^^^^
  File "C:\ArrocesLlopis\backend\venv\Lib\site-packages\sqlalchemy\sql\elements.py", line 527, in _execute_on_connection
    return connection._execute_clauseelement(
           ^^^^^^^^^^^^^^^^^^^^^^^^^^^^^^^^^^
  File "C:\ArrocesLlopis\backend\venv\Lib\site-packages\sqlalchemy\engine\base.py", line 1641, in _execute_clauseelement
    ret = self._execute_context(
          ^^^^^^^^^^^^^^^^^^^^^^
  File "C:\ArrocesLlopis\backend\venv\Lib\site-packages\sqlalchemy\engine\base.py", line 1846, in _execute_context
    return self._exec_single_context(
           ^^^^^^^^^^^^^^^^^^^^^^^^^^
  File "C:\ArrocesLlopis\backend\venv\Lib\site-packages\sqlalchemy\engine\base.py", line 1986, in _exec_single_context
    self._handle_dbapi_exception(
  File "C:\ArrocesLlopis\backend\venv\Lib\site-packages\sqlalchemy\engine\base.py", line 2363, in _handle_dbapi_exception
    raise sqlalchemy_exception.with_traceback(exc_info[2]) from e
  File "C:\ArrocesLlopis\backend\venv\Lib\site-packages\sqlalchemy\engine\base.py", line 1967, in _exec_single_context
    self.dialect.do_execute(
  File "C:\ArrocesLlopis\backend\venv\Lib\site-packages\sqlalchemy\engine\default.py", line 952, in do_execute
    cursor.execute(statement, parameters)
  File "C:\ArrocesLlopis\backend\venv\Lib\site-packages\mysql\connector\cursor_cext.py", line 353, in execute
    self._connection.cmd_query(
  File "C:\ArrocesLlopis\backend\venv\Lib\site-packages\mysql\connector\opentelemetry\context_propagation.py", line 97, in wrapper
    return method(cnx, *args, **kwargs)
           ^^^^^^^^^^^^^^^^^^^^^^^^^^^^
  File "C:\ArrocesLlopis\backend\venv\Lib\site-packages\mysql\connector\connection_cext.py", line 781, in cmd_query
    raise get_mysql_exception(
sqlalchemy.exc.ProgrammingError: (mysql.connector.errors.ProgrammingError) 1054 (42S22): Unknown column 'arroz_ingredientes.cantidad' in 'field list'
[SQL: SELECT arroz_ingredientes.id AS arroz_ingredientes_id, arroz_ingredientes.arroz_id AS arroz_ingredientes_arroz_id, arroz_ingredientes.ingrediente_id AS arroz_ingredientes_ingrediente_id, arroz_ingredientes.cantidad AS arroz_ingredientes_cantidad 
FROM arroz_ingredientes 
WHERE arroz_ingredientes.arroz_id = %(arroz_id_1)s]
[parameters: {'arroz_id_1': 1}]
(Background on this error at: https://sqlalche.me/e/20/f405)
2026-03-07 11:51:47,434 | INFO     | app | [GET] /api/v1/rices/1/recipe - Status: 500 - Duration: 0.009s - IP: 127.0.0.1 - User: test00@test.com
2026-03-07 11:51:47,440 | INFO     | app | [GET] /api/v1/ingredients - Status: 200 - Duration: 0.015s - IP: 127.0.0.1 - User: test00@test.com
2026-03-07 11:51:47,688 | ERROR    | app | Error fetching recipe for rice 1: (mysql.connector.errors.ProgrammingError) 1054 (42S22): Unknown column 'arroz_ingredientes.cantidad' in 'field list'
[SQL: SELECT arroz_ingredientes.id AS arroz_ingredientes_id, arroz_ingredientes.arroz_id AS arroz_ingredientes_arroz_id, arroz_ingredientes.ingrediente_id AS arroz_ingredientes_ingrediente_id, arroz_ingredientes.cantidad AS arroz_ingredientes_cantidad 
FROM arroz_ingredientes 
WHERE arroz_ingredientes.arroz_id = %(arroz_id_1)s]
[parameters: {'arroz_id_1': 1}]
(Background on this error at: https://sqlalche.me/e/20/f405)
Traceback (most recent call last):
  File "C:\ArrocesLlopis\backend\venv\Lib\site-packages\mysql\connector\connection_cext.py", line 772, in cmd_query
    self._cmysql.query(
_mysql_connector.MySQLInterfaceError: Unknown column 'arroz_ingredientes.cantidad' in 'field list'

The above exception was the direct cause of the following exception:

Traceback (most recent call last):
  File "C:\ArrocesLlopis\backend\venv\Lib\site-packages\sqlalchemy\engine\base.py", line 1967, in _exec_single_context
    self.dialect.do_execute(
  File "C:\ArrocesLlopis\backend\venv\Lib\site-packages\sqlalchemy\engine\default.py", line 952, in do_execute
    cursor.execute(statement, parameters)
  File "C:\ArrocesLlopis\backend\venv\Lib\site-packages\mysql\connector\cursor_cext.py", line 353, in execute
    self._connection.cmd_query(
  File "C:\ArrocesLlopis\backend\venv\Lib\site-packages\mysql\connector\opentelemetry\context_propagation.py", line 97, in wrapper
    return method(cnx, *args, **kwargs)
           ^^^^^^^^^^^^^^^^^^^^^^^^^^^^
  File "C:\ArrocesLlopis\backend\venv\Lib\site-packages\mysql\connector\connection_cext.py", line 781, in cmd_query
    raise get_mysql_exception(
mysql.connector.errors.ProgrammingError: 1054 (42S22): Unknown column 'arroz_ingredientes.cantidad' in 'field list'

The above exception was the direct cause of the following exception:

Traceback (most recent call last):
  File "C:\ArrocesLlopis\backend\app\routes\ingredients.py", line 36, in get_rice_recipe
    recipe = ArrozIngrediente.query.filter_by(arroz_id=rice_id).all()
             ^^^^^^^^^^^^^^^^^^^^^^^^^^^^^^^^^^^^^^^^^^^^^^^^^^^^^^^^
  File "C:\ArrocesLlopis\backend\venv\Lib\site-packages\sqlalchemy\orm\query.py", line 2704, in all
    return self._iter().all()  # type: ignore
           ^^^^^^^^^^^^
  File "C:\ArrocesLlopis\backend\venv\Lib\site-packages\sqlalchemy\orm\query.py", line 2857, in _iter
    result: Union[ScalarResult[_T], Result[_T]] = self.session.execute(
                                                  ^^^^^^^^^^^^^^^^^^^^^
  File "C:\ArrocesLlopis\backend\venv\Lib\site-packages\sqlalchemy\orm\session.py", line 2351, in execute
    return self._execute_internal(
           ^^^^^^^^^^^^^^^^^^^^^^^
  File "C:\ArrocesLlopis\backend\venv\Lib\site-packages\sqlalchemy\orm\session.py", line 2249, in _execute_internal
    result: Result[Any] = compile_state_cls.orm_execute_statement(
                          ^^^^^^^^^^^^^^^^^^^^^^^^^^^^^^^^^^^^^^^^
  File "C:\ArrocesLlopis\backend\venv\Lib\site-packages\sqlalchemy\orm\context.py", line 306, in orm_execute_statement
    result = conn.execute(
             ^^^^^^^^^^^^^
  File "C:\ArrocesLlopis\backend\venv\Lib\site-packages\sqlalchemy\engine\base.py", line 1419, in execute
    return meth(
           ^^^^^
  File "C:\ArrocesLlopis\backend\venv\Lib\site-packages\sqlalchemy\sql\elements.py", line 527, in _execute_on_connection
    return connection._execute_clauseelement(
           ^^^^^^^^^^^^^^^^^^^^^^^^^^^^^^^^^^
  File "C:\ArrocesLlopis\backend\venv\Lib\site-packages\sqlalchemy\engine\base.py", line 1641, in _execute_clauseelement
    ret = self._execute_context(
          ^^^^^^^^^^^^^^^^^^^^^^
  File "C:\ArrocesLlopis\backend\venv\Lib\site-packages\sqlalchemy\engine\base.py", line 1846, in _execute_context
    return self._exec_single_context(
           ^^^^^^^^^^^^^^^^^^^^^^^^^^
  File "C:\ArrocesLlopis\backend\venv\Lib\site-packages\sqlalchemy\engine\base.py", line 1986, in _exec_single_context
    self._handle_dbapi_exception(
  File "C:\ArrocesLlopis\backend\venv\Lib\site-packages\sqlalchemy\engine\base.py", line 2363, in _handle_dbapi_exception
    raise sqlalchemy_exception.with_traceback(exc_info[2]) from e
  File "C:\ArrocesLlopis\backend\venv\Lib\site-packages\sqlalchemy\engine\base.py", line 1967, in _exec_single_context
    self.dialect.do_execute(
  File "C:\ArrocesLlopis\backend\venv\Lib\site-packages\sqlalchemy\engine\default.py", line 952, in do_execute
    cursor.execute(statement, parameters)
  File "C:\ArrocesLlopis\backend\venv\Lib\site-packages\mysql\connector\cursor_cext.py", line 353, in execute
    self._connection.cmd_query(
  File "C:\ArrocesLlopis\backend\venv\Lib\site-packages\mysql\connector\opentelemetry\context_propagation.py", line 97, in wrapper
    return method(cnx, *args, **kwargs)
           ^^^^^^^^^^^^^^^^^^^^^^^^^^^^
  File "C:\ArrocesLlopis\backend\venv\Lib\site-packages\mysql\connector\connection_cext.py", line 781, in cmd_query
    raise get_mysql_exception(
sqlalchemy.exc.ProgrammingError: (mysql.connector.errors.ProgrammingError) 1054 (42S22): Unknown column 'arroz_ingredientes.cantidad' in 'field list'
[SQL: SELECT arroz_ingredientes.id AS arroz_ingredientes_id, arroz_ingredientes.arroz_id AS arroz_ingredientes_arroz_id, arroz_ingredientes.ingrediente_id AS arroz_ingredientes_ingrediente_id, arroz_ingredientes.cantidad AS arroz_ingredientes_cantidad 
FROM arroz_ingredientes 
WHERE arroz_ingredientes.arroz_id = %(arroz_id_1)s]
[parameters: {'arroz_id_1': 1}]
(Background on this error at: https://sqlalche.me/e/20/f405)
2026-03-07 11:51:47,692 | INFO     | app | [GET] /api/v1/rices/1/recipe - Status: 500 - Duration: 0.007s - IP: 127.0.0.1 - User: test00@test.com
2026-03-07 11:54:05,504 | INFO     | app | [OPTIONS] /api/v1/ingredients - Status: 200 - Duration: 0.0s - IP: 127.0.0.1 - User: Anonymous
2026-03-07 11:54:05,505 | INFO     | app | [OPTIONS] /api/v1/rices/2/recipe - Status: 200 - Duration: 0.0s - IP: 127.0.0.1 - User: Anonymous
2026-03-07 11:54:05,506 | INFO     | app | [OPTIONS] /api/v1/ingredients - Status: 200 - Duration: 0.0s - IP: 127.0.0.1 - User: Anonymous
2026-03-07 11:54:05,508 | INFO     | app | [OPTIONS] /api/v1/rices/2/recipe - Status: 200 - Duration: 0.0s - IP: 127.0.0.1 - User: Anonymous
2026-03-07 11:54:05,761 | ERROR    | app | Error fetching recipe for rice 2: (mysql.connector.errors.ProgrammingError) 1054 (42S22): Unknown column 'arroz_ingredientes.cantidad' in 'field list'
[SQL: SELECT arroz_ingredientes.id AS arroz_ingredientes_id, arroz_ingredientes.arroz_id AS arroz_ingredientes_arroz_id, arroz_ingredientes.ingrediente_id AS arroz_ingredientes_ingrediente_id, arroz_ingredientes.cantidad AS arroz_ingredientes_cantidad 
FROM arroz_ingredientes 
WHERE arroz_ingredientes.arroz_id = %(arroz_id_1)s]
[parameters: {'arroz_id_1': 2}]
(Background on this error at: https://sqlalche.me/e/20/f405)
Traceback (most recent call last):
  File "C:\ArrocesLlopis\backend\venv\Lib\site-packages\mysql\connector\connection_cext.py", line 772, in cmd_query
    self._cmysql.query(
_mysql_connector.MySQLInterfaceError: Unknown column 'arroz_ingredientes.cantidad' in 'field list'

The above exception was the direct cause of the following exception:

Traceback (most recent call last):
  File "C:\ArrocesLlopis\backend\venv\Lib\site-packages\sqlalchemy\engine\base.py", line 1967, in _exec_single_context
    self.dialect.do_execute(
  File "C:\ArrocesLlopis\backend\venv\Lib\site-packages\sqlalchemy\engine\default.py", line 952, in do_execute
    cursor.execute(statement, parameters)
  File "C:\ArrocesLlopis\backend\venv\Lib\site-packages\mysql\connector\cursor_cext.py", line 353, in execute
    self._connection.cmd_query(
  File "C:\ArrocesLlopis\backend\venv\Lib\site-packages\mysql\connector\opentelemetry\context_propagation.py", line 97, in wrapper
    return method(cnx, *args, **kwargs)
           ^^^^^^^^^^^^^^^^^^^^^^^^^^^^
  File "C:\ArrocesLlopis\backend\venv\Lib\site-packages\mysql\connector\connection_cext.py", line 781, in cmd_query
    raise get_mysql_exception(
mysql.connector.errors.ProgrammingError: 1054 (42S22): Unknown column 'arroz_ingredientes.cantidad' in 'field list'

The above exception was the direct cause of the following exception:

Traceback (most recent call last):
  File "C:\ArrocesLlopis\backend\app\routes\ingredients.py", line 36, in get_rice_recipe
    recipe = ArrozIngrediente.query.filter_by(arroz_id=rice_id).all()
             ^^^^^^^^^^^^^^^^^^^^^^^^^^^^^^^^^^^^^^^^^^^^^^^^^^^^^^^^
  File "C:\ArrocesLlopis\backend\venv\Lib\site-packages\sqlalchemy\orm\query.py", line 2704, in all
    return self._iter().all()  # type: ignore
           ^^^^^^^^^^^^
  File "C:\ArrocesLlopis\backend\venv\Lib\site-packages\sqlalchemy\orm\query.py", line 2857, in _iter
    result: Union[ScalarResult[_T], Result[_T]] = self.session.execute(
                                                  ^^^^^^^^^^^^^^^^^^^^^
  File "C:\ArrocesLlopis\backend\venv\Lib\site-packages\sqlalchemy\orm\session.py", line 2351, in execute
    return self._execute_internal(
           ^^^^^^^^^^^^^^^^^^^^^^^
  File "C:\ArrocesLlopis\backend\venv\Lib\site-packages\sqlalchemy\orm\session.py", line 2249, in _execute_internal
    result: Result[Any] = compile_state_cls.orm_execute_statement(
                          ^^^^^^^^^^^^^^^^^^^^^^^^^^^^^^^^^^^^^^^^
  File "C:\ArrocesLlopis\backend\venv\Lib\site-packages\sqlalchemy\orm\context.py", line 306, in orm_execute_statement
    result = conn.execute(
             ^^^^^^^^^^^^^
  File "C:\ArrocesLlopis\backend\venv\Lib\site-packages\sqlalchemy\engine\base.py", line 1419, in execute
    return meth(
           ^^^^^
  File "C:\ArrocesLlopis\backend\venv\Lib\site-packages\sqlalchemy\sql\elements.py", line 527, in _execute_on_connection
    return connection._execute_clauseelement(
           ^^^^^^^^^^^^^^^^^^^^^^^^^^^^^^^^^^
  File "C:\ArrocesLlopis\backend\venv\Lib\site-packages\sqlalchemy\engine\base.py", line 1641, in _execute_clauseelement
    ret = self._execute_context(
          ^^^^^^^^^^^^^^^^^^^^^^
  File "C:\ArrocesLlopis\backend\venv\Lib\site-packages\sqlalchemy\engine\base.py", line 1846, in _execute_context
    return self._exec_single_context(
           ^^^^^^^^^^^^^^^^^^^^^^^^^^
  File "C:\ArrocesLlopis\backend\venv\Lib\site-packages\sqlalchemy\engine\base.py", line 1986, in _exec_single_context
    self._handle_dbapi_exception(
  File "C:\ArrocesLlopis\backend\venv\Lib\site-packages\sqlalchemy\engine\base.py", line 2363, in _handle_dbapi_exception
    raise sqlalchemy_exception.with_traceback(exc_info[2]) from e
  File "C:\ArrocesLlopis\backend\venv\Lib\site-packages\sqlalchemy\engine\base.py", line 1967, in _exec_single_context
    self.dialect.do_execute(
  File "C:\ArrocesLlopis\backend\venv\Lib\site-packages\sqlalchemy\engine\default.py", line 952, in do_execute
    cursor.execute(statement, parameters)
  File "C:\ArrocesLlopis\backend\venv\Lib\site-packages\mysql\connector\cursor_cext.py", line 353, in execute
    self._connection.cmd_query(
  File "C:\ArrocesLlopis\backend\venv\Lib\site-packages\mysql\connector\opentelemetry\context_propagation.py", line 97, in wrapper
    return method(cnx, *args, **kwargs)
           ^^^^^^^^^^^^^^^^^^^^^^^^^^^^
  File "C:\ArrocesLlopis\backend\venv\Lib\site-packages\mysql\connector\connection_cext.py", line 781, in cmd_query
    raise get_mysql_exception(
sqlalchemy.exc.ProgrammingError: (mysql.connector.errors.ProgrammingError) 1054 (42S22): Unknown column 'arroz_ingredientes.cantidad' in 'field list'
[SQL: SELECT arroz_ingredientes.id AS arroz_ingredientes_id, arroz_ingredientes.arroz_id AS arroz_ingredientes_arroz_id, arroz_ingredientes.ingrediente_id AS arroz_ingredientes_ingrediente_id, arroz_ingredientes.cantidad AS arroz_ingredientes_cantidad 
FROM arroz_ingredientes 
WHERE arroz_ingredientes.arroz_id = %(arroz_id_1)s]
[parameters: {'arroz_id_1': 2}]
(Background on this error at: https://sqlalche.me/e/20/f405)
2026-03-07 11:54:05,768 | INFO     | app | [GET] /api/v1/rices/2/recipe - Status: 500 - Duration: 0.01s - IP: 127.0.0.1 - User: test00@test.com
2026-03-07 11:54:05,820 | INFO     | app | [GET] /api/v1/ingredients - Status: 200 - Duration: 0.006s - IP: 127.0.0.1 - User: test00@test.com
2026-03-07 11:54:05,823 | ERROR    | app | Error fetching recipe for rice 2: (mysql.connector.errors.ProgrammingError) 1054 (42S22): Unknown column 'arroz_ingredientes.cantidad' in 'field list'
[SQL: SELECT arroz_ingredientes.id AS arroz_ingredientes_id, arroz_ingredientes.arroz_id AS arroz_ingredientes_arroz_id, arroz_ingredientes.ingrediente_id AS arroz_ingredientes_ingrediente_id, arroz_ingredientes.cantidad AS arroz_ingredientes_cantidad 
FROM arroz_ingredientes 
WHERE arroz_ingredientes.arroz_id = %(arroz_id_1)s]
[parameters: {'arroz_id_1': 2}]
(Background on this error at: https://sqlalche.me/e/20/f405)
Traceback (most recent call last):
  File "C:\ArrocesLlopis\backend\venv\Lib\site-packages\mysql\connector\connection_cext.py", line 772, in cmd_query
    self._cmysql.query(
_mysql_connector.MySQLInterfaceError: Unknown column 'arroz_ingredientes.cantidad' in 'field list'

The above exception was the direct cause of the following exception:

Traceback (most recent call last):
  File "C:\ArrocesLlopis\backend\venv\Lib\site-packages\sqlalchemy\engine\base.py", line 1967, in _exec_single_context
    self.dialect.do_execute(
  File "C:\ArrocesLlopis\backend\venv\Lib\site-packages\sqlalchemy\engine\default.py", line 952, in do_execute
    cursor.execute(statement, parameters)
  File "C:\ArrocesLlopis\backend\venv\Lib\site-packages\mysql\connector\cursor_cext.py", line 353, in execute
    self._connection.cmd_query(
  File "C:\ArrocesLlopis\backend\venv\Lib\site-packages\mysql\connector\opentelemetry\context_propagation.py", line 97, in wrapper
    return method(cnx, *args, **kwargs)
           ^^^^^^^^^^^^^^^^^^^^^^^^^^^^
  File "C:\ArrocesLlopis\backend\venv\Lib\site-packages\mysql\connector\connection_cext.py", line 781, in cmd_query
    raise get_mysql_exception(
mysql.connector.errors.ProgrammingError: 1054 (42S22): Unknown column 'arroz_ingredientes.cantidad' in 'field list'

The above exception was the direct cause of the following exception:

Traceback (most recent call last):
  File "C:\ArrocesLlopis\backend\app\routes\ingredients.py", line 36, in get_rice_recipe
    recipe = ArrozIngrediente.query.filter_by(arroz_id=rice_id).all()
             ^^^^^^^^^^^^^^^^^^^^^^^^^^^^^^^^^^^^^^^^^^^^^^^^^^^^^^^^
  File "C:\ArrocesLlopis\backend\venv\Lib\site-packages\sqlalchemy\orm\query.py", line 2704, in all
    return self._iter().all()  # type: ignore
           ^^^^^^^^^^^^
  File "C:\ArrocesLlopis\backend\venv\Lib\site-packages\sqlalchemy\orm\query.py", line 2857, in _iter
    result: Union[ScalarResult[_T], Result[_T]] = self.session.execute(
                                                  ^^^^^^^^^^^^^^^^^^^^^
  File "C:\ArrocesLlopis\backend\venv\Lib\site-packages\sqlalchemy\orm\session.py", line 2351, in execute
    return self._execute_internal(
           ^^^^^^^^^^^^^^^^^^^^^^^
  File "C:\ArrocesLlopis\backend\venv\Lib\site-packages\sqlalchemy\orm\session.py", line 2249, in _execute_internal
    result: Result[Any] = compile_state_cls.orm_execute_statement(
                          ^^^^^^^^^^^^^^^^^^^^^^^^^^^^^^^^^^^^^^^^
  File "C:\ArrocesLlopis\backend\venv\Lib\site-packages\sqlalchemy\orm\context.py", line 306, in orm_execute_statement
    result = conn.execute(
             ^^^^^^^^^^^^^
  File "C:\ArrocesLlopis\backend\venv\Lib\site-packages\sqlalchemy\engine\base.py", line 1419, in execute
    return meth(
           ^^^^^
  File "C:\ArrocesLlopis\backend\venv\Lib\site-packages\sqlalchemy\sql\elements.py", line 527, in _execute_on_connection
    return connection._execute_clauseelement(
           ^^^^^^^^^^^^^^^^^^^^^^^^^^^^^^^^^^
  File "C:\ArrocesLlopis\backend\venv\Lib\site-packages\sqlalchemy\engine\base.py", line 1641, in _execute_clauseelement
    ret = self._execute_context(
          ^^^^^^^^^^^^^^^^^^^^^^
  File "C:\ArrocesLlopis\backend\venv\Lib\site-packages\sqlalchemy\engine\base.py", line 1846, in _execute_context
    return self._exec_single_context(
           ^^^^^^^^^^^^^^^^^^^^^^^^^^
  File "C:\ArrocesLlopis\backend\venv\Lib\site-packages\sqlalchemy\engine\base.py", line 1986, in _exec_single_context
    self._handle_dbapi_exception(
  File "C:\ArrocesLlopis\backend\venv\Lib\site-packages\sqlalchemy\engine\base.py", line 2363, in _handle_dbapi_exception
    raise sqlalchemy_exception.with_traceback(exc_info[2]) from e
  File "C:\ArrocesLlopis\backend\venv\Lib\site-packages\sqlalchemy\engine\base.py", line 1967, in _exec_single_context
    self.dialect.do_execute(
  File "C:\ArrocesLlopis\backend\venv\Lib\site-packages\sqlalchemy\engine\default.py", line 952, in do_execute
    cursor.execute(statement, parameters)
  File "C:\ArrocesLlopis\backend\venv\Lib\site-packages\mysql\connector\cursor_cext.py", line 353, in execute
    self._connection.cmd_query(
  File "C:\ArrocesLlopis\backend\venv\Lib\site-packages\mysql\connector\opentelemetry\context_propagation.py", line 97, in wrapper
    return method(cnx, *args, **kwargs)
           ^^^^^^^^^^^^^^^^^^^^^^^^^^^^
  File "C:\ArrocesLlopis\backend\venv\Lib\site-packages\mysql\connector\connection_cext.py", line 781, in cmd_query
    raise get_mysql_exception(
sqlalchemy.exc.ProgrammingError: (mysql.connector.errors.ProgrammingError) 1054 (42S22): Unknown column 'arroz_ingredientes.cantidad' in 'field list'
[SQL: SELECT arroz_ingredientes.id AS arroz_ingredientes_id, arroz_ingredientes.arroz_id AS arroz_ingredientes_arroz_id, arroz_ingredientes.ingrediente_id AS arroz_ingredientes_ingrediente_id, arroz_ingredientes.cantidad AS arroz_ingredientes_cantidad 
FROM arroz_ingredientes 
WHERE arroz_ingredientes.arroz_id = %(arroz_id_1)s]
[parameters: {'arroz_id_1': 2}]
(Background on this error at: https://sqlalche.me/e/20/f405)
2026-03-07 11:54:05,830 | INFO     | app | [GET] /api/v1/rices/2/recipe - Status: 500 - Duration: 0.015s - IP: 127.0.0.1 - User: test00@test.com
2026-03-07 11:54:06,080 | INFO     | app | [GET] /api/v1/ingredients - Status: 200 - Duration: 0.005s - IP: 127.0.0.1 - User: test00@test.com
2026-03-07 11:54:16,206 | INFO     | app | [OPTIONS] /api/v1/ingredients - Status: 200 - Duration: 0.0s - IP: 127.0.0.1 - User: Anonymous
2026-03-07 11:54:16,517 | INFO     | app | [OPTIONS] /api/v1/rices/10/recipe - Status: 200 - Duration: 0.0s - IP: 127.0.0.1 - User: Anonymous
2026-03-07 11:54:16,517 | INFO     | app | [OPTIONS] /api/v1/rices/10/recipe - Status: 200 - Duration: 0.0s - IP: 127.0.0.1 - User: Anonymous
2026-03-07 11:54:16,518 | INFO     | app | [OPTIONS] /api/v1/ingredients - Status: 200 - Duration: 0.0s - IP: 127.0.0.1 - User: Anonymous
2026-03-07 11:54:16,523 | INFO     | app | [GET] /api/v1/ingredients - Status: 200 - Duration: 0.005s - IP: 127.0.0.1 - User: test00@test.com
2026-03-07 11:54:16,836 | ERROR    | app | Error fetching recipe for rice 10: (mysql.connector.errors.ProgrammingError) 1054 (42S22): Unknown column 'arroz_ingredientes.cantidad' in 'field list'
[SQL: SELECT arroz_ingredientes.id AS arroz_ingredientes_id, arroz_ingredientes.arroz_id AS arroz_ingredientes_arroz_id, arroz_ingredientes.ingrediente_id AS arroz_ingredientes_ingrediente_id, arroz_ingredientes.cantidad AS arroz_ingredientes_cantidad 
FROM arroz_ingredientes 
WHERE arroz_ingredientes.arroz_id = %(arroz_id_1)s]
[parameters: {'arroz_id_1': 10}]
(Background on this error at: https://sqlalche.me/e/20/f405)
Traceback (most recent call last):
  File "C:\ArrocesLlopis\backend\venv\Lib\site-packages\mysql\connector\connection_cext.py", line 772, in cmd_query
    self._cmysql.query(
_mysql_connector.MySQLInterfaceError: Unknown column 'arroz_ingredientes.cantidad' in 'field list'

The above exception was the direct cause of the following exception:

Traceback (most recent call last):
  File "C:\ArrocesLlopis\backend\venv\Lib\site-packages\sqlalchemy\engine\base.py", line 1967, in _exec_single_context
    self.dialect.do_execute(
  File "C:\ArrocesLlopis\backend\venv\Lib\site-packages\sqlalchemy\engine\default.py", line 952, in do_execute
    cursor.execute(statement, parameters)
  File "C:\ArrocesLlopis\backend\venv\Lib\site-packages\mysql\connector\cursor_cext.py", line 353, in execute
    self._connection.cmd_query(
  File "C:\ArrocesLlopis\backend\venv\Lib\site-packages\mysql\connector\opentelemetry\context_propagation.py", line 97, in wrapper
    return method(cnx, *args, **kwargs)
           ^^^^^^^^^^^^^^^^^^^^^^^^^^^^
  File "C:\ArrocesLlopis\backend\venv\Lib\site-packages\mysql\connector\connection_cext.py", line 781, in cmd_query
    raise get_mysql_exception(
mysql.connector.errors.ProgrammingError: 1054 (42S22): Unknown column 'arroz_ingredientes.cantidad' in 'field list'

The above exception was the direct cause of the following exception:

Traceback (most recent call last):
  File "C:\ArrocesLlopis\backend\app\routes\ingredients.py", line 36, in get_rice_recipe
    recipe = ArrozIngrediente.query.filter_by(arroz_id=rice_id).all()
             ^^^^^^^^^^^^^^^^^^^^^^^^^^^^^^^^^^^^^^^^^^^^^^^^^^^^^^^^
  File "C:\ArrocesLlopis\backend\venv\Lib\site-packages\sqlalchemy\orm\query.py", line 2704, in all
    return self._iter().all()  # type: ignore
           ^^^^^^^^^^^^
  File "C:\ArrocesLlopis\backend\venv\Lib\site-packages\sqlalchemy\orm\query.py", line 2857, in _iter
    result: Union[ScalarResult[_T], Result[_T]] = self.session.execute(
                                                  ^^^^^^^^^^^^^^^^^^^^^
  File "C:\ArrocesLlopis\backend\venv\Lib\site-packages\sqlalchemy\orm\session.py", line 2351, in execute
    return self._execute_internal(
           ^^^^^^^^^^^^^^^^^^^^^^^
  File "C:\ArrocesLlopis\backend\venv\Lib\site-packages\sqlalchemy\orm\session.py", line 2249, in _execute_internal
    result: Result[Any] = compile_state_cls.orm_execute_statement(
                          ^^^^^^^^^^^^^^^^^^^^^^^^^^^^^^^^^^^^^^^^
  File "C:\ArrocesLlopis\backend\venv\Lib\site-packages\sqlalchemy\orm\context.py", line 306, in orm_execute_statement
    result = conn.execute(
             ^^^^^^^^^^^^^
  File "C:\ArrocesLlopis\backend\venv\Lib\site-packages\sqlalchemy\engine\base.py", line 1419, in execute
    return meth(
           ^^^^^
  File "C:\ArrocesLlopis\backend\venv\Lib\site-packages\sqlalchemy\sql\elements.py", line 527, in _execute_on_connection
    return connection._execute_clauseelement(
           ^^^^^^^^^^^^^^^^^^^^^^^^^^^^^^^^^^
  File "C:\ArrocesLlopis\backend\venv\Lib\site-packages\sqlalchemy\engine\base.py", line 1641, in _execute_clauseelement
    ret = self._execute_context(
          ^^^^^^^^^^^^^^^^^^^^^^
  File "C:\ArrocesLlopis\backend\venv\Lib\site-packages\sqlalchemy\engine\base.py", line 1846, in _execute_context
    return self._exec_single_context(
           ^^^^^^^^^^^^^^^^^^^^^^^^^^
  File "C:\ArrocesLlopis\backend\venv\Lib\site-packages\sqlalchemy\engine\base.py", line 1986, in _exec_single_context
    self._handle_dbapi_exception(
  File "C:\ArrocesLlopis\backend\venv\Lib\site-packages\sqlalchemy\engine\base.py", line 2363, in _handle_dbapi_exception
    raise sqlalchemy_exception.with_traceback(exc_info[2]) from e
  File "C:\ArrocesLlopis\backend\venv\Lib\site-packages\sqlalchemy\engine\base.py", line 1967, in _exec_single_context
    self.dialect.do_execute(
  File "C:\ArrocesLlopis\backend\venv\Lib\site-packages\sqlalchemy\engine\default.py", line 952, in do_execute
    cursor.execute(statement, parameters)
  File "C:\ArrocesLlopis\backend\venv\Lib\site-packages\mysql\connector\cursor_cext.py", line 353, in execute
    self._connection.cmd_query(
  File "C:\ArrocesLlopis\backend\venv\Lib\site-packages\mysql\connector\opentelemetry\context_propagation.py", line 97, in wrapper
    return method(cnx, *args, **kwargs)
           ^^^^^^^^^^^^^^^^^^^^^^^^^^^^
  File "C:\ArrocesLlopis\backend\venv\Lib\site-packages\mysql\connector\connection_cext.py", line 781, in cmd_query
    raise get_mysql_exception(
sqlalchemy.exc.ProgrammingError: (mysql.connector.errors.ProgrammingError) 1054 (42S22): Unknown column 'arroz_ingredientes.cantidad' in 'field list'
[SQL: SELECT arroz_ingredientes.id AS arroz_ingredientes_id, arroz_ingredientes.arroz_id AS arroz_ingredientes_arroz_id, arroz_ingredientes.ingrediente_id AS arroz_ingredientes_ingrediente_id, arroz_ingredientes.cantidad AS arroz_ingredientes_cantidad 
FROM arroz_ingredientes 
WHERE arroz_ingredientes.arroz_id = %(arroz_id_1)s]
[parameters: {'arroz_id_1': 10}]
(Background on this error at: https://sqlalche.me/e/20/f405)
2026-03-07 11:54:16,843 | INFO     | app | [GET] /api/v1/rices/10/recipe - Status: 500 - Duration: 0.016s - IP: 127.0.0.1 - User: test00@test.com
2026-03-07 11:54:16,846 | INFO     | app | [GET] /api/v1/ingredients - Status: 200 - Duration: 0.004s - IP: 127.0.0.1 - User: test00@test.com
2026-03-07 11:54:17,157 | ERROR    | app | Error fetching recipe for rice 10: (mysql.connector.errors.ProgrammingError) 1054 (42S22): Unknown column 'arroz_ingredientes.cantidad' in 'field list'
[SQL: SELECT arroz_ingredientes.id AS arroz_ingredientes_id, arroz_ingredientes.arroz_id AS arroz_ingredientes_arroz_id, arroz_ingredientes.ingrediente_id AS arroz_ingredientes_ingrediente_id, arroz_ingredientes.cantidad AS arroz_ingredientes_cantidad 
FROM arroz_ingredientes 
WHERE arroz_ingredientes.arroz_id = %(arroz_id_1)s]
[parameters: {'arroz_id_1': 10}]
(Background on this error at: https://sqlalche.me/e/20/f405)
Traceback (most recent call last):
  File "C:\ArrocesLlopis\backend\venv\Lib\site-packages\mysql\connector\connection_cext.py", line 772, in cmd_query
    self._cmysql.query(
_mysql_connector.MySQLInterfaceError: Unknown column 'arroz_ingredientes.cantidad' in 'field list'

The above exception was the direct cause of the following exception:

Traceback (most recent call last):
  File "C:\ArrocesLlopis\backend\venv\Lib\site-packages\sqlalchemy\engine\base.py", line 1967, in _exec_single_context
    self.dialect.do_execute(
  File "C:\ArrocesLlopis\backend\venv\Lib\site-packages\sqlalchemy\engine\default.py", line 952, in do_execute
    cursor.execute(statement, parameters)
  File "C:\ArrocesLlopis\backend\venv\Lib\site-packages\mysql\connector\cursor_cext.py", line 353, in execute
    self._connection.cmd_query(
  File "C:\ArrocesLlopis\backend\venv\Lib\site-packages\mysql\connector\opentelemetry\context_propagation.py", line 97, in wrapper
    return method(cnx, *args, **kwargs)
           ^^^^^^^^^^^^^^^^^^^^^^^^^^^^
  File "C:\ArrocesLlopis\backend\venv\Lib\site-packages\mysql\connector\connection_cext.py", line 781, in cmd_query
    raise get_mysql_exception(
mysql.connector.errors.ProgrammingError: 1054 (42S22): Unknown column 'arroz_ingredientes.cantidad' in 'field list'

The above exception was the direct cause of the following exception:

Traceback (most recent call last):
  File "C:\ArrocesLlopis\backend\app\routes\ingredients.py", line 36, in get_rice_recipe
    recipe = ArrozIngrediente.query.filter_by(arroz_id=rice_id).all()
             ^^^^^^^^^^^^^^^^^^^^^^^^^^^^^^^^^^^^^^^^^^^^^^^^^^^^^^^^
  File "C:\ArrocesLlopis\backend\venv\Lib\site-packages\sqlalchemy\orm\query.py", line 2704, in all
    return self._iter().all()  # type: ignore
           ^^^^^^^^^^^^
  File "C:\ArrocesLlopis\backend\venv\Lib\site-packages\sqlalchemy\orm\query.py", line 2857, in _iter
    result: Union[ScalarResult[_T], Result[_T]] = self.session.execute(
                                                  ^^^^^^^^^^^^^^^^^^^^^
  File "C:\ArrocesLlopis\backend\venv\Lib\site-packages\sqlalchemy\orm\session.py", line 2351, in execute
    return self._execute_internal(
           ^^^^^^^^^^^^^^^^^^^^^^^
  File "C:\ArrocesLlopis\backend\venv\Lib\site-packages\sqlalchemy\orm\session.py", line 2249, in _execute_internal
    result: Result[Any] = compile_state_cls.orm_execute_statement(
                          ^^^^^^^^^^^^^^^^^^^^^^^^^^^^^^^^^^^^^^^^
  File "C:\ArrocesLlopis\backend\venv\Lib\site-packages\sqlalchemy\orm\context.py", line 306, in orm_execute_statement
    result = conn.execute(
             ^^^^^^^^^^^^^
  File "C:\ArrocesLlopis\backend\venv\Lib\site-packages\sqlalchemy\engine\base.py", line 1419, in execute
    return meth(
           ^^^^^
  File "C:\ArrocesLlopis\backend\venv\Lib\site-packages\sqlalchemy\sql\elements.py", line 527, in _execute_on_connection
    return connection._execute_clauseelement(
           ^^^^^^^^^^^^^^^^^^^^^^^^^^^^^^^^^^
  File "C:\ArrocesLlopis\backend\venv\Lib\site-packages\sqlalchemy\engine\base.py", line 1641, in _execute_clauseelement
    ret = self._execute_context(
          ^^^^^^^^^^^^^^^^^^^^^^
  File "C:\ArrocesLlopis\backend\venv\Lib\site-packages\sqlalchemy\engine\base.py", line 1846, in _execute_context
    return self._exec_single_context(
           ^^^^^^^^^^^^^^^^^^^^^^^^^^
  File "C:\ArrocesLlopis\backend\venv\Lib\site-packages\sqlalchemy\engine\base.py", line 1986, in _exec_single_context
    self._handle_dbapi_exception(
  File "C:\ArrocesLlopis\backend\venv\Lib\site-packages\sqlalchemy\engine\base.py", line 2363, in _handle_dbapi_exception
    raise sqlalchemy_exception.with_traceback(exc_info[2]) from e
  File "C:\ArrocesLlopis\backend\venv\Lib\site-packages\sqlalchemy\engine\base.py", line 1967, in _exec_single_context
    self.dialect.do_execute(
  File "C:\ArrocesLlopis\backend\venv\Lib\site-packages\sqlalchemy\engine\default.py", line 952, in do_execute
    cursor.execute(statement, parameters)
  File "C:\ArrocesLlopis\backend\venv\Lib\site-packages\mysql\connector\cursor_cext.py", line 353, in execute
    self._connection.cmd_query(
  File "C:\ArrocesLlopis\backend\venv\Lib\site-packages\mysql\connector\opentelemetry\context_propagation.py", line 97, in wrapper
    return method(cnx, *args, **kwargs)
           ^^^^^^^^^^^^^^^^^^^^^^^^^^^^
  File "C:\ArrocesLlopis\backend\venv\Lib\site-packages\mysql\connector\connection_cext.py", line 781, in cmd_query
    raise get_mysql_exception(
sqlalchemy.exc.ProgrammingError: (mysql.connector.errors.ProgrammingError) 1054 (42S22): Unknown column 'arroz_ingredientes.cantidad' in 'field list'
[SQL: SELECT arroz_ingredientes.id AS arroz_ingredientes_id, arroz_ingredientes.arroz_id AS arroz_ingredientes_arroz_id, arroz_ingredientes.ingrediente_id AS arroz_ingredientes_ingrediente_id, arroz_ingredientes.cantidad AS arroz_ingredientes_cantidad 
FROM arroz_ingredientes 
WHERE arroz_ingredientes.arroz_id = %(arroz_id_1)s]
[parameters: {'arroz_id_1': 10}]
(Background on this error at: https://sqlalche.me/e/20/f405)
2026-03-07 11:54:17,159 | INFO     | app | [GET] /api/v1/rices/10/recipe - Status: 500 - Duration: 0.006s - IP: 127.0.0.1 - User: test00@test.com
2026-03-07 11:54:49,409 | INFO     | app | [OPTIONS] /api/v1/availability/check - Status: 200 - Duration: 0.0s - IP: 127.0.0.1 - User: Anonymous
2026-03-07 11:54:49,410 | INFO     | app | [OPTIONS] /api/v1/availability/check - Status: 200 - Duration: 0.0s - IP: 127.0.0.1 - User: Anonymous
2026-03-07 11:54:49,671 | INFO     | app | [OPTIONS] /api/v1/availability/check - Status: 200 - Duration: 0.0s - IP: 127.0.0.1 - User: Anonymous
2026-03-07 11:54:49,718 | INFO     | app | [OPTIONS] /api/v1/availability/check - Status: 200 - Duration: 0.0s - IP: 127.0.0.1 - User: Anonymous
2026-03-07 11:54:49,718 | INFO     | app | [OPTIONS] /api/v1/pedidos/calendar - Status: 200 - Duration: 0.0s - IP: 127.0.0.1 - User: Anonymous
2026-03-07 11:54:49,991 | INFO     | app | [GET] /api/v1/pedidos/calendar - Status: 200 - Duration: 0.008s - IP: 127.0.0.1 - User: test00@test.com
2026-03-07 11:54:50,024 | INFO     | app | [OPTIONS] /api/v1/pedidos/calendar - Status: 200 - Duration: 0.0s - IP: 127.0.0.1 - User: Anonymous
2026-03-07 11:54:50,041 | INFO     | app | [GET] /api/v1/pedidos/calendar - Status: 200 - Duration: 0.009s - IP: 127.0.0.1 - User: test00@test.com
2026-03-07 11:54:51,648 | INFO     | app | [OPTIONS] /api/v1/rices - Status: 200 - Duration: 0.0s - IP: 127.0.0.1 - User: Anonymous
2026-03-07 11:54:51,653 | INFO     | app | [OPTIONS] /api/v1/rices - Status: 200 - Duration: 0.0s - IP: 127.0.0.1 - User: Anonymous
2026-03-07 11:54:51,905 | INFO     | app | [GET] /api/v1/rices - Status: 200 - Duration: 0.005s - IP: 127.0.0.1 - User: test00@test.com
2026-03-07 11:54:51,965 | INFO     | app | [GET] /api/v1/rices - Status: 200 - Duration: 0.003s - IP: 127.0.0.1 - User: test00@test.com
2026-03-07 11:54:54,468 | INFO     | app | [OPTIONS] /api/v1/ingredients - Status: 200 - Duration: 0.0s - IP: 127.0.0.1 - User: Anonymous
2026-03-07 11:54:54,775 | INFO     | app | [OPTIONS] /api/v1/rices/4/recipe - Status: 200 - Duration: 0.0s - IP: 127.0.0.1 - User: Anonymous
2026-03-07 11:54:54,775 | INFO     | app | [OPTIONS] /api/v1/rices/4/recipe - Status: 200 - Duration: 0.0s - IP: 127.0.0.1 - User: Anonymous
2026-03-07 11:54:54,776 | INFO     | app | [OPTIONS] /api/v1/ingredients - Status: 200 - Duration: 0.0s - IP: 127.0.0.1 - User: Anonymous
2026-03-07 11:54:54,783 | INFO     | app | [GET] /api/v1/ingredients - Status: 200 - Duration: 0.007s - IP: 127.0.0.1 - User: test00@test.com
2026-03-07 11:54:55,095 | ERROR    | app | Error fetching recipe for rice 4: (mysql.connector.errors.ProgrammingError) 1054 (42S22): Unknown column 'arroz_ingredientes.cantidad' in 'field list'
[SQL: SELECT arroz_ingredientes.id AS arroz_ingredientes_id, arroz_ingredientes.arroz_id AS arroz_ingredientes_arroz_id, arroz_ingredientes.ingrediente_id AS arroz_ingredientes_ingrediente_id, arroz_ingredientes.cantidad AS arroz_ingredientes_cantidad 
FROM arroz_ingredientes 
WHERE arroz_ingredientes.arroz_id = %(arroz_id_1)s]
[parameters: {'arroz_id_1': 4}]
(Background on this error at: https://sqlalche.me/e/20/f405)
Traceback (most recent call last):
  File "C:\ArrocesLlopis\backend\venv\Lib\site-packages\mysql\connector\connection_cext.py", line 772, in cmd_query
    self._cmysql.query(
_mysql_connector.MySQLInterfaceError: Unknown column 'arroz_ingredientes.cantidad' in 'field list'

The above exception was the direct cause of the following exception:

Traceback (most recent call last):
  File "C:\ArrocesLlopis\backend\venv\Lib\site-packages\sqlalchemy\engine\base.py", line 1967, in _exec_single_context
    self.dialect.do_execute(
  File "C:\ArrocesLlopis\backend\venv\Lib\site-packages\sqlalchemy\engine\default.py", line 952, in do_execute
    cursor.execute(statement, parameters)
  File "C:\ArrocesLlopis\backend\venv\Lib\site-packages\mysql\connector\cursor_cext.py", line 353, in execute
    self._connection.cmd_query(
  File "C:\ArrocesLlopis\backend\venv\Lib\site-packages\mysql\connector\opentelemetry\context_propagation.py", line 97, in wrapper
    return method(cnx, *args, **kwargs)
           ^^^^^^^^^^^^^^^^^^^^^^^^^^^^
  File "C:\ArrocesLlopis\backend\venv\Lib\site-packages\mysql\connector\connection_cext.py", line 781, in cmd_query
    raise get_mysql_exception(
mysql.connector.errors.ProgrammingError: 1054 (42S22): Unknown column 'arroz_ingredientes.cantidad' in 'field list'

The above exception was the direct cause of the following exception:

Traceback (most recent call last):
  File "C:\ArrocesLlopis\backend\app\routes\ingredients.py", line 36, in get_rice_recipe
    recipe = ArrozIngrediente.query.filter_by(arroz_id=rice_id).all()
             ^^^^^^^^^^^^^^^^^^^^^^^^^^^^^^^^^^^^^^^^^^^^^^^^^^^^^^^^
  File "C:\ArrocesLlopis\backend\venv\Lib\site-packages\sqlalchemy\orm\query.py", line 2704, in all
    return self._iter().all()  # type: ignore
           ^^^^^^^^^^^^
  File "C:\ArrocesLlopis\backend\venv\Lib\site-packages\sqlalchemy\orm\query.py", line 2857, in _iter
    result: Union[ScalarResult[_T], Result[_T]] = self.session.execute(
                                                  ^^^^^^^^^^^^^^^^^^^^^
  File "C:\ArrocesLlopis\backend\venv\Lib\site-packages\sqlalchemy\orm\session.py", line 2351, in execute
    return self._execute_internal(
           ^^^^^^^^^^^^^^^^^^^^^^^
  File "C:\ArrocesLlopis\backend\venv\Lib\site-packages\sqlalchemy\orm\session.py", line 2249, in _execute_internal
    result: Result[Any] = compile_state_cls.orm_execute_statement(
                          ^^^^^^^^^^^^^^^^^^^^^^^^^^^^^^^^^^^^^^^^
  File "C:\ArrocesLlopis\backend\venv\Lib\site-packages\sqlalchemy\orm\context.py", line 306, in orm_execute_statement
    result = conn.execute(
             ^^^^^^^^^^^^^
  File "C:\ArrocesLlopis\backend\venv\Lib\site-packages\sqlalchemy\engine\base.py", line 1419, in execute
    return meth(
           ^^^^^
  File "C:\ArrocesLlopis\backend\venv\Lib\site-packages\sqlalchemy\sql\elements.py", line 527, in _execute_on_connection
    return connection._execute_clauseelement(
           ^^^^^^^^^^^^^^^^^^^^^^^^^^^^^^^^^^
  File "C:\ArrocesLlopis\backend\venv\Lib\site-packages\sqlalchemy\engine\base.py", line 1641, in _execute_clauseelement
    ret = self._execute_context(
          ^^^^^^^^^^^^^^^^^^^^^^
  File "C:\ArrocesLlopis\backend\venv\Lib\site-packages\sqlalchemy\engine\base.py", line 1846, in _execute_context
    return self._exec_single_context(
           ^^^^^^^^^^^^^^^^^^^^^^^^^^
  File "C:\ArrocesLlopis\backend\venv\Lib\site-packages\sqlalchemy\engine\base.py", line 1986, in _exec_single_context
    self._handle_dbapi_exception(
  File "C:\ArrocesLlopis\backend\venv\Lib\site-packages\sqlalchemy\engine\base.py", line 2363, in _handle_dbapi_exception
    raise sqlalchemy_exception.with_traceback(exc_info[2]) from e
  File "C:\ArrocesLlopis\backend\venv\Lib\site-packages\sqlalchemy\engine\base.py", line 1967, in _exec_single_context
    self.dialect.do_execute(
  File "C:\ArrocesLlopis\backend\venv\Lib\site-packages\sqlalchemy\engine\default.py", line 952, in do_execute
    cursor.execute(statement, parameters)
  File "C:\ArrocesLlopis\backend\venv\Lib\site-packages\mysql\connector\cursor_cext.py", line 353, in execute
    self._connection.cmd_query(
  File "C:\ArrocesLlopis\backend\venv\Lib\site-packages\mysql\connector\opentelemetry\context_propagation.py", line 97, in wrapper
    return method(cnx, *args, **kwargs)
           ^^^^^^^^^^^^^^^^^^^^^^^^^^^^
  File "C:\ArrocesLlopis\backend\venv\Lib\site-packages\mysql\connector\connection_cext.py", line 781, in cmd_query
    raise get_mysql_exception(
sqlalchemy.exc.ProgrammingError: (mysql.connector.errors.ProgrammingError) 1054 (42S22): Unknown column 'arroz_ingredientes.cantidad' in 'field list'
[SQL: SELECT arroz_ingredientes.id AS arroz_ingredientes_id, arroz_ingredientes.arroz_id AS arroz_ingredientes_arroz_id, arroz_ingredientes.ingrediente_id AS arroz_ingredientes_ingrediente_id, arroz_ingredientes.cantidad AS arroz_ingredientes_cantidad 
FROM arroz_ingredientes 
WHERE arroz_ingredientes.arroz_id = %(arroz_id_1)s]
[parameters: {'arroz_id_1': 4}]
(Background on this error at: https://sqlalche.me/e/20/f405)
2026-03-07 11:54:55,095 | ERROR    | app | Error fetching recipe for rice 4: (mysql.connector.errors.ProgrammingError) 1054 (42S22): Unknown column 'arroz_ingredientes.cantidad' in 'field list'
[SQL: SELECT arroz_ingredientes.id AS arroz_ingredientes_id, arroz_ingredientes.arroz_id AS arroz_ingredientes_arroz_id, arroz_ingredientes.ingrediente_id AS arroz_ingredientes_ingrediente_id, arroz_ingredientes.cantidad AS arroz_ingredientes_cantidad 
FROM arroz_ingredientes 
WHERE arroz_ingredientes.arroz_id = %(arroz_id_1)s]
[parameters: {'arroz_id_1': 4}]
(Background on this error at: https://sqlalche.me/e/20/f405)
Traceback (most recent call last):
  File "C:\ArrocesLlopis\backend\venv\Lib\site-packages\mysql\connector\connection_cext.py", line 772, in cmd_query
    self._cmysql.query(
_mysql_connector.MySQLInterfaceError: Unknown column 'arroz_ingredientes.cantidad' in 'field list'

The above exception was the direct cause of the following exception:

Traceback (most recent call last):
  File "C:\ArrocesLlopis\backend\venv\Lib\site-packages\sqlalchemy\engine\base.py", line 1967, in _exec_single_context
    self.dialect.do_execute(
  File "C:\ArrocesLlopis\backend\venv\Lib\site-packages\sqlalchemy\engine\default.py", line 952, in do_execute
    cursor.execute(statement, parameters)
  File "C:\ArrocesLlopis\backend\venv\Lib\site-packages\mysql\connector\cursor_cext.py", line 353, in execute
    self._connection.cmd_query(
  File "C:\ArrocesLlopis\backend\venv\Lib\site-packages\mysql\connector\opentelemetry\context_propagation.py", line 97, in wrapper
    return method(cnx, *args, **kwargs)
           ^^^^^^^^^^^^^^^^^^^^^^^^^^^^
  File "C:\ArrocesLlopis\backend\venv\Lib\site-packages\mysql\connector\connection_cext.py", line 781, in cmd_query
    raise get_mysql_exception(
mysql.connector.errors.ProgrammingError: 1054 (42S22): Unknown column 'arroz_ingredientes.cantidad' in 'field list'

The above exception was the direct cause of the following exception:

Traceback (most recent call last):
  File "C:\ArrocesLlopis\backend\app\routes\ingredients.py", line 36, in get_rice_recipe
    recipe = ArrozIngrediente.query.filter_by(arroz_id=rice_id).all()
             ^^^^^^^^^^^^^^^^^^^^^^^^^^^^^^^^^^^^^^^^^^^^^^^^^^^^^^^^
  File "C:\ArrocesLlopis\backend\venv\Lib\site-packages\sqlalchemy\orm\query.py", line 2704, in all
    return self._iter().all()  # type: ignore
           ^^^^^^^^^^^^
  File "C:\ArrocesLlopis\backend\venv\Lib\site-packages\sqlalchemy\orm\query.py", line 2857, in _iter
    result: Union[ScalarResult[_T], Result[_T]] = self.session.execute(
                                                  ^^^^^^^^^^^^^^^^^^^^^
  File "C:\ArrocesLlopis\backend\venv\Lib\site-packages\sqlalchemy\orm\session.py", line 2351, in execute
    return self._execute_internal(
           ^^^^^^^^^^^^^^^^^^^^^^^
  File "C:\ArrocesLlopis\backend\venv\Lib\site-packages\sqlalchemy\orm\session.py", line 2249, in _execute_internal
    result: Result[Any] = compile_state_cls.orm_execute_statement(
                          ^^^^^^^^^^^^^^^^^^^^^^^^^^^^^^^^^^^^^^^^
  File "C:\ArrocesLlopis\backend\venv\Lib\site-packages\sqlalchemy\orm\context.py", line 306, in orm_execute_statement
    result = conn.execute(
             ^^^^^^^^^^^^^
  File "C:\ArrocesLlopis\backend\venv\Lib\site-packages\sqlalchemy\engine\base.py", line 1419, in execute
    return meth(
           ^^^^^
  File "C:\ArrocesLlopis\backend\venv\Lib\site-packages\sqlalchemy\sql\elements.py", line 527, in _execute_on_connection
    return connection._execute_clauseelement(
           ^^^^^^^^^^^^^^^^^^^^^^^^^^^^^^^^^^
  File "C:\ArrocesLlopis\backend\venv\Lib\site-packages\sqlalchemy\engine\base.py", line 1641, in _execute_clauseelement
    ret = self._execute_context(
          ^^^^^^^^^^^^^^^^^^^^^^
  File "C:\ArrocesLlopis\backend\venv\Lib\site-packages\sqlalchemy\engine\base.py", line 1846, in _execute_context
    return self._exec_single_context(
           ^^^^^^^^^^^^^^^^^^^^^^^^^^
  File "C:\ArrocesLlopis\backend\venv\Lib\site-packages\sqlalchemy\engine\base.py", line 1986, in _exec_single_context
    self._handle_dbapi_exception(
  File "C:\ArrocesLlopis\backend\venv\Lib\site-packages\sqlalchemy\engine\base.py", line 2363, in _handle_dbapi_exception
    raise sqlalchemy_exception.with_traceback(exc_info[2]) from e
  File "C:\ArrocesLlopis\backend\venv\Lib\site-packages\sqlalchemy\engine\base.py", line 1967, in _exec_single_context
    self.dialect.do_execute(
  File "C:\ArrocesLlopis\backend\venv\Lib\site-packages\sqlalchemy\engine\default.py", line 952, in do_execute
    cursor.execute(statement, parameters)
  File "C:\ArrocesLlopis\backend\venv\Lib\site-packages\mysql\connector\cursor_cext.py", line 353, in execute
    self._connection.cmd_query(
  File "C:\ArrocesLlopis\backend\venv\Lib\site-packages\mysql\connector\opentelemetry\context_propagation.py", line 97, in wrapper
    return method(cnx, *args, **kwargs)
           ^^^^^^^^^^^^^^^^^^^^^^^^^^^^
  File "C:\ArrocesLlopis\backend\venv\Lib\site-packages\mysql\connector\connection_cext.py", line 781, in cmd_query
    raise get_mysql_exception(
sqlalchemy.exc.ProgrammingError: (mysql.connector.errors.ProgrammingError) 1054 (42S22): Unknown column 'arroz_ingredientes.cantidad' in 'field list'
[SQL: SELECT arroz_ingredientes.id AS arroz_ingredientes_id, arroz_ingredientes.arroz_id AS arroz_ingredientes_arroz_id, arroz_ingredientes.ingrediente_id AS arroz_ingredientes_ingrediente_id, arroz_ingredientes.cantidad AS arroz_ingredientes_cantidad 
FROM arroz_ingredientes 
WHERE arroz_ingredientes.arroz_id = %(arroz_id_1)s]
[parameters: {'arroz_id_1': 4}]
(Background on this error at: https://sqlalche.me/e/20/f405)
2026-03-07 11:54:55,097 | INFO     | app | [GET] /api/v1/rices/4/recipe - Status: 500 - Duration: 0.009s - IP: 127.0.0.1 - User: test00@test.com
2026-03-07 11:54:55,100 | INFO     | app | [GET] /api/v1/rices/4/recipe - Status: 500 - Duration: 0.012s - IP: 127.0.0.1 - User: test00@test.com
2026-03-07 11:54:55,102 | INFO     | app | [GET] /api/v1/ingredients - Status: 200 - Duration: 0.012s - IP: 127.0.0.1 - User: test00@test.com
2026-03-07 11:56:45,830 | INFO     | app | Logger initialized successfully at level INFO
2026-03-07 11:56:56,644 | INFO     | app | Logger initialized successfully at level INFO
2026-03-07 11:57:05,448 | INFO     | app | Logger initialized successfully at level INFO
2026-03-07 11:59:38,933 | INFO     | app | [OPTIONS] /api/v1/ingredients - Status: 200 - Duration: 0.0s - IP: 127.0.0.1 - User: Anonymous
2026-03-07 11:59:38,934 | INFO     | app | [OPTIONS] /api/v1/rices/6/recipe - Status: 200 - Duration: 0.0s - IP: 127.0.0.1 - User: Anonymous
2026-03-07 11:59:38,935 | INFO     | app | [OPTIONS] /api/v1/ingredients - Status: 200 - Duration: 0.0s - IP: 127.0.0.1 - User: Anonymous
2026-03-07 11:59:38,938 | INFO     | app | [OPTIONS] /api/v1/rices/6/recipe - Status: 200 - Duration: 0.0s - IP: 127.0.0.1 - User: Anonymous
2026-03-07 11:59:39,999 | ERROR    | app | Error fetching recipe for rice 6: (mysql.connector.errors.DatabaseError) 2059 (HY000): Authentication plugin 'mysql_native_password' cannot be loaded: it is already loaded
(Background on this error at: https://sqlalche.me/e/20/4xp6)
Traceback (most recent call last):
  File "C:\ArrocesLlopis\backend\venv\Lib\site-packages\mysql\connector\connection_cext.py", line 354, in _open_connection
    self._cmysql.connect(**cnx_kwargs)
_mysql_connector.MySQLInterfaceError: Authentication plugin 'mysql_native_password' cannot be loaded: it is already loaded

The above exception was the direct cause of the following exception:

Traceback (most recent call last):
  File "C:\ArrocesLlopis\backend\venv\Lib\site-packages\sqlalchemy\engine\base.py", line 143, in __init__
    self._dbapi_connection = engine.raw_connection()
                             ^^^^^^^^^^^^^^^^^^^^^^^
  File "C:\ArrocesLlopis\backend\venv\Lib\site-packages\sqlalchemy\engine\base.py", line 3317, in raw_connection
    return self.pool.connect()
           ^^^^^^^^^^^^^^^^^^^
  File "C:\ArrocesLlopis\backend\venv\Lib\site-packages\sqlalchemy\pool\base.py", line 448, in connect
    return _ConnectionFairy._checkout(self)
           ^^^^^^^^^^^^^^^^^^^^^^^^^^^^^^^^
  File "C:\ArrocesLlopis\backend\venv\Lib\site-packages\sqlalchemy\pool\base.py", line 1272, in _checkout
    fairy = _ConnectionRecord.checkout(pool)
            ^^^^^^^^^^^^^^^^^^^^^^^^^^^^^^^^
  File "C:\ArrocesLlopis\backend\venv\Lib\site-packages\sqlalchemy\pool\base.py", line 712, in checkout
    rec = pool._do_get()
          ^^^^^^^^^^^^^^
  File "C:\ArrocesLlopis\backend\venv\Lib\site-packages\sqlalchemy\pool\impl.py", line 177, in _do_get
    with util.safe_reraise():
         ^^^^^^^^^^^^^^^^^^^
  File "C:\ArrocesLlopis\backend\venv\Lib\site-packages\sqlalchemy\util\langhelpers.py", line 121, in __exit__
    raise exc_value.with_traceback(exc_tb)
  File "C:\ArrocesLlopis\backend\venv\Lib\site-packages\sqlalchemy\pool\impl.py", line 175, in _do_get
    return self._create_connection()
           ^^^^^^^^^^^^^^^^^^^^^^^^^
  File "C:\ArrocesLlopis\backend\venv\Lib\site-packages\sqlalchemy\pool\base.py", line 389, in _create_connection
    return _ConnectionRecord(self)
           ^^^^^^^^^^^^^^^^^^^^^^^
  File "C:\ArrocesLlopis\backend\venv\Lib\site-packages\sqlalchemy\pool\base.py", line 674, in __init__
    self.__connect()
  File "C:\ArrocesLlopis\backend\venv\Lib\site-packages\sqlalchemy\pool\base.py", line 900, in __connect
    with util.safe_reraise():
         ^^^^^^^^^^^^^^^^^^^
  File "C:\ArrocesLlopis\backend\venv\Lib\site-packages\sqlalchemy\util\langhelpers.py", line 121, in __exit__
    raise exc_value.with_traceback(exc_tb)
  File "C:\ArrocesLlopis\backend\venv\Lib\site-packages\sqlalchemy\pool\base.py", line 896, in __connect
    self.dbapi_connection = connection = pool._invoke_creator(self)
                                         ^^^^^^^^^^^^^^^^^^^^^^^^^^
  File "C:\ArrocesLlopis\backend\venv\Lib\site-packages\sqlalchemy\engine\create.py", line 667, in connect
    return dialect.connect(*cargs_tup, **cparams)
           ^^^^^^^^^^^^^^^^^^^^^^^^^^^^^^^^^^^^^^
  File "C:\ArrocesLlopis\backend\venv\Lib\site-packages\sqlalchemy\engine\default.py", line 630, in connect
    return self.loaded_dbapi.connect(*cargs, **cparams)  # type: ignore[no-any-return]  # NOQA: E501
           ^^^^^^^^^^^^^^^^^^^^^^^^^^^^^^^^^^^^^^^^^^^^
  File "C:\ArrocesLlopis\backend\venv\Lib\site-packages\mysql\connector\pooling.py", line 322, in connect
    return CMySQLConnection(*args, **kwargs)
           ^^^^^^^^^^^^^^^^^^^^^^^^^^^^^^^^^
  File "C:\ArrocesLlopis\backend\venv\Lib\site-packages\mysql\connector\connection_cext.py", line 142, in __init__
    self.connect(**kwargs)
  File "C:\ArrocesLlopis\backend\venv\Lib\site-packages\mysql\connector\abstracts.py", line 1604, in connect
    self._open_connection()
  File "C:\ArrocesLlopis\backend\venv\Lib\site-packages\mysql\connector\connection_cext.py", line 360, in _open_connection
    raise get_mysql_exception(
mysql.connector.errors.DatabaseError: 2059 (HY000): Authentication plugin 'mysql_native_password' cannot be loaded: it is already loaded

The above exception was the direct cause of the following exception:

Traceback (most recent call last):
  File "C:\ArrocesLlopis\backend\app\routes\ingredients.py", line 35, in get_rice_recipe
    rice = Arroz.query.get_or_404(rice_id)
           ^^^^^^^^^^^^^^^^^^^^^^^^^^^^^^^
  File "C:\ArrocesLlopis\backend\venv\Lib\site-packages\flask_sqlalchemy\query.py", line 30, in get_or_404
    rv = self.get(ident)
         ^^^^^^^^^^^^^^^
  File "<string>", line 2, in get
  File "C:\ArrocesLlopis\backend\venv\Lib\site-packages\sqlalchemy\util\deprecations.py", line 386, in warned
    return fn(*args, **kwargs)  # type: ignore[no-any-return]
           ^^^^^^^^^^^^^^^^^^^
  File "C:\ArrocesLlopis\backend\venv\Lib\site-packages\sqlalchemy\orm\query.py", line 1126, in get
    return self._get_impl(ident, loading.load_on_pk_identity)
           ^^^^^^^^^^^^^^^^^^^^^^^^^^^^^^^^^^^^^^^^^^^^^^^^^^
  File "C:\ArrocesLlopis\backend\venv\Lib\site-packages\sqlalchemy\orm\query.py", line 1135, in _get_impl
    return self.session._get_impl(
           ^^^^^^^^^^^^^^^^^^^^^^^
  File "C:\ArrocesLlopis\backend\venv\Lib\site-packages\sqlalchemy\orm\session.py", line 3859, in _get_impl
    return db_load_fn(
           ^^^^^^^^^^^
  File "C:\ArrocesLlopis\backend\venv\Lib\site-packages\sqlalchemy\orm\loading.py", line 695, in load_on_pk_identity
    session.execute(
  File "C:\ArrocesLlopis\backend\venv\Lib\site-packages\sqlalchemy\orm\session.py", line 2351, in execute
    return self._execute_internal(
           ^^^^^^^^^^^^^^^^^^^^^^^
  File "C:\ArrocesLlopis\backend\venv\Lib\site-packages\sqlalchemy\orm\session.py", line 2239, in _execute_internal
    conn = self._connection_for_bind(bind)
           ^^^^^^^^^^^^^^^^^^^^^^^^^^^^^^^
  File "C:\ArrocesLlopis\backend\venv\Lib\site-packages\sqlalchemy\orm\session.py", line 2108, in _connection_for_bind
    return trans._connection_for_bind(engine, execution_options)
           ^^^^^^^^^^^^^^^^^^^^^^^^^^^^^^^^^^^^^^^^^^^^^^^^^^^^^
  File "<string>", line 2, in _connection_for_bind
  File "C:\ArrocesLlopis\backend\venv\Lib\site-packages\sqlalchemy\orm\state_changes.py", line 137, in _go
    ret_value = fn(self, *arg, **kw)
                ^^^^^^^^^^^^^^^^^^^^
  File "C:\ArrocesLlopis\backend\venv\Lib\site-packages\sqlalchemy\orm\session.py", line 1187, in _connection_for_bind
    conn = bind.connect()
           ^^^^^^^^^^^^^^
  File "C:\ArrocesLlopis\backend\venv\Lib\site-packages\sqlalchemy\engine\base.py", line 3293, in connect
    return self._connection_cls(self)
           ^^^^^^^^^^^^^^^^^^^^^^^^^^
  File "C:\ArrocesLlopis\backend\venv\Lib\site-packages\sqlalchemy\engine\base.py", line 145, in __init__
    Connection._handle_dbapi_exception_noconnection(
  File "C:\ArrocesLlopis\backend\venv\Lib\site-packages\sqlalchemy\engine\base.py", line 2448, in _handle_dbapi_exception_noconnection
    raise sqlalchemy_exception.with_traceback(exc_info[2]) from e
  File "C:\ArrocesLlopis\backend\venv\Lib\site-packages\sqlalchemy\engine\base.py", line 143, in __init__
    self._dbapi_connection = engine.raw_connection()
                             ^^^^^^^^^^^^^^^^^^^^^^^
  File "C:\ArrocesLlopis\backend\venv\Lib\site-packages\sqlalchemy\engine\base.py", line 3317, in raw_connection
    return self.pool.connect()
           ^^^^^^^^^^^^^^^^^^^
  File "C:\ArrocesLlopis\backend\venv\Lib\site-packages\sqlalchemy\pool\base.py", line 448, in connect
    return _ConnectionFairy._checkout(self)
           ^^^^^^^^^^^^^^^^^^^^^^^^^^^^^^^^
  File "C:\ArrocesLlopis\backend\venv\Lib\site-packages\sqlalchemy\pool\base.py", line 1272, in _checkout
    fairy = _ConnectionRecord.checkout(pool)
            ^^^^^^^^^^^^^^^^^^^^^^^^^^^^^^^^
  File "C:\ArrocesLlopis\backend\venv\Lib\site-packages\sqlalchemy\pool\base.py", line 712, in checkout
    rec = pool._do_get()
          ^^^^^^^^^^^^^^
  File "C:\ArrocesLlopis\backend\venv\Lib\site-packages\sqlalchemy\pool\impl.py", line 177, in _do_get
    with util.safe_reraise():
         ^^^^^^^^^^^^^^^^^^^
  File "C:\ArrocesLlopis\backend\venv\Lib\site-packages\sqlalchemy\util\langhelpers.py", line 121, in __exit__
    raise exc_value.with_traceback(exc_tb)
  File "C:\ArrocesLlopis\backend\venv\Lib\site-packages\sqlalchemy\pool\impl.py", line 175, in _do_get
    return self._create_connection()
           ^^^^^^^^^^^^^^^^^^^^^^^^^
  File "C:\ArrocesLlopis\backend\venv\Lib\site-packages\sqlalchemy\pool\base.py", line 389, in _create_connection
    return _ConnectionRecord(self)
           ^^^^^^^^^^^^^^^^^^^^^^^
  File "C:\ArrocesLlopis\backend\venv\Lib\site-packages\sqlalchemy\pool\base.py", line 674, in __init__
    self.__connect()
  File "C:\ArrocesLlopis\backend\venv\Lib\site-packages\sqlalchemy\pool\base.py", line 900, in __connect
    with util.safe_reraise():
         ^^^^^^^^^^^^^^^^^^^
  File "C:\ArrocesLlopis\backend\venv\Lib\site-packages\sqlalchemy\util\langhelpers.py", line 121, in __exit__
    raise exc_value.with_traceback(exc_tb)
  File "C:\ArrocesLlopis\backend\venv\Lib\site-packages\sqlalchemy\pool\base.py", line 896, in __connect
    self.dbapi_connection = connection = pool._invoke_creator(self)
                                         ^^^^^^^^^^^^^^^^^^^^^^^^^^
  File "C:\ArrocesLlopis\backend\venv\Lib\site-packages\sqlalchemy\engine\create.py", line 667, in connect
    return dialect.connect(*cargs_tup, **cparams)
           ^^^^^^^^^^^^^^^^^^^^^^^^^^^^^^^^^^^^^^
  File "C:\ArrocesLlopis\backend\venv\Lib\site-packages\sqlalchemy\engine\default.py", line 630, in connect
    return self.loaded_dbapi.connect(*cargs, **cparams)  # type: ignore[no-any-return]  # NOQA: E501
           ^^^^^^^^^^^^^^^^^^^^^^^^^^^^^^^^^^^^^^^^^^^^
  File "C:\ArrocesLlopis\backend\venv\Lib\site-packages\mysql\connector\pooling.py", line 322, in connect
    return CMySQLConnection(*args, **kwargs)
           ^^^^^^^^^^^^^^^^^^^^^^^^^^^^^^^^^
  File "C:\ArrocesLlopis\backend\venv\Lib\site-packages\mysql\connector\connection_cext.py", line 142, in __init__
    self.connect(**kwargs)
  File "C:\ArrocesLlopis\backend\venv\Lib\site-packages\mysql\connector\abstracts.py", line 1604, in connect
    self._open_connection()
  File "C:\ArrocesLlopis\backend\venv\Lib\site-packages\mysql\connector\connection_cext.py", line 360, in _open_connection
    raise get_mysql_exception(
sqlalchemy.exc.DatabaseError: (mysql.connector.errors.DatabaseError) 2059 (HY000): Authentication plugin 'mysql_native_password' cannot be loaded: it is already loaded
(Background on this error at: https://sqlalche.me/e/20/4xp6)
2026-03-07 11:59:40,000 | ERROR    | app | Error fetching ingredients: (mysql.connector.errors.DatabaseError) 2059 (HY000): Authentication plugin 'mysql_native_password' cannot be loaded: it is already loaded
(Background on this error at: https://sqlalche.me/e/20/4xp6)
Traceback (most recent call last):
  File "C:\ArrocesLlopis\backend\venv\Lib\site-packages\mysql\connector\connection_cext.py", line 354, in _open_connection
    self._cmysql.connect(**cnx_kwargs)
_mysql_connector.MySQLInterfaceError: Authentication plugin 'mysql_native_password' cannot be loaded: it is already loaded

The above exception was the direct cause of the following exception:

Traceback (most recent call last):
  File "C:\ArrocesLlopis\backend\venv\Lib\site-packages\sqlalchemy\engine\base.py", line 143, in __init__
    self._dbapi_connection = engine.raw_connection()
                             ^^^^^^^^^^^^^^^^^^^^^^^
  File "C:\ArrocesLlopis\backend\venv\Lib\site-packages\sqlalchemy\engine\base.py", line 3317, in raw_connection
    return self.pool.connect()
           ^^^^^^^^^^^^^^^^^^^
  File "C:\ArrocesLlopis\backend\venv\Lib\site-packages\sqlalchemy\pool\base.py", line 448, in connect
    return _ConnectionFairy._checkout(self)
           ^^^^^^^^^^^^^^^^^^^^^^^^^^^^^^^^
  File "C:\ArrocesLlopis\backend\venv\Lib\site-packages\sqlalchemy\pool\base.py", line 1272, in _checkout
    fairy = _ConnectionRecord.checkout(pool)
            ^^^^^^^^^^^^^^^^^^^^^^^^^^^^^^^^
  File "C:\ArrocesLlopis\backend\venv\Lib\site-packages\sqlalchemy\pool\base.py", line 712, in checkout
    rec = pool._do_get()
          ^^^^^^^^^^^^^^
  File "C:\ArrocesLlopis\backend\venv\Lib\site-packages\sqlalchemy\pool\impl.py", line 177, in _do_get
    with util.safe_reraise():
         ^^^^^^^^^^^^^^^^^^^
  File "C:\ArrocesLlopis\backend\venv\Lib\site-packages\sqlalchemy\util\langhelpers.py", line 121, in __exit__
    raise exc_value.with_traceback(exc_tb)
  File "C:\ArrocesLlopis\backend\venv\Lib\site-packages\sqlalchemy\pool\impl.py", line 175, in _do_get
    return self._create_connection()
           ^^^^^^^^^^^^^^^^^^^^^^^^^
  File "C:\ArrocesLlopis\backend\venv\Lib\site-packages\sqlalchemy\pool\base.py", line 389, in _create_connection
    return _ConnectionRecord(self)
           ^^^^^^^^^^^^^^^^^^^^^^^
  File "C:\ArrocesLlopis\backend\venv\Lib\site-packages\sqlalchemy\pool\base.py", line 674, in __init__
    self.__connect()
  File "C:\ArrocesLlopis\backend\venv\Lib\site-packages\sqlalchemy\pool\base.py", line 900, in __connect
    with util.safe_reraise():
         ^^^^^^^^^^^^^^^^^^^
  File "C:\ArrocesLlopis\backend\venv\Lib\site-packages\sqlalchemy\util\langhelpers.py", line 121, in __exit__
    raise exc_value.with_traceback(exc_tb)
  File "C:\ArrocesLlopis\backend\venv\Lib\site-packages\sqlalchemy\pool\base.py", line 896, in __connect
    self.dbapi_connection = connection = pool._invoke_creator(self)
                                         ^^^^^^^^^^^^^^^^^^^^^^^^^^
  File "C:\ArrocesLlopis\backend\venv\Lib\site-packages\sqlalchemy\engine\create.py", line 667, in connect
    return dialect.connect(*cargs_tup, **cparams)
           ^^^^^^^^^^^^^^^^^^^^^^^^^^^^^^^^^^^^^^
  File "C:\ArrocesLlopis\backend\venv\Lib\site-packages\sqlalchemy\engine\default.py", line 630, in connect
    return self.loaded_dbapi.connect(*cargs, **cparams)  # type: ignore[no-any-return]  # NOQA: E501
           ^^^^^^^^^^^^^^^^^^^^^^^^^^^^^^^^^^^^^^^^^^^^
  File "C:\ArrocesLlopis\backend\venv\Lib\site-packages\mysql\connector\pooling.py", line 322, in connect
    return CMySQLConnection(*args, **kwargs)
           ^^^^^^^^^^^^^^^^^^^^^^^^^^^^^^^^^
  File "C:\ArrocesLlopis\backend\venv\Lib\site-packages\mysql\connector\connection_cext.py", line 142, in __init__
    self.connect(**kwargs)
  File "C:\ArrocesLlopis\backend\venv\Lib\site-packages\mysql\connector\abstracts.py", line 1604, in connect
    self._open_connection()
  File "C:\ArrocesLlopis\backend\venv\Lib\site-packages\mysql\connector\connection_cext.py", line 360, in _open_connection
    raise get_mysql_exception(
mysql.connector.errors.DatabaseError: 2059 (HY000): Authentication plugin 'mysql_native_password' cannot be loaded: it is already loaded

The above exception was the direct cause of the following exception:

Traceback (most recent call last):
  File "C:\ArrocesLlopis\backend\app\routes\ingredients.py", line 15, in get_ingredients
    ingredients = Ingrediente.query.order_by(Ingrediente.nombre).all()
                  ^^^^^^^^^^^^^^^^^^^^^^^^^^^^^^^^^^^^^^^^^^^^^^^^^^^^
  File "C:\ArrocesLlopis\backend\venv\Lib\site-packages\sqlalchemy\orm\query.py", line 2704, in all
    return self._iter().all()  # type: ignore
           ^^^^^^^^^^^^
  File "C:\ArrocesLlopis\backend\venv\Lib\site-packages\sqlalchemy\orm\query.py", line 2857, in _iter
    result: Union[ScalarResult[_T], Result[_T]] = self.session.execute(
                                                  ^^^^^^^^^^^^^^^^^^^^^
  File "C:\ArrocesLlopis\backend\venv\Lib\site-packages\sqlalchemy\orm\session.py", line 2351, in execute
    return self._execute_internal(
           ^^^^^^^^^^^^^^^^^^^^^^^
  File "C:\ArrocesLlopis\backend\venv\Lib\site-packages\sqlalchemy\orm\session.py", line 2239, in _execute_internal
    conn = self._connection_for_bind(bind)
           ^^^^^^^^^^^^^^^^^^^^^^^^^^^^^^^
  File "C:\ArrocesLlopis\backend\venv\Lib\site-packages\sqlalchemy\orm\session.py", line 2108, in _connection_for_bind
    return trans._connection_for_bind(engine, execution_options)
           ^^^^^^^^^^^^^^^^^^^^^^^^^^^^^^^^^^^^^^^^^^^^^^^^^^^^^
  File "<string>", line 2, in _connection_for_bind
  File "C:\ArrocesLlopis\backend\venv\Lib\site-packages\sqlalchemy\orm\state_changes.py", line 137, in _go
    ret_value = fn(self, *arg, **kw)
                ^^^^^^^^^^^^^^^^^^^^
  File "C:\ArrocesLlopis\backend\venv\Lib\site-packages\sqlalchemy\orm\session.py", line 1187, in _connection_for_bind
    conn = bind.connect()
           ^^^^^^^^^^^^^^
  File "C:\ArrocesLlopis\backend\venv\Lib\site-packages\sqlalchemy\engine\base.py", line 3293, in connect
    return self._connection_cls(self)
           ^^^^^^^^^^^^^^^^^^^^^^^^^^
  File "C:\ArrocesLlopis\backend\venv\Lib\site-packages\sqlalchemy\engine\base.py", line 145, in __init__
    Connection._handle_dbapi_exception_noconnection(
  File "C:\ArrocesLlopis\backend\venv\Lib\site-packages\sqlalchemy\engine\base.py", line 2448, in _handle_dbapi_exception_noconnection
    raise sqlalchemy_exception.with_traceback(exc_info[2]) from e
  File "C:\ArrocesLlopis\backend\venv\Lib\site-packages\sqlalchemy\engine\base.py", line 143, in __init__
    self._dbapi_connection = engine.raw_connection()
                             ^^^^^^^^^^^^^^^^^^^^^^^
  File "C:\ArrocesLlopis\backend\venv\Lib\site-packages\sqlalchemy\engine\base.py", line 3317, in raw_connection
    return self.pool.connect()
           ^^^^^^^^^^^^^^^^^^^
  File "C:\ArrocesLlopis\backend\venv\Lib\site-packages\sqlalchemy\pool\base.py", line 448, in connect
    return _ConnectionFairy._checkout(self)
           ^^^^^^^^^^^^^^^^^^^^^^^^^^^^^^^^
  File "C:\ArrocesLlopis\backend\venv\Lib\site-packages\sqlalchemy\pool\base.py", line 1272, in _checkout
    fairy = _ConnectionRecord.checkout(pool)
            ^^^^^^^^^^^^^^^^^^^^^^^^^^^^^^^^
  File "C:\ArrocesLlopis\backend\venv\Lib\site-packages\sqlalchemy\pool\base.py", line 712, in checkout
    rec = pool._do_get()
          ^^^^^^^^^^^^^^
  File "C:\ArrocesLlopis\backend\venv\Lib\site-packages\sqlalchemy\pool\impl.py", line 177, in _do_get
    with util.safe_reraise():
         ^^^^^^^^^^^^^^^^^^^
  File "C:\ArrocesLlopis\backend\venv\Lib\site-packages\sqlalchemy\util\langhelpers.py", line 121, in __exit__
    raise exc_value.with_traceback(exc_tb)
  File "C:\ArrocesLlopis\backend\venv\Lib\site-packages\sqlalchemy\pool\impl.py", line 175, in _do_get
    return self._create_connection()
           ^^^^^^^^^^^^^^^^^^^^^^^^^
  File "C:\ArrocesLlopis\backend\venv\Lib\site-packages\sqlalchemy\pool\base.py", line 389, in _create_connection
    return _ConnectionRecord(self)
           ^^^^^^^^^^^^^^^^^^^^^^^
  File "C:\ArrocesLlopis\backend\venv\Lib\site-packages\sqlalchemy\pool\base.py", line 674, in __init__
    self.__connect()
  File "C:\ArrocesLlopis\backend\venv\Lib\site-packages\sqlalchemy\pool\base.py", line 900, in __connect
    with util.safe_reraise():
         ^^^^^^^^^^^^^^^^^^^
  File "C:\ArrocesLlopis\backend\venv\Lib\site-packages\sqlalchemy\util\langhelpers.py", line 121, in __exit__
    raise exc_value.with_traceback(exc_tb)
  File "C:\ArrocesLlopis\backend\venv\Lib\site-packages\sqlalchemy\pool\base.py", line 896, in __connect
    self.dbapi_connection = connection = pool._invoke_creator(self)
                                         ^^^^^^^^^^^^^^^^^^^^^^^^^^
  File "C:\ArrocesLlopis\backend\venv\Lib\site-packages\sqlalchemy\engine\create.py", line 667, in connect
    return dialect.connect(*cargs_tup, **cparams)
           ^^^^^^^^^^^^^^^^^^^^^^^^^^^^^^^^^^^^^^
  File "C:\ArrocesLlopis\backend\venv\Lib\site-packages\sqlalchemy\engine\default.py", line 630, in connect
    return self.loaded_dbapi.connect(*cargs, **cparams)  # type: ignore[no-any-return]  # NOQA: E501
           ^^^^^^^^^^^^^^^^^^^^^^^^^^^^^^^^^^^^^^^^^^^^
  File "C:\ArrocesLlopis\backend\venv\Lib\site-packages\mysql\connector\pooling.py", line 322, in connect
    return CMySQLConnection(*args, **kwargs)
           ^^^^^^^^^^^^^^^^^^^^^^^^^^^^^^^^^
  File "C:\ArrocesLlopis\backend\venv\Lib\site-packages\mysql\connector\connection_cext.py", line 142, in __init__
    self.connect(**kwargs)
  File "C:\ArrocesLlopis\backend\venv\Lib\site-packages\mysql\connector\abstracts.py", line 1604, in connect
    self._open_connection()
  File "C:\ArrocesLlopis\backend\venv\Lib\site-packages\mysql\connector\connection_cext.py", line 360, in _open_connection
    raise get_mysql_exception(
sqlalchemy.exc.DatabaseError: (mysql.connector.errors.DatabaseError) 2059 (HY000): Authentication plugin 'mysql_native_password' cannot be loaded: it is already loaded
(Background on this error at: https://sqlalche.me/e/20/4xp6)
2026-03-07 11:59:40,000 | ERROR    | app | Error fetching ingredients: (mysql.connector.errors.DatabaseError) 2059 (HY000): Authentication plugin 'mysql_native_password' cannot be loaded: it is already loaded
(Background on this error at: https://sqlalche.me/e/20/4xp6)
Traceback (most recent call last):
  File "C:\ArrocesLlopis\backend\venv\Lib\site-packages\mysql\connector\connection_cext.py", line 354, in _open_connection
    self._cmysql.connect(**cnx_kwargs)
_mysql_connector.MySQLInterfaceError: Authentication plugin 'mysql_native_password' cannot be loaded: it is already loaded

The above exception was the direct cause of the following exception:

Traceback (most recent call last):
  File "C:\ArrocesLlopis\backend\venv\Lib\site-packages\sqlalchemy\engine\base.py", line 143, in __init__
    self._dbapi_connection = engine.raw_connection()
                             ^^^^^^^^^^^^^^^^^^^^^^^
  File "C:\ArrocesLlopis\backend\venv\Lib\site-packages\sqlalchemy\engine\base.py", line 3317, in raw_connection
    return self.pool.connect()
           ^^^^^^^^^^^^^^^^^^^
  File "C:\ArrocesLlopis\backend\venv\Lib\site-packages\sqlalchemy\pool\base.py", line 448, in connect
    return _ConnectionFairy._checkout(self)
           ^^^^^^^^^^^^^^^^^^^^^^^^^^^^^^^^
  File "C:\ArrocesLlopis\backend\venv\Lib\site-packages\sqlalchemy\pool\base.py", line 1272, in _checkout
    fairy = _ConnectionRecord.checkout(pool)
            ^^^^^^^^^^^^^^^^^^^^^^^^^^^^^^^^
  File "C:\ArrocesLlopis\backend\venv\Lib\site-packages\sqlalchemy\pool\base.py", line 712, in checkout
    rec = pool._do_get()
          ^^^^^^^^^^^^^^
  File "C:\ArrocesLlopis\backend\venv\Lib\site-packages\sqlalchemy\pool\impl.py", line 177, in _do_get
    with util.safe_reraise():
         ^^^^^^^^^^^^^^^^^^^
  File "C:\ArrocesLlopis\backend\venv\Lib\site-packages\sqlalchemy\util\langhelpers.py", line 121, in __exit__
    raise exc_value.with_traceback(exc_tb)
  File "C:\ArrocesLlopis\backend\venv\Lib\site-packages\sqlalchemy\pool\impl.py", line 175, in _do_get
    return self._create_connection()
           ^^^^^^^^^^^^^^^^^^^^^^^^^
  File "C:\ArrocesLlopis\backend\venv\Lib\site-packages\sqlalchemy\pool\base.py", line 389, in _create_connection
    return _ConnectionRecord(self)
           ^^^^^^^^^^^^^^^^^^^^^^^
  File "C:\ArrocesLlopis\backend\venv\Lib\site-packages\sqlalchemy\pool\base.py", line 674, in __init__
    self.__connect()
  File "C:\ArrocesLlopis\backend\venv\Lib\site-packages\sqlalchemy\pool\base.py", line 900, in __connect
    with util.safe_reraise():
         ^^^^^^^^^^^^^^^^^^^
  File "C:\ArrocesLlopis\backend\venv\Lib\site-packages\sqlalchemy\util\langhelpers.py", line 121, in __exit__
    raise exc_value.with_traceback(exc_tb)
  File "C:\ArrocesLlopis\backend\venv\Lib\site-packages\sqlalchemy\pool\base.py", line 896, in __connect
    self.dbapi_connection = connection = pool._invoke_creator(self)
                                         ^^^^^^^^^^^^^^^^^^^^^^^^^^
  File "C:\ArrocesLlopis\backend\venv\Lib\site-packages\sqlalchemy\engine\create.py", line 667, in connect
    return dialect.connect(*cargs_tup, **cparams)
           ^^^^^^^^^^^^^^^^^^^^^^^^^^^^^^^^^^^^^^
  File "C:\ArrocesLlopis\backend\venv\Lib\site-packages\sqlalchemy\engine\default.py", line 630, in connect
    return self.loaded_dbapi.connect(*cargs, **cparams)  # type: ignore[no-any-return]  # NOQA: E501
           ^^^^^^^^^^^^^^^^^^^^^^^^^^^^^^^^^^^^^^^^^^^^
  File "C:\ArrocesLlopis\backend\venv\Lib\site-packages\mysql\connector\pooling.py", line 322, in connect
    return CMySQLConnection(*args, **kwargs)
           ^^^^^^^^^^^^^^^^^^^^^^^^^^^^^^^^^
  File "C:\ArrocesLlopis\backend\venv\Lib\site-packages\mysql\connector\connection_cext.py", line 142, in __init__
    self.connect(**kwargs)
  File "C:\ArrocesLlopis\backend\venv\Lib\site-packages\mysql\connector\abstracts.py", line 1604, in connect
    self._open_connection()
  File "C:\ArrocesLlopis\backend\venv\Lib\site-packages\mysql\connector\connection_cext.py", line 360, in _open_connection
    raise get_mysql_exception(
mysql.connector.errors.DatabaseError: 2059 (HY000): Authentication plugin 'mysql_native_password' cannot be loaded: it is already loaded

The above exception was the direct cause of the following exception:

Traceback (most recent call last):
  File "C:\ArrocesLlopis\backend\app\routes\ingredients.py", line 15, in get_ingredients
    ingredients = Ingrediente.query.order_by(Ingrediente.nombre).all()
                  ^^^^^^^^^^^^^^^^^^^^^^^^^^^^^^^^^^^^^^^^^^^^^^^^^^^^
  File "C:\ArrocesLlopis\backend\venv\Lib\site-packages\sqlalchemy\orm\query.py", line 2704, in all
    return self._iter().all()  # type: ignore
           ^^^^^^^^^^^^
  File "C:\ArrocesLlopis\backend\venv\Lib\site-packages\sqlalchemy\orm\query.py", line 2857, in _iter
    result: Union[ScalarResult[_T], Result[_T]] = self.session.execute(
                                                  ^^^^^^^^^^^^^^^^^^^^^
  File "C:\ArrocesLlopis\backend\venv\Lib\site-packages\sqlalchemy\orm\session.py", line 2351, in execute
    return self._execute_internal(
           ^^^^^^^^^^^^^^^^^^^^^^^
  File "C:\ArrocesLlopis\backend\venv\Lib\site-packages\sqlalchemy\orm\session.py", line 2239, in _execute_internal
    conn = self._connection_for_bind(bind)
           ^^^^^^^^^^^^^^^^^^^^^^^^^^^^^^^
  File "C:\ArrocesLlopis\backend\venv\Lib\site-packages\sqlalchemy\orm\session.py", line 2108, in _connection_for_bind
    return trans._connection_for_bind(engine, execution_options)
           ^^^^^^^^^^^^^^^^^^^^^^^^^^^^^^^^^^^^^^^^^^^^^^^^^^^^^
  File "<string>", line 2, in _connection_for_bind
  File "C:\ArrocesLlopis\backend\venv\Lib\site-packages\sqlalchemy\orm\state_changes.py", line 137, in _go
    ret_value = fn(self, *arg, **kw)
                ^^^^^^^^^^^^^^^^^^^^
  File "C:\ArrocesLlopis\backend\venv\Lib\site-packages\sqlalchemy\orm\session.py", line 1187, in _connection_for_bind
    conn = bind.connect()
           ^^^^^^^^^^^^^^
  File "C:\ArrocesLlopis\backend\venv\Lib\site-packages\sqlalchemy\engine\base.py", line 3293, in connect
    return self._connection_cls(self)
           ^^^^^^^^^^^^^^^^^^^^^^^^^^
  File "C:\ArrocesLlopis\backend\venv\Lib\site-packages\sqlalchemy\engine\base.py", line 145, in __init__
    Connection._handle_dbapi_exception_noconnection(
  File "C:\ArrocesLlopis\backend\venv\Lib\site-packages\sqlalchemy\engine\base.py", line 2448, in _handle_dbapi_exception_noconnection
    raise sqlalchemy_exception.with_traceback(exc_info[2]) from e
  File "C:\ArrocesLlopis\backend\venv\Lib\site-packages\sqlalchemy\engine\base.py", line 143, in __init__
    self._dbapi_connection = engine.raw_connection()
                             ^^^^^^^^^^^^^^^^^^^^^^^
  File "C:\ArrocesLlopis\backend\venv\Lib\site-packages\sqlalchemy\engine\base.py", line 3317, in raw_connection
    return self.pool.connect()
           ^^^^^^^^^^^^^^^^^^^
  File "C:\ArrocesLlopis\backend\venv\Lib\site-packages\sqlalchemy\pool\base.py", line 448, in connect
    return _ConnectionFairy._checkout(self)
           ^^^^^^^^^^^^^^^^^^^^^^^^^^^^^^^^
  File "C:\ArrocesLlopis\backend\venv\Lib\site-packages\sqlalchemy\pool\base.py", line 1272, in _checkout
    fairy = _ConnectionRecord.checkout(pool)
            ^^^^^^^^^^^^^^^^^^^^^^^^^^^^^^^^
  File "C:\ArrocesLlopis\backend\venv\Lib\site-packages\sqlalchemy\pool\base.py", line 712, in checkout
    rec = pool._do_get()
          ^^^^^^^^^^^^^^
  File "C:\ArrocesLlopis\backend\venv\Lib\site-packages\sqlalchemy\pool\impl.py", line 177, in _do_get
    with util.safe_reraise():
         ^^^^^^^^^^^^^^^^^^^
  File "C:\ArrocesLlopis\backend\venv\Lib\site-packages\sqlalchemy\util\langhelpers.py", line 121, in __exit__
    raise exc_value.with_traceback(exc_tb)
  File "C:\ArrocesLlopis\backend\venv\Lib\site-packages\sqlalchemy\pool\impl.py", line 175, in _do_get
    return self._create_connection()
           ^^^^^^^^^^^^^^^^^^^^^^^^^
  File "C:\ArrocesLlopis\backend\venv\Lib\site-packages\sqlalchemy\pool\base.py", line 389, in _create_connection
    return _ConnectionRecord(self)
           ^^^^^^^^^^^^^^^^^^^^^^^
  File "C:\ArrocesLlopis\backend\venv\Lib\site-packages\sqlalchemy\pool\base.py", line 674, in __init__
    self.__connect()
  File "C:\ArrocesLlopis\backend\venv\Lib\site-packages\sqlalchemy\pool\base.py", line 900, in __connect
    with util.safe_reraise():
         ^^^^^^^^^^^^^^^^^^^
  File "C:\ArrocesLlopis\backend\venv\Lib\site-packages\sqlalchemy\util\langhelpers.py", line 121, in __exit__
    raise exc_value.with_traceback(exc_tb)
  File "C:\ArrocesLlopis\backend\venv\Lib\site-packages\sqlalchemy\pool\base.py", line 896, in __connect
    self.dbapi_connection = connection = pool._invoke_creator(self)
                                         ^^^^^^^^^^^^^^^^^^^^^^^^^^
  File "C:\ArrocesLlopis\backend\venv\Lib\site-packages\sqlalchemy\engine\create.py", line 667, in connect
    return dialect.connect(*cargs_tup, **cparams)
           ^^^^^^^^^^^^^^^^^^^^^^^^^^^^^^^^^^^^^^
  File "C:\ArrocesLlopis\backend\venv\Lib\site-packages\sqlalchemy\engine\default.py", line 630, in connect
    return self.loaded_dbapi.connect(*cargs, **cparams)  # type: ignore[no-any-return]  # NOQA: E501
           ^^^^^^^^^^^^^^^^^^^^^^^^^^^^^^^^^^^^^^^^^^^^
  File "C:\ArrocesLlopis\backend\venv\Lib\site-packages\mysql\connector\pooling.py", line 322, in connect
    return CMySQLConnection(*args, **kwargs)
           ^^^^^^^^^^^^^^^^^^^^^^^^^^^^^^^^^
  File "C:\ArrocesLlopis\backend\venv\Lib\site-packages\mysql\connector\connection_cext.py", line 142, in __init__
    self.connect(**kwargs)
  File "C:\ArrocesLlopis\backend\venv\Lib\site-packages\mysql\connector\abstracts.py", line 1604, in connect
    self._open_connection()
  File "C:\ArrocesLlopis\backend\venv\Lib\site-packages\mysql\connector\connection_cext.py", line 360, in _open_connection
    raise get_mysql_exception(
sqlalchemy.exc.DatabaseError: (mysql.connector.errors.DatabaseError) 2059 (HY000): Authentication plugin 'mysql_native_password' cannot be loaded: it is already loaded
(Background on this error at: https://sqlalche.me/e/20/4xp6)
2026-03-07 11:59:40,012 | INFO     | app | [GET] /api/v1/rices/6/recipe - Status: 200 - Duration: 0.767s - IP: 127.0.0.1 - User: test00@test.com
2026-03-07 11:59:40,023 | INFO     | app | [GET] /api/v1/rices/6/recipe - Status: 500 - Duration: 0.776s - IP: 127.0.0.1 - User: test00@test.com
2026-03-07 11:59:40,028 | INFO     | app | [GET] /api/v1/ingredients - Status: 500 - Duration: 0.782s - IP: 127.0.0.1 - User: test00@test.com
2026-03-07 11:59:40,033 | INFO     | app | [GET] /api/v1/ingredients - Status: 500 - Duration: 0.837s - IP: 127.0.0.1 - User: test00@test.com
2026-03-07 12:01:57,990 | INFO     | app | Logger initialized successfully at level INFO
2026-03-07 12:01:58,879 | INFO     | app | Logger initialized successfully at level INFO
2026-03-07 12:02:24,665 | INFO     | app | [OPTIONS] /api/v1/ingredients - Status: 200 - Duration: 0.0s - IP: 127.0.0.1 - User: Anonymous
2026-03-07 12:02:24,667 | INFO     | app | [OPTIONS] /api/v1/rices/7/recipe - Status: 200 - Duration: 0.0s - IP: 127.0.0.1 - User: Anonymous
2026-03-07 12:02:24,670 | INFO     | app | [OPTIONS] /api/v1/ingredients - Status: 200 - Duration: 0.0s - IP: 127.0.0.1 - User: Anonymous
2026-03-07 12:02:24,672 | INFO     | app | [OPTIONS] /api/v1/rices/7/recipe - Status: 200 - Duration: 0.0s - IP: 127.0.0.1 - User: Anonymous
2026-03-07 12:02:25,681 | ERROR    | app | Error fetching ingredients: (mysql.connector.errors.DatabaseError) 2059 (HY000): Authentication plugin 'mysql_native_password' cannot be loaded: it is already loaded
(Background on this error at: https://sqlalche.me/e/20/4xp6)
Traceback (most recent call last):
  File "C:\ArrocesLlopis\backend\venv\Lib\site-packages\mysql\connector\connection_cext.py", line 354, in _open_connection
    self._cmysql.connect(**cnx_kwargs)
_mysql_connector.MySQLInterfaceError: Authentication plugin 'mysql_native_password' cannot be loaded: it is already loaded

The above exception was the direct cause of the following exception:

Traceback (most recent call last):
  File "C:\ArrocesLlopis\backend\venv\Lib\site-packages\sqlalchemy\engine\base.py", line 143, in __init__
    self._dbapi_connection = engine.raw_connection()
                             ^^^^^^^^^^^^^^^^^^^^^^^
  File "C:\ArrocesLlopis\backend\venv\Lib\site-packages\sqlalchemy\engine\base.py", line 3317, in raw_connection
    return self.pool.connect()
           ^^^^^^^^^^^^^^^^^^^
  File "C:\ArrocesLlopis\backend\venv\Lib\site-packages\sqlalchemy\pool\base.py", line 448, in connect
    return _ConnectionFairy._checkout(self)
           ^^^^^^^^^^^^^^^^^^^^^^^^^^^^^^^^
  File "C:\ArrocesLlopis\backend\venv\Lib\site-packages\sqlalchemy\pool\base.py", line 1272, in _checkout
    fairy = _ConnectionRecord.checkout(pool)
            ^^^^^^^^^^^^^^^^^^^^^^^^^^^^^^^^
  File "C:\ArrocesLlopis\backend\venv\Lib\site-packages\sqlalchemy\pool\base.py", line 712, in checkout
    rec = pool._do_get()
          ^^^^^^^^^^^^^^
  File "C:\ArrocesLlopis\backend\venv\Lib\site-packages\sqlalchemy\pool\impl.py", line 177, in _do_get
    with util.safe_reraise():
         ^^^^^^^^^^^^^^^^^^^
  File "C:\ArrocesLlopis\backend\venv\Lib\site-packages\sqlalchemy\util\langhelpers.py", line 121, in __exit__
    raise exc_value.with_traceback(exc_tb)
  File "C:\ArrocesLlopis\backend\venv\Lib\site-packages\sqlalchemy\pool\impl.py", line 175, in _do_get
    return self._create_connection()
           ^^^^^^^^^^^^^^^^^^^^^^^^^
  File "C:\ArrocesLlopis\backend\venv\Lib\site-packages\sqlalchemy\pool\base.py", line 389, in _create_connection
    return _ConnectionRecord(self)
           ^^^^^^^^^^^^^^^^^^^^^^^
  File "C:\ArrocesLlopis\backend\venv\Lib\site-packages\sqlalchemy\pool\base.py", line 674, in __init__
    self.__connect()
  File "C:\ArrocesLlopis\backend\venv\Lib\site-packages\sqlalchemy\pool\base.py", line 900, in __connect
    with util.safe_reraise():
         ^^^^^^^^^^^^^^^^^^^
  File "C:\ArrocesLlopis\backend\venv\Lib\site-packages\sqlalchemy\util\langhelpers.py", line 121, in __exit__
    raise exc_value.with_traceback(exc_tb)
  File "C:\ArrocesLlopis\backend\venv\Lib\site-packages\sqlalchemy\pool\base.py", line 896, in __connect
    self.dbapi_connection = connection = pool._invoke_creator(self)
                                         ^^^^^^^^^^^^^^^^^^^^^^^^^^
  File "C:\ArrocesLlopis\backend\venv\Lib\site-packages\sqlalchemy\engine\create.py", line 667, in connect
    return dialect.connect(*cargs_tup, **cparams)
           ^^^^^^^^^^^^^^^^^^^^^^^^^^^^^^^^^^^^^^
  File "C:\ArrocesLlopis\backend\venv\Lib\site-packages\sqlalchemy\engine\default.py", line 630, in connect
    return self.loaded_dbapi.connect(*cargs, **cparams)  # type: ignore[no-any-return]  # NOQA: E501
           ^^^^^^^^^^^^^^^^^^^^^^^^^^^^^^^^^^^^^^^^^^^^
  File "C:\ArrocesLlopis\backend\venv\Lib\site-packages\mysql\connector\pooling.py", line 322, in connect
    return CMySQLConnection(*args, **kwargs)
           ^^^^^^^^^^^^^^^^^^^^^^^^^^^^^^^^^
  File "C:\ArrocesLlopis\backend\venv\Lib\site-packages\mysql\connector\connection_cext.py", line 142, in __init__
    self.connect(**kwargs)
  File "C:\ArrocesLlopis\backend\venv\Lib\site-packages\mysql\connector\abstracts.py", line 1604, in connect
    self._open_connection()
  File "C:\ArrocesLlopis\backend\venv\Lib\site-packages\mysql\connector\connection_cext.py", line 360, in _open_connection
    raise get_mysql_exception(
mysql.connector.errors.DatabaseError: 2059 (HY000): Authentication plugin 'mysql_native_password' cannot be loaded: it is already loaded

The above exception was the direct cause of the following exception:

Traceback (most recent call last):
  File "C:\ArrocesLlopis\backend\app\routes\ingredients.py", line 15, in get_ingredients
    ingredients = Ingrediente.query.order_by(Ingrediente.nombre).all()
                  ^^^^^^^^^^^^^^^^^^^^^^^^^^^^^^^^^^^^^^^^^^^^^^^^^^^^
  File "C:\ArrocesLlopis\backend\venv\Lib\site-packages\sqlalchemy\orm\query.py", line 2704, in all
    return self._iter().all()  # type: ignore
           ^^^^^^^^^^^^
  File "C:\ArrocesLlopis\backend\venv\Lib\site-packages\sqlalchemy\orm\query.py", line 2857, in _iter
    result: Union[ScalarResult[_T], Result[_T]] = self.session.execute(
                                                  ^^^^^^^^^^^^^^^^^^^^^
  File "C:\ArrocesLlopis\backend\venv\Lib\site-packages\sqlalchemy\orm\session.py", line 2351, in execute
    return self._execute_internal(
           ^^^^^^^^^^^^^^^^^^^^^^^
  File "C:\ArrocesLlopis\backend\venv\Lib\site-packages\sqlalchemy\orm\session.py", line 2239, in _execute_internal
    conn = self._connection_for_bind(bind)
           ^^^^^^^^^^^^^^^^^^^^^^^^^^^^^^^
  File "C:\ArrocesLlopis\backend\venv\Lib\site-packages\sqlalchemy\orm\session.py", line 2108, in _connection_for_bind
    return trans._connection_for_bind(engine, execution_options)
           ^^^^^^^^^^^^^^^^^^^^^^^^^^^^^^^^^^^^^^^^^^^^^^^^^^^^^
  File "<string>", line 2, in _connection_for_bind
  File "C:\ArrocesLlopis\backend\venv\Lib\site-packages\sqlalchemy\orm\state_changes.py", line 137, in _go
    ret_value = fn(self, *arg, **kw)
                ^^^^^^^^^^^^^^^^^^^^
  File "C:\ArrocesLlopis\backend\venv\Lib\site-packages\sqlalchemy\orm\session.py", line 1187, in _connection_for_bind
    conn = bind.connect()
           ^^^^^^^^^^^^^^
  File "C:\ArrocesLlopis\backend\venv\Lib\site-packages\sqlalchemy\engine\base.py", line 3293, in connect
    return self._connection_cls(self)
           ^^^^^^^^^^^^^^^^^^^^^^^^^^
  File "C:\ArrocesLlopis\backend\venv\Lib\site-packages\sqlalchemy\engine\base.py", line 145, in __init__
    Connection._handle_dbapi_exception_noconnection(
  File "C:\ArrocesLlopis\backend\venv\Lib\site-packages\sqlalchemy\engine\base.py", line 2448, in _handle_dbapi_exception_noconnection
    raise sqlalchemy_exception.with_traceback(exc_info[2]) from e
  File "C:\ArrocesLlopis\backend\venv\Lib\site-packages\sqlalchemy\engine\base.py", line 143, in __init__
    self._dbapi_connection = engine.raw_connection()
                             ^^^^^^^^^^^^^^^^^^^^^^^
  File "C:\ArrocesLlopis\backend\venv\Lib\site-packages\sqlalchemy\engine\base.py", line 3317, in raw_connection
    return self.pool.connect()
           ^^^^^^^^^^^^^^^^^^^
  File "C:\ArrocesLlopis\backend\venv\Lib\site-packages\sqlalchemy\pool\base.py", line 448, in connect
    return _ConnectionFairy._checkout(self)
           ^^^^^^^^^^^^^^^^^^^^^^^^^^^^^^^^
  File "C:\ArrocesLlopis\backend\venv\Lib\site-packages\sqlalchemy\pool\base.py", line 1272, in _checkout
    fairy = _ConnectionRecord.checkout(pool)
            ^^^^^^^^^^^^^^^^^^^^^^^^^^^^^^^^
  File "C:\ArrocesLlopis\backend\venv\Lib\site-packages\sqlalchemy\pool\base.py", line 712, in checkout
    rec = pool._do_get()
          ^^^^^^^^^^^^^^
  File "C:\ArrocesLlopis\backend\venv\Lib\site-packages\sqlalchemy\pool\impl.py", line 177, in _do_get
    with util.safe_reraise():
         ^^^^^^^^^^^^^^^^^^^
  File "C:\ArrocesLlopis\backend\venv\Lib\site-packages\sqlalchemy\util\langhelpers.py", line 121, in __exit__
    raise exc_value.with_traceback(exc_tb)
  File "C:\ArrocesLlopis\backend\venv\Lib\site-packages\sqlalchemy\pool\impl.py", line 175, in _do_get
    return self._create_connection()
           ^^^^^^^^^^^^^^^^^^^^^^^^^
  File "C:\ArrocesLlopis\backend\venv\Lib\site-packages\sqlalchemy\pool\base.py", line 389, in _create_connection
    return _ConnectionRecord(self)
           ^^^^^^^^^^^^^^^^^^^^^^^
  File "C:\ArrocesLlopis\backend\venv\Lib\site-packages\sqlalchemy\pool\base.py", line 674, in __init__
    self.__connect()
  File "C:\ArrocesLlopis\backend\venv\Lib\site-packages\sqlalchemy\pool\base.py", line 900, in __connect
    with util.safe_reraise():
         ^^^^^^^^^^^^^^^^^^^
  File "C:\ArrocesLlopis\backend\venv\Lib\site-packages\sqlalchemy\util\langhelpers.py", line 121, in __exit__
    raise exc_value.with_traceback(exc_tb)
  File "C:\ArrocesLlopis\backend\venv\Lib\site-packages\sqlalchemy\pool\base.py", line 896, in __connect
    self.dbapi_connection = connection = pool._invoke_creator(self)
                                         ^^^^^^^^^^^^^^^^^^^^^^^^^^
  File "C:\ArrocesLlopis\backend\venv\Lib\site-packages\sqlalchemy\engine\create.py", line 667, in connect
    return dialect.connect(*cargs_tup, **cparams)
           ^^^^^^^^^^^^^^^^^^^^^^^^^^^^^^^^^^^^^^
  File "C:\ArrocesLlopis\backend\venv\Lib\site-packages\sqlalchemy\engine\default.py", line 630, in connect
    return self.loaded_dbapi.connect(*cargs, **cparams)  # type: ignore[no-any-return]  # NOQA: E501
           ^^^^^^^^^^^^^^^^^^^^^^^^^^^^^^^^^^^^^^^^^^^^
  File "C:\ArrocesLlopis\backend\venv\Lib\site-packages\mysql\connector\pooling.py", line 322, in connect
    return CMySQLConnection(*args, **kwargs)
           ^^^^^^^^^^^^^^^^^^^^^^^^^^^^^^^^^
  File "C:\ArrocesLlopis\backend\venv\Lib\site-packages\mysql\connector\connection_cext.py", line 142, in __init__
    self.connect(**kwargs)
  File "C:\ArrocesLlopis\backend\venv\Lib\site-packages\mysql\connector\abstracts.py", line 1604, in connect
    self._open_connection()
  File "C:\ArrocesLlopis\backend\venv\Lib\site-packages\mysql\connector\connection_cext.py", line 360, in _open_connection
    raise get_mysql_exception(
sqlalchemy.exc.DatabaseError: (mysql.connector.errors.DatabaseError) 2059 (HY000): Authentication plugin 'mysql_native_password' cannot be loaded: it is already loaded
(Background on this error at: https://sqlalche.me/e/20/4xp6)
2026-03-07 12:02:25,690 | INFO     | app | [GET] /api/v1/ingredients - Status: 200 - Duration: 0.77s - IP: 127.0.0.1 - User: test00@test.com
2026-03-07 12:02:25,697 | INFO     | app | [GET] /api/v1/ingredients - Status: 500 - Duration: 0.718s - IP: 127.0.0.1 - User: test00@test.com
2026-03-07 12:02:25,725 | INFO     | app | [GET] /api/v1/rices/7/recipe - Status: 200 - Duration: 0.748s - IP: 127.0.0.1 - User: test00@test.com
2026-03-07 12:02:25,735 | INFO     | app | [GET] /api/v1/rices/7/recipe - Status: 200 - Duration: 0.754s - IP: 127.0.0.1 - User: test00@test.com
2026-03-07 12:05:43,580 | INFO     | app | [OPTIONS] /api/v1/ingredients - Status: 200 - Duration: 0.0s - IP: 127.0.0.1 - User: Anonymous
2026-03-07 12:05:43,582 | INFO     | app | [OPTIONS] /api/v1/rices/2/recipe - Status: 200 - Duration: 0.0s - IP: 127.0.0.1 - User: Anonymous
2026-03-07 12:05:43,585 | INFO     | app | [OPTIONS] /api/v1/ingredients - Status: 200 - Duration: 0.0s - IP: 127.0.0.1 - User: Anonymous
2026-03-07 12:05:43,588 | INFO     | app | [OPTIONS] /api/v1/rices/2/recipe - Status: 200 - Duration: 0.002s - IP: 127.0.0.1 - User: Anonymous
2026-03-07 12:05:43,836 | INFO     | app | [GET] /api/v1/ingredients - Status: 200 - Duration: 0.003s - IP: 127.0.0.1 - User: test00@test.com
2026-03-07 12:05:43,904 | INFO     | app | [GET] /api/v1/rices/2/recipe - Status: 200 - Duration: 0.009s - IP: 127.0.0.1 - User: test00@test.com
2026-03-07 12:05:43,905 | INFO     | app | [GET] /api/v1/rices/2/recipe - Status: 200 - Duration: 0.008s - IP: 127.0.0.1 - User: test00@test.com
2026-03-07 12:05:43,912 | INFO     | app | [GET] /api/v1/ingredients - Status: 200 - Duration: 0.015s - IP: 127.0.0.1 - User: test00@test.com
2026-03-07 12:06:59,272 | INFO     | app | [OPTIONS] /api/v1/ingredients - Status: 200 - Duration: 0.001s - IP: 127.0.0.1 - User: Anonymous
2026-03-07 12:06:59,274 | INFO     | app | [OPTIONS] /api/v1/rices/2/recipe - Status: 200 - Duration: 0.0s - IP: 127.0.0.1 - User: Anonymous
2026-03-07 12:06:59,278 | INFO     | app | [OPTIONS] /api/v1/ingredients - Status: 200 - Duration: 0.0s - IP: 127.0.0.1 - User: Anonymous
2026-03-07 12:06:59,282 | INFO     | app | [OPTIONS] /api/v1/rices/2/recipe - Status: 200 - Duration: 0.0s - IP: 127.0.0.1 - User: Anonymous
2026-03-07 12:06:59,537 | INFO     | app | [GET] /api/v1/ingredients - Status: 200 - Duration: 0.003s - IP: 127.0.0.1 - User: test00@test.com
2026-03-07 12:06:59,583 | INFO     | app | [GET] /api/v1/rices/2/recipe - Status: 200 - Duration: 0.005s - IP: 127.0.0.1 - User: test00@test.com
2026-03-07 12:06:59,593 | INFO     | app | [GET] /api/v1/ingredients - Status: 200 - Duration: 0.007s - IP: 127.0.0.1 - User: test00@test.com
2026-03-07 12:06:59,595 | INFO     | app | [GET] /api/v1/rices/2/recipe - Status: 200 - Duration: 0.009s - IP: 127.0.0.1 - User: test00@test.com
2026-03-07 12:09:57,318 | INFO     | app | [OPTIONS] /api/v1/ingredients - Status: 200 - Duration: 0.0s - IP: 127.0.0.1 - User: Anonymous
2026-03-07 12:09:57,319 | INFO     | app | [OPTIONS] /api/v1/rices/2/recipe - Status: 200 - Duration: 0.0s - IP: 127.0.0.1 - User: Anonymous
2026-03-07 12:09:57,319 | INFO     | app | [OPTIONS] /api/v1/ingredients - Status: 200 - Duration: 0.0s - IP: 127.0.0.1 - User: Anonymous
2026-03-07 12:09:57,320 | INFO     | app | [OPTIONS] /api/v1/rices/2/recipe - Status: 200 - Duration: 0.0s - IP: 127.0.0.1 - User: Anonymous
2026-03-07 12:09:57,585 | INFO     | app | [GET] /api/v1/ingredients - Status: 200 - Duration: 0.003s - IP: 127.0.0.1 - User: test00@test.com
2026-03-07 12:09:57,636 | INFO     | app | [GET] /api/v1/rices/2/recipe - Status: 200 - Duration: 0.006s - IP: 127.0.0.1 - User: test00@test.com
2026-03-07 12:09:57,637 | INFO     | app | [GET] /api/v1/ingredients - Status: 200 - Duration: 0.009s - IP: 127.0.0.1 - User: test00@test.com
2026-03-07 12:09:57,638 | INFO     | app | [GET] /api/v1/rices/2/recipe - Status: 200 - Duration: 0.007s - IP: 127.0.0.1 - User: test00@test.com
2026-03-07 12:12:16,853 | INFO     | app | [OPTIONS] /api/v1/ingredients - Status: 200 - Duration: 0.001s - IP: 127.0.0.1 - User: Anonymous
2026-03-07 12:12:16,859 | INFO     | app | [OPTIONS] /api/v1/rices/4/recipe - Status: 200 - Duration: 0.001s - IP: 127.0.0.1 - User: Anonymous
2026-03-07 12:12:16,859 | INFO     | app | [OPTIONS] /api/v1/ingredients - Status: 200 - Duration: 0.0s - IP: 127.0.0.1 - User: Anonymous
2026-03-07 12:12:16,863 | INFO     | app | [OPTIONS] /api/v1/rices/4/recipe - Status: 200 - Duration: 0.0s - IP: 127.0.0.1 - User: Anonymous
2026-03-07 12:12:17,114 | INFO     | app | [GET] /api/v1/ingredients - Status: 200 - Duration: 0.005s - IP: 127.0.0.1 - User: test00@test.com
2026-03-07 12:12:17,180 | INFO     | app | [GET] /api/v1/ingredients - Status: 200 - Duration: 0.007s - IP: 127.0.0.1 - User: test00@test.com
2026-03-07 12:12:17,183 | INFO     | app | [GET] /api/v1/rices/4/recipe - Status: 200 - Duration: 0.01s - IP: 127.0.0.1 - User: test00@test.com
2026-03-07 12:12:17,189 | INFO     | app | [GET] /api/v1/rices/4/recipe - Status: 200 - Duration: 0.007s - IP: 127.0.0.1 - User: test00@test.com
2026-03-07 12:12:37,082 | INFO     | app | [OPTIONS] /api/v1/ingredients - Status: 200 - Duration: 0.0s - IP: 127.0.0.1 - User: Anonymous
2026-03-07 12:12:37,388 | INFO     | app | [OPTIONS] /api/v1/rices/2/recipe - Status: 200 - Duration: 0.0s - IP: 127.0.0.1 - User: Anonymous
2026-03-07 12:12:37,389 | INFO     | app | [OPTIONS] /api/v1/ingredients - Status: 200 - Duration: 0.0s - IP: 127.0.0.1 - User: Anonymous
2026-03-07 12:12:37,389 | INFO     | app | [OPTIONS] /api/v1/rices/2/recipe - Status: 200 - Duration: 0.0s - IP: 127.0.0.1 - User: Anonymous
2026-03-07 12:12:37,397 | INFO     | app | [GET] /api/v1/ingredients - Status: 200 - Duration: 0.008s - IP: 127.0.0.1 - User: test00@test.com
2026-03-07 12:12:37,709 | INFO     | app | [GET] /api/v1/rices/2/recipe - Status: 200 - Duration: 0.01s - IP: 127.0.0.1 - User: test00@test.com
2026-03-07 12:12:37,710 | INFO     | app | [GET] /api/v1/ingredients - Status: 200 - Duration: 0.008s - IP: 127.0.0.1 - User: test00@test.com
2026-03-07 12:12:37,711 | INFO     | app | [GET] /api/v1/rices/2/recipe - Status: 200 - Duration: 0.006s - IP: 127.0.0.1 - User: test00@test.com
2026-03-07 12:13:33,371 | INFO     | app | [OPTIONS] /api/v1/ingredients - Status: 200 - Duration: 0.0s - IP: 127.0.0.1 - User: Anonymous
2026-03-07 12:13:33,373 | INFO     | app | [OPTIONS] /api/v1/rices/2/recipe - Status: 200 - Duration: 0.0s - IP: 127.0.0.1 - User: Anonymous
2026-03-07 12:13:33,374 | INFO     | app | [OPTIONS] /api/v1/ingredients - Status: 200 - Duration: 0.0s - IP: 127.0.0.1 - User: Anonymous
2026-03-07 12:13:33,378 | INFO     | app | [OPTIONS] /api/v1/rices/2/recipe - Status: 200 - Duration: 0.0s - IP: 127.0.0.1 - User: Anonymous
2026-03-07 12:13:33,622 | INFO     | app | [GET] /api/v1/ingredients - Status: 200 - Duration: 0.003s - IP: 127.0.0.1 - User: test00@test.com
2026-03-07 12:13:33,688 | INFO     | app | [GET] /api/v1/rices/2/recipe - Status: 200 - Duration: 0.005s - IP: 127.0.0.1 - User: test00@test.com
2026-03-07 12:13:33,689 | INFO     | app | [GET] /api/v1/ingredients - Status: 200 - Duration: 0.005s - IP: 127.0.0.1 - User: test00@test.com
2026-03-07 12:13:33,702 | INFO     | app | [GET] /api/v1/rices/2/recipe - Status: 200 - Duration: 0.009s - IP: 127.0.0.1 - User: test00@test.com
2026-03-07 12:16:11,434 | INFO     | app | [OPTIONS] /api/v1/availability/check - Status: 200 - Duration: 0.0s - IP: 127.0.0.1 - User: Anonymous
2026-03-07 12:16:11,435 | INFO     | app | [OPTIONS] /api/v1/pedidos - Status: 200 - Duration: 0.0s - IP: 127.0.0.1 - User: Anonymous
2026-03-07 12:16:11,438 | INFO     | app | [OPTIONS] /api/v1/availability/check - Status: 200 - Duration: 0.002s - IP: 127.0.0.1 - User: Anonymous
2026-03-07 12:16:11,442 | INFO     | app | [OPTIONS] /api/v1/pedidos - Status: 200 - Duration: 0.0s - IP: 127.0.0.1 - User: Anonymous
2026-03-07 12:16:11,732 | INFO     | app | [POST] /api/v1/availability/check - Status: 200 - Duration: 0.053s - IP: 127.0.0.1 - User: test00@test.com
2026-03-07 12:16:11,760 | INFO     | app | [POST] /api/v1/availability/check - Status: 200 - Duration: 0.011s - IP: 127.0.0.1 - User: test00@test.com
2026-03-07 12:16:11,761 | INFO     | app | [GET] /api/v1/pedidos - Status: 200 - Duration: 0.011s - IP: 127.0.0.1 - User: test00@test.com
2026-03-07 12:16:11,763 | INFO     | app | [GET] /api/v1/pedidos - Status: 200 - Duration: 0.013s - IP: 127.0.0.1 - User: test00@test.com
2026-03-07 12:16:12,700 | INFO     | app | [OPTIONS] /api/v1/pedidos/calendar - Status: 200 - Duration: 0.0s - IP: 127.0.0.1 - User: Anonymous
2026-03-07 12:16:13,003 | INFO     | app | [OPTIONS] /api/v1/pedidos/calendar - Status: 200 - Duration: 0.0s - IP: 127.0.0.1 - User: Anonymous
2026-03-07 12:16:13,024 | INFO     | app | [GET] /api/v1/pedidos/calendar - Status: 200 - Duration: 0.007s - IP: 127.0.0.1 - User: test00@test.com
2026-03-07 12:16:13,315 | INFO     | app | [GET] /api/v1/pedidos/calendar - Status: 200 - Duration: 0.004s - IP: 127.0.0.1 - User: test00@test.com
2026-03-07 12:19:42,420 | INFO     | app | Logger initialized successfully at level INFO
2026-03-07 12:21:50,935 | INFO     | app | [OPTIONS] /api/v1/stats/dashboard - Status: 200 - Duration: 0.0s - IP: 127.0.0.1 - User: Anonymous
2026-03-07 12:21:50,938 | INFO     | app | [OPTIONS] /api/v1/stats/dashboard - Status: 200 - Duration: 0.0s - IP: 127.0.0.1 - User: Anonymous
2026-03-07 12:21:51,757 | INFO     | app | [GET] /api/v1/stats/dashboard - Status: 200 - Duration: 0.562s - IP: 127.0.0.1 - User: test00@test.com
2026-03-07 12:21:51,950 | INFO     | app | [GET] /api/v1/stats/dashboard - Status: 200 - Duration: 0.641s - IP: 127.0.0.1 - User: test00@test.com
2026-03-07 12:22:42,636 | INFO     | app | [OPTIONS] /api/v1/pedidos/calendar - Status: 200 - Duration: 0.0s - IP: 127.0.0.1 - User: Anonymous
2026-03-07 12:22:42,940 | INFO     | app | [OPTIONS] /api/v1/pedidos/calendar - Status: 200 - Duration: 0.0s - IP: 127.0.0.1 - User: Anonymous
2026-03-07 12:22:42,951 | INFO     | app | [GET] /api/v1/pedidos/calendar - Status: 200 - Duration: 0.007s - IP: 127.0.0.1 - User: test00@test.com
2026-03-07 12:22:43,251 | INFO     | app | [GET] /api/v1/pedidos/calendar - Status: 200 - Duration: 0.003s - IP: 127.0.0.1 - User: test00@test.com
2026-03-07 12:22:45,586 | INFO     | app | [OPTIONS] /api/v1/pedidos/calendar - Status: 200 - Duration: 0.0s - IP: 127.0.0.1 - User: Anonymous
2026-03-07 12:22:45,587 | INFO     | app | [OPTIONS] /api/v1/pedidos/calendar - Status: 200 - Duration: 0.0s - IP: 127.0.0.1 - User: Anonymous
2026-03-07 12:22:45,850 | INFO     | app | [GET] /api/v1/pedidos/calendar - Status: 200 - Duration: 0.005s - IP: 127.0.0.1 - User: test00@test.com
2026-03-07 12:22:45,904 | INFO     | app | [GET] /api/v1/pedidos/calendar - Status: 200 - Duration: 0.005s - IP: 127.0.0.1 - User: test00@test.com
2026-03-07 12:22:52,769 | INFO     | app | [OPTIONS] /api/v1/pedidos/calendar - Status: 200 - Duration: 0.0s - IP: 127.0.0.1 - User: Anonymous
2026-03-07 12:22:53,075 | INFO     | app | [OPTIONS] /api/v1/pedidos/calendar - Status: 200 - Duration: 0.0s - IP: 127.0.0.1 - User: Anonymous
2026-03-07 12:22:53,082 | INFO     | app | [GET] /api/v1/pedidos/calendar - Status: 200 - Duration: 0.003s - IP: 127.0.0.1 - User: test00@test.com
2026-03-07 12:22:53,388 | INFO     | app | [GET] /api/v1/pedidos/calendar - Status: 200 - Duration: 0.004s - IP: 127.0.0.1 - User: test00@test.com
2026-03-07 12:22:57,611 | INFO     | app | [OPTIONS] /api/v1/pedidos/calendar - Status: 200 - Duration: 0.0s - IP: 127.0.0.1 - User: Anonymous
2026-03-07 12:22:57,613 | INFO     | app | [OPTIONS] /api/v1/pedidos/calendar - Status: 200 - Duration: 0.0s - IP: 127.0.0.1 - User: Anonymous
2026-03-07 12:22:57,878 | INFO     | app | [GET] /api/v1/pedidos/calendar - Status: 200 - Duration: 0.004s - IP: 127.0.0.1 - User: test00@test.com
2026-03-07 12:22:57,931 | INFO     | app | [GET] /api/v1/pedidos/calendar - Status: 200 - Duration: 0.005s - IP: 127.0.0.1 - User: test00@test.com
2026-03-07 12:24:54,099 | INFO     | app | [OPTIONS] /api/v1/clients/stats - Status: 200 - Duration: 0.0s - IP: 127.0.0.1 - User: Anonymous
2026-03-07 12:24:54,100 | INFO     | app | [OPTIONS] /api/v1/clients/stats - Status: 200 - Duration: 0.0s - IP: 127.0.0.1 - User: Anonymous
2026-03-07 12:24:54,351 | INFO     | app | [OPTIONS] /api/v1/clients - Status: 200 - Duration: 0.001s - IP: 127.0.0.1 - User: Anonymous
2026-03-07 12:24:54,421 | INFO     | app | [GET] /api/v1/clients/stats - Status: 200 - Duration: 0.043s - IP: 127.0.0.1 - User: test00@test.com
2026-03-07 12:24:54,470 | INFO     | app | [GET] /api/v1/clients - Status: 200 - Duration: 0.019s - IP: 127.0.0.1 - User: test00@test.com
2026-03-07 12:24:54,478 | INFO     | app | [GET] /api/v1/clients/stats - Status: 200 - Duration: 0.027s - IP: 127.0.0.1 - User: test00@test.com
2026-03-07 12:26:06,775 | INFO     | app | [OPTIONS] /api/v1/clients/stats - Status: 200 - Duration: 0.0s - IP: 127.0.0.1 - User: Anonymous
2026-03-07 12:26:06,779 | INFO     | app | [OPTIONS] /api/v1/clients/stats - Status: 200 - Duration: 0.0s - IP: 127.0.0.1 - User: Anonymous
2026-03-07 12:26:07,037 | INFO     | app | [OPTIONS] /api/v1/clients - Status: 200 - Duration: 0.0s - IP: 127.0.0.1 - User: Anonymous
2026-03-07 12:26:07,094 | INFO     | app | [GET] /api/v1/clients/stats - Status: 200 - Duration: 0.028s - IP: 127.0.0.1 - User: test00@test.com
2026-03-07 12:26:07,111 | INFO     | app | [GET] /api/v1/clients - Status: 200 - Duration: 0.012s - IP: 127.0.0.1 - User: test00@test.com
2026-03-07 12:26:07,152 | INFO     | app | [GET] /api/v1/clients/stats - Status: 200 - Duration: 0.053s - IP: 127.0.0.1 - User: test00@test.com
2026-03-07 12:26:09,122 | INFO     | app | [OPTIONS] /api/v1/ingredients - Status: 200 - Duration: 0.0s - IP: 127.0.0.1 - User: Anonymous
2026-03-07 12:26:09,426 | INFO     | app | [OPTIONS] /api/v1/ingredients - Status: 200 - Duration: 0.0s - IP: 127.0.0.1 - User: Anonymous
2026-03-07 12:26:09,458 | INFO     | app | [GET] /api/v1/ingredients - Status: 200 - Duration: 0.004s - IP: 127.0.0.1 - User: test00@test.com
2026-03-07 12:26:09,740 | INFO     | app | [GET] /api/v1/ingredients - Status: 200 - Duration: 0.006s - IP: 127.0.0.1 - User: test00@test.com
2026-03-07 12:28:01,233 | INFO     | app | [OPTIONS] /api/v1/ingredients/13 - Status: 200 - Duration: 0.001s - IP: 127.0.0.1 - User: Anonymous
2026-03-07 12:28:01,532 | INFO     | app | Ingredient #13 (caldo paella) updated by user
2026-03-07 12:28:01,532 | INFO     | app | [PUT] /api/v1/ingredients/13 - Status: 200 - Duration: 0.05s - IP: 127.0.0.1 - User: test00@test.com
2026-03-07 12:28:01,542 | INFO     | app | [OPTIONS] /api/v1/ingredients - Status: 200 - Duration: 0.0s - IP: 127.0.0.1 - User: Anonymous
2026-03-07 12:28:01,859 | INFO     | app | [GET] /api/v1/ingredients - Status: 200 - Duration: 0.007s - IP: 127.0.0.1 - User: test00@test.com
2026-03-07 12:29:18,649 | INFO     | app | [OPTIONS] /api/v1/stats/dashboard - Status: 200 - Duration: 0.0s - IP: 127.0.0.1 - User: Anonymous
2026-03-07 12:29:18,650 | INFO     | app | [OPTIONS] /api/v1/stats/dashboard - Status: 200 - Duration: 0.0s - IP: 127.0.0.1 - User: Anonymous
2026-03-07 12:29:19,003 | INFO     | app | [GET] /api/v1/stats/dashboard - Status: 200 - Duration: 0.099s - IP: 127.0.0.1 - User: test00@test.com
2026-03-07 12:29:19,072 | INFO     | app | [GET] /api/v1/stats/dashboard - Status: 200 - Duration: 0.11s - IP: 127.0.0.1 - User: test00@test.com
2026-03-07 12:29:19,588 | INFO     | app | [OPTIONS] /api/v1/ingredients - Status: 200 - Duration: 0.0s - IP: 127.0.0.1 - User: Anonymous
2026-03-07 12:29:19,897 | INFO     | app | [OPTIONS] /api/v1/ingredients - Status: 200 - Duration: 0.0s - IP: 127.0.0.1 - User: Anonymous
2026-03-07 12:29:19,905 | INFO     | app | [GET] /api/v1/ingredients - Status: 200 - Duration: 0.006s - IP: 127.0.0.1 - User: test00@test.com
2026-03-07 12:29:20,211 | INFO     | app | [GET] /api/v1/ingredients - Status: 200 - Duration: 0.004s - IP: 127.0.0.1 - User: test00@test.com
2026-03-07 12:29:24,019 | INFO     | app | [OPTIONS] /api/v1/rices - Status: 200 - Duration: 0.0s - IP: 127.0.0.1 - User: Anonymous
2026-03-07 12:29:24,020 | INFO     | app | [OPTIONS] /api/v1/rices - Status: 200 - Duration: 0.001s - IP: 127.0.0.1 - User: Anonymous
2026-03-07 12:29:24,288 | INFO     | app | [GET] /api/v1/rices - Status: 200 - Duration: 0.004s - IP: 127.0.0.1 - User: test00@test.com
2026-03-07 12:29:24,333 | INFO     | app | [GET] /api/v1/rices - Status: 200 - Duration: 0.004s - IP: 127.0.0.1 - User: test00@test.com
2026-03-07 12:31:17,320 | INFO     | app | [OPTIONS] /api/v1/ingredients - Status: 200 - Duration: 0.001s - IP: 127.0.0.1 - User: Anonymous
2026-03-07 12:31:17,322 | INFO     | app | [OPTIONS] /api/v1/ingredients - Status: 200 - Duration: 0.0s - IP: 127.0.0.1 - User: Anonymous
2026-03-07 12:31:17,588 | INFO     | app | [GET] /api/v1/ingredients - Status: 200 - Duration: 0.006s - IP: 127.0.0.1 - User: test00@test.com
2026-03-07 12:31:17,643 | INFO     | app | [GET] /api/v1/ingredients - Status: 200 - Duration: 0.006s - IP: 127.0.0.1 - User: test00@test.com
2026-03-07 12:31:31,452 | INFO     | app | Logger initialized successfully at level INFO
2026-03-07 12:31:41,956 | INFO     | app | Logger initialized successfully at level INFO
2026-03-07 12:35:38,242 | INFO     | app | Logger initialized successfully at level INFO
2026-03-07 12:35:51,705 | INFO     | app | Logger initialized successfully at level INFO
2026-03-07 12:36:01,351 | INFO     | app | [OPTIONS] /api/v1/ingredients - Status: 200 - Duration: 0.0s - IP: 127.0.0.1 - User: Anonymous
2026-03-07 12:36:01,353 | INFO     | app | [OPTIONS] /api/v1/ingredients - Status: 200 - Duration: 0.0s - IP: 127.0.0.1 - User: Anonymous
2026-03-07 12:36:02,192 | INFO     | app | [GET] /api/v1/ingredients - Status: 403 - Duration: 0.578s - IP: 127.0.0.1 - User: Anonymous
2026-03-07 12:36:02,210 | INFO     | app | [GET] /api/v1/ingredients - Status: 403 - Duration: 0.55s - IP: 127.0.0.1 - User: Anonymous
2026-03-07 12:36:11,039 | INFO     | app | [OPTIONS] /api/v1/auth/me - Status: 200 - Duration: 0.0s - IP: 127.0.0.1 - User: Anonymous
2026-03-07 12:36:11,351 | INFO     | app | [GET] /api/v1/auth/me - Status: 403 - Duration: 0.003s - IP: 127.0.0.1 - User: Anonymous
2026-03-07 12:36:11,610 | INFO     | app | [OPTIONS] /api/v1/ingredients - Status: 200 - Duration: 0.001s - IP: 127.0.0.1 - User: Anonymous
2026-03-07 12:36:11,669 | INFO     | app | [OPTIONS] /api/v1/ingredients - Status: 200 - Duration: 0.001s - IP: 127.0.0.1 - User: Anonymous
2026-03-07 12:36:11,676 | INFO     | app | [GET] /api/v1/ingredients - Status: 403 - Duration: 0.007s - IP: 127.0.0.1 - User: Anonymous
2026-03-07 12:36:11,920 | INFO     | app | [GET] /api/v1/ingredients - Status: 403 - Duration: 0.003s - IP: 127.0.0.1 - User: Anonymous
2026-03-07 12:36:16,035 | INFO     | app | [OPTIONS] /api/v1/auth/me - Status: 200 - Duration: 0.0s - IP: 127.0.0.1 - User: Anonymous
2026-03-07 12:36:16,354 | INFO     | app | [GET] /api/v1/auth/me - Status: 403 - Duration: 0.003s - IP: 127.0.0.1 - User: Anonymous
2026-03-07 12:36:16,618 | INFO     | app | [OPTIONS] /api/v1/ingredients - Status: 200 - Duration: 0.0s - IP: 127.0.0.1 - User: Anonymous
2026-03-07 12:36:16,681 | INFO     | app | [OPTIONS] /api/v1/ingredients - Status: 200 - Duration: 0.0s - IP: 127.0.0.1 - User: Anonymous
2026-03-07 12:36:16,686 | INFO     | app | [GET] /api/v1/ingredients - Status: 403 - Duration: 0.005s - IP: 127.0.0.1 - User: Anonymous
2026-03-07 12:36:16,932 | INFO     | app | [GET] /api/v1/ingredients - Status: 403 - Duration: 0.004s - IP: 127.0.0.1 - User: Anonymous
2026-03-07 12:36:31,333 | INFO     | app | [OPTIONS] /api/v1/auth/me - Status: 200 - Duration: 0.0s - IP: 127.0.0.1 - User: Anonymous
2026-03-07 12:36:31,639 | INFO     | app | [GET] /api/v1/auth/me - Status: 403 - Duration: 0.003s - IP: 127.0.0.1 - User: Anonymous
2026-03-07 12:36:31,902 | INFO     | app | [OPTIONS] /api/v1/ingredients - Status: 200 - Duration: 0.0s - IP: 127.0.0.1 - User: Anonymous
2026-03-07 12:36:31,964 | INFO     | app | [OPTIONS] /api/v1/ingredients - Status: 200 - Duration: 0.0s - IP: 127.0.0.1 - User: Anonymous
2026-03-07 12:36:31,970 | INFO     | app | [GET] /api/v1/ingredients - Status: 403 - Duration: 0.003s - IP: 127.0.0.1 - User: Anonymous
2026-03-07 12:36:32,215 | INFO     | app | [GET] /api/v1/ingredients - Status: 403 - Duration: 0.002s - IP: 127.0.0.1 - User: Anonymous
2026-03-07 12:36:46,236 | INFO     | app | Logger initialized successfully at level INFO
2026-03-07 12:36:57,786 | INFO     | app | Logger initialized successfully at level INFO
2026-03-07 12:37:12,486 | INFO     | app | Logger initialized successfully at level INFO
2026-03-07 12:39:40,968 | INFO     | app | [OPTIONS] /api/v1/stats/dashboard - Status: 200 - Duration: 0.001s - IP: 127.0.0.1 - User: Anonymous
2026-03-07 12:39:40,971 | INFO     | app | [OPTIONS] /api/v1/stats/dashboard - Status: 200 - Duration: 0.0s - IP: 127.0.0.1 - User: Anonymous
2026-03-07 12:39:42,009 | INFO     | app | [GET] /api/v1/stats/dashboard - Status: 403 - Duration: 0.798s - IP: 127.0.0.1 - User: Anonymous
2026-03-07 12:39:42,011 | INFO     | app | [GET] /api/v1/stats/dashboard - Status: 403 - Duration: 0.722s - IP: 127.0.0.1 - User: Anonymous
2026-03-07 12:39:42,694 | INFO     | app | [OPTIONS] /api/v1/ingredients - Status: 200 - Duration: 0.0s - IP: 127.0.0.1 - User: Anonymous
2026-03-07 12:39:43,000 | INFO     | app | [OPTIONS] /api/v1/ingredients - Status: 200 - Duration: 0.001s - IP: 127.0.0.1 - User: Anonymous
2026-03-07 12:39:43,010 | INFO     | app | [GET] /api/v1/ingredients - Status: 403 - Duration: 0.006s - IP: 127.0.0.1 - User: Anonymous
2026-03-07 12:39:43,313 | INFO     | app | [GET] /api/v1/ingredients - Status: 403 - Duration: 0.005s - IP: 127.0.0.1 - User: Anonymous
2026-03-07 12:42:19,029 | INFO     | app | [OPTIONS] /api/v1/auth/me - Status: 200 - Duration: 0.0s - IP: 127.0.0.1 - User: Anonymous
2026-03-07 12:42:19,279 | INFO     | app | [GET] /api/v1/auth/me - Status: 200 - Duration: 0.002s - IP: 127.0.0.1 - User: fedegarcia30@gmail.com
2026-03-07 12:42:19,362 | INFO     | app | [OPTIONS] /api/v1/pedidos/calendar - Status: 200 - Duration: 0.0s - IP: 127.0.0.1 - User: Anonymous
2026-03-07 12:42:19,669 | INFO     | app | [OPTIONS] /api/v1/pedidos/calendar - Status: 200 - Duration: 0.0s - IP: 127.0.0.1 - User: Anonymous
2026-03-07 12:42:19,682 | INFO     | app | [GET] /api/v1/pedidos/calendar - Status: 200 - Duration: 0.011s - IP: 127.0.0.1 - User: fedegarcia30@gmail.com
2026-03-07 12:42:19,988 | INFO     | app | [GET] /api/v1/pedidos/calendar - Status: 200 - Duration: 0.005s - IP: 127.0.0.1 - User: fedegarcia30@gmail.com
2026-03-07 12:42:21,304 | INFO     | app | [OPTIONS] /api/v1/ingredients - Status: 200 - Duration: 0.0s - IP: 127.0.0.1 - User: Anonymous
2026-03-07 12:42:21,306 | INFO     | app | [OPTIONS] /api/v1/ingredients - Status: 200 - Duration: 0.0s - IP: 127.0.0.1 - User: Anonymous
2026-03-07 12:42:21,559 | INFO     | app | [GET] /api/v1/ingredients - Status: 200 - Duration: 0.004s - IP: 127.0.0.1 - User: fedegarcia30@gmail.com
2026-03-07 12:42:21,620 | INFO     | app | [GET] /api/v1/ingredients - Status: 200 - Duration: 0.004s - IP: 127.0.0.1 - User: fedegarcia30@gmail.com
2026-03-07 12:43:27,710 | INFO     | app | [OPTIONS] /api/v1/auth/me - Status: 200 - Duration: 0.0s - IP: 127.0.0.1 - User: Anonymous
2026-03-07 12:43:27,967 | INFO     | app | [GET] /api/v1/auth/me - Status: 200 - Duration: 0.002s - IP: 127.0.0.1 - User: test01@test.com
2026-03-07 12:43:28,030 | INFO     | app | [OPTIONS] /api/v1/pedidos/calendar - Status: 200 - Duration: 0.0s - IP: 127.0.0.1 - User: Anonymous
2026-03-07 12:43:28,332 | INFO     | app | [OPTIONS] /api/v1/pedidos/calendar - Status: 200 - Duration: 0.0s - IP: 127.0.0.1 - User: Anonymous
2026-03-07 12:43:28,341 | INFO     | app | [GET] /api/v1/pedidos/calendar - Status: 200 - Duration: 0.004s - IP: 127.0.0.1 - User: test01@test.com
2026-03-07 12:43:28,648 | INFO     | app | [GET] /api/v1/pedidos/calendar - Status: 200 - Duration: 0.004s - IP: 127.0.0.1 - User: test01@test.com
2026-03-07 12:43:29,602 | INFO     | app | [OPTIONS] /api/v1/stats/dashboard - Status: 200 - Duration: 0.0s - IP: 127.0.0.1 - User: Anonymous
2026-03-07 12:43:29,605 | INFO     | app | [OPTIONS] /api/v1/stats/dashboard - Status: 200 - Duration: 0.0s - IP: 127.0.0.1 - User: Anonymous
2026-03-07 12:43:29,872 | INFO     | app | [GET] /api/v1/stats/dashboard - Status: 403 - Duration: 0.003s - IP: 127.0.0.1 - User: test01@test.com
2026-03-07 12:43:29,918 | INFO     | app | [GET] /api/v1/stats/dashboard - Status: 403 - Duration: 0.005s - IP: 127.0.0.1 - User: test01@test.com
2026-03-07 12:43:31,714 | INFO     | app | [OPTIONS] /api/v1/rices - Status: 200 - Duration: 0.0s - IP: 127.0.0.1 - User: Anonymous
2026-03-07 12:43:32,030 | INFO     | app | [OPTIONS] /api/v1/rices - Status: 200 - Duration: 0.0s - IP: 127.0.0.1 - User: Anonymous
2026-03-07 12:43:32,039 | INFO     | app | [GET] /api/v1/rices - Status: 200 - Duration: 0.008s - IP: 127.0.0.1 - User: test01@test.com
2026-03-07 12:43:32,347 | INFO     | app | [GET] /api/v1/rices - Status: 200 - Duration: 0.005s - IP: 127.0.0.1 - User: test01@test.com
2026-03-07 12:43:53,727 | INFO     | app | [OPTIONS] /api/v1/clients/stats - Status: 200 - Duration: 0.0s - IP: 127.0.0.1 - User: Anonymous
2026-03-07 12:43:53,728 | INFO     | app | [OPTIONS] /api/v1/clients/stats - Status: 200 - Duration: 0.0s - IP: 127.0.0.1 - User: Anonymous
2026-03-07 12:43:53,980 | INFO     | app | [OPTIONS] /api/v1/clients - Status: 200 - Duration: 0.001s - IP: 127.0.0.1 - User: Anonymous
2026-03-07 12:43:54,020 | INFO     | app | [GET] /api/v1/clients/stats - Status: 200 - Duration: 0.035s - IP: 127.0.0.1 - User: test01@test.com
2026-03-07 12:43:54,049 | INFO     | app | [GET] /api/v1/clients - Status: 200 - Duration: 0.01s - IP: 127.0.0.1 - User: test01@test.com
2026-03-07 12:43:54,070 | INFO     | app | [GET] /api/v1/clients/stats - Status: 200 - Duration: 0.032s - IP: 127.0.0.1 - User: test01@test.com
2026-03-07 12:43:58,174 | INFO     | app | [OPTIONS] /api/v1/availability/check - Status: 200 - Duration: 0.0s - IP: 127.0.0.1 - User: Anonymous
2026-03-07 12:43:58,478 | INFO     | app | [OPTIONS] /api/v1/pedidos - Status: 200 - Duration: 0.0s - IP: 127.0.0.1 - User: Anonymous
2026-03-07 12:43:58,480 | INFO     | app | [OPTIONS] /api/v1/availability/check - Status: 200 - Duration: 0.001s - IP: 127.0.0.1 - User: Anonymous
2026-03-07 12:43:58,481 | INFO     | app | [OPTIONS] /api/v1/pedidos - Status: 200 - Duration: 0.0s - IP: 127.0.0.1 - User: Anonymous
2026-03-07 12:43:58,499 | INFO     | app | [POST] /api/v1/availability/check - Status: 200 - Duration: 0.014s - IP: 127.0.0.1 - User: test01@test.com
2026-03-07 12:43:58,809 | INFO     | app | [GET] /api/v1/pedidos - Status: 200 - Duration: 0.012s - IP: 127.0.0.1 - User: test01@test.com
2026-03-07 12:43:58,811 | INFO     | app | [POST] /api/v1/availability/check - Status: 200 - Duration: 0.016s - IP: 127.0.0.1 - User: test01@test.com
2026-03-07 12:43:58,822 | INFO     | app | [GET] /api/v1/pedidos - Status: 200 - Duration: 0.023s - IP: 127.0.0.1 - User: test01@test.com
2026-03-07 12:44:00,225 | INFO     | app | [OPTIONS] /api/v1/pedidos/calendar - Status: 200 - Duration: 0.0s - IP: 127.0.0.1 - User: Anonymous
2026-03-07 12:44:00,225 | INFO     | app | [OPTIONS] /api/v1/pedidos/calendar - Status: 200 - Duration: 0.0s - IP: 127.0.0.1 - User: Anonymous
2026-03-07 12:44:00,486 | INFO     | app | [GET] /api/v1/pedidos/calendar - Status: 200 - Duration: 0.005s - IP: 127.0.0.1 - User: test01@test.com
2026-03-07 12:44:00,540 | INFO     | app | [GET] /api/v1/pedidos/calendar - Status: 200 - Duration: 0.005s - IP: 127.0.0.1 - User: test01@test.com
2026-03-07 12:44:01,752 | INFO     | app | [OPTIONS] /api/v1/availability/check - Status: 200 - Duration: 0.0s - IP: 127.0.0.1 - User: Anonymous
2026-03-07 12:44:02,059 | INFO     | app | [OPTIONS] /api/v1/pedidos - Status: 200 - Duration: 0.0s - IP: 127.0.0.1 - User: Anonymous
2026-03-07 12:44:02,060 | INFO     | app | [OPTIONS] /api/v1/availability/check - Status: 200 - Duration: 0.0s - IP: 127.0.0.1 - User: Anonymous
2026-03-07 12:44:02,061 | INFO     | app | [OPTIONS] /api/v1/pedidos - Status: 200 - Duration: 0.0s - IP: 127.0.0.1 - User: Anonymous
2026-03-07 12:44:02,075 | INFO     | app | [POST] /api/v1/availability/check - Status: 200 - Duration: 0.01s - IP: 127.0.0.1 - User: test01@test.com
2026-03-07 12:44:02,373 | INFO     | app | [POST] /api/v1/availability/check - Status: 200 - Duration: 0.004s - IP: 127.0.0.1 - User: test01@test.com
2026-03-07 12:44:02,409 | INFO     | app | [GET] /api/v1/pedidos - Status: 200 - Duration: 0.033s - IP: 127.0.0.1 - User: test01@test.com
2026-03-07 12:44:02,412 | INFO     | app | [GET] /api/v1/pedidos - Status: 200 - Duration: 0.035s - IP: 127.0.0.1 - User: test01@test.com
2026-03-07 12:44:29,388 | INFO     | app | [OPTIONS] /api/v1/auth/me - Status: 200 - Duration: 0.0s - IP: 127.0.0.1 - User: Anonymous
2026-03-07 12:44:29,659 | INFO     | app | [GET] /api/v1/auth/me - Status: 200 - Duration: 0.005s - IP: 127.0.0.1 - User: fedegarcia30@gmail.com
2026-03-07 12:44:29,751 | INFO     | app | [OPTIONS] /api/v1/pedidos/calendar - Status: 200 - Duration: 0.0s - IP: 127.0.0.1 - User: Anonymous
2026-03-07 12:44:30,058 | INFO     | app | [OPTIONS] /api/v1/pedidos/calendar - Status: 200 - Duration: 0.0s - IP: 127.0.0.1 - User: Anonymous
2026-03-07 12:44:30,069 | INFO     | app | [GET] /api/v1/pedidos/calendar - Status: 200 - Duration: 0.004s - IP: 127.0.0.1 - User: fedegarcia30@gmail.com
2026-03-07 12:44:30,379 | INFO     | app | [GET] /api/v1/pedidos/calendar - Status: 200 - Duration: 0.007s - IP: 127.0.0.1 - User: fedegarcia30@gmail.com
2026-03-07 12:44:32,100 | INFO     | app | [OPTIONS] /api/v1/stats/dashboard - Status: 200 - Duration: 0.0s - IP: 127.0.0.1 - User: Anonymous
2026-03-07 12:44:32,103 | INFO     | app | [OPTIONS] /api/v1/stats/dashboard - Status: 200 - Duration: 0.0s - IP: 127.0.0.1 - User: Anonymous
2026-03-07 12:44:32,427 | INFO     | app | [GET] /api/v1/stats/dashboard - Status: 200 - Duration: 0.087s - IP: 127.0.0.1 - User: fedegarcia30@gmail.com
2026-03-07 12:44:32,518 | INFO     | app | [GET] /api/v1/stats/dashboard - Status: 200 - Duration: 0.104s - IP: 127.0.0.1 - User: fedegarcia30@gmail.com
2026-03-07 12:46:01,186 | INFO     | app | Logger initialized successfully at level INFO
2026-03-07 12:46:09,687 | INFO     | app | Logger initialized successfully at level INFO
2026-03-07 12:46:16,983 | INFO     | app | [OPTIONS] /api/v1/stats/dashboard - Status: 200 - Duration: 0.0s - IP: 127.0.0.1 - User: Anonymous
2026-03-07 12:46:17,849 | INFO     | app | [GET] /api/v1/stats/dashboard - Status: 200 - Duration: 0.602s - IP: 127.0.0.1 - User: fedegarcia30@gmail.com
2026-03-07 12:46:32,299 | INFO     | app | [OPTIONS] /api/v1/stats/dashboard - Status: 200 - Duration: 0.001s - IP: 127.0.0.1 - User: Anonymous
2026-03-07 12:46:32,679 | INFO     | app | [GET] /api/v1/stats/dashboard - Status: 200 - Duration: 0.065s - IP: 127.0.0.1 - User: fedegarcia30@gmail.com
2026-03-07 12:50:51,267 | INFO     | app | Logger initialized successfully at level INFO
2026-03-07 13:15:09,648 | INFO     | app | Logger initialized successfully at level INFO
2026-03-07 13:15:37,623 | INFO     | app | Logger initialized successfully at level INFO
2026-03-07 13:16:12,123 | INFO     | app | Logger initialized successfully at level INFO
2026-03-07 13:24:28,727 | INFO     | app | Logger initialized successfully at level INFO
2026-03-07 13:24:41,562 | INFO     | app | Logger initialized successfully at level INFO
2026-03-07 13:25:02,658 | INFO     | app | Logger initialized successfully at level INFO
2026-03-07 13:27:19,475 | INFO     | app | [OPTIONS] /api/v1/auth/me - Status: 200 - Duration: 0.0s - IP: 127.0.0.1 - User: Anonymous
2026-03-07 13:27:20,070 | INFO     | app | [GET] /api/v1/auth/me - Status: 403 - Duration: 0.347s - IP: 127.0.0.1 - User: Anonymous
2026-03-07 13:27:20,088 | INFO     | app | [OPTIONS] /api/v1/availability/check - Status: 200 - Duration: 0.0s - IP: 127.0.0.1 - User: Anonymous
2026-03-07 13:27:20,394 | INFO     | app | [OPTIONS] /api/v1/availability/check - Status: 200 - Duration: 0.0s - IP: 127.0.0.1 - User: Anonymous
2026-03-07 13:27:20,396 | INFO     | app | [OPTIONS] /api/v1/availability/check - Status: 200 - Duration: 0.0s - IP: 127.0.0.1 - User: Anonymous
2026-03-07 13:27:20,707 | INFO     | app | [OPTIONS] /api/v1/pedidos/calendar - Status: 200 - Duration: 0.0s - IP: 127.0.0.1 - User: Anonymous
2026-03-07 13:27:20,708 | INFO     | app | [OPTIONS] /api/v1/availability/check - Status: 200 - Duration: 0.0s - IP: 127.0.0.1 - User: Anonymous
2026-03-07 13:27:21,020 | INFO     | app | [GET] /api/v1/pedidos/calendar - Status: 403 - Duration: 0.004s - IP: 127.0.0.1 - User: Anonymous
2026-03-07 13:27:21,331 | INFO     | app | [GET] /api/v1/pedidos/calendar - Status: 403 - Duration: 0.004s - IP: 127.0.0.1 - User: Anonymous
2026-03-07 13:27:28,472 | INFO     | app | [OPTIONS] /api/v1/ingredients - Status: 200 - Duration: 0.0s - IP: 127.0.0.1 - User: Anonymous
2026-03-07 13:27:28,786 | INFO     | app | [OPTIONS] /api/v1/ingredients - Status: 200 - Duration: 0.0s - IP: 127.0.0.1 - User: Anonymous
2026-03-07 13:27:28,795 | INFO     | app | [GET] /api/v1/ingredients - Status: 403 - Duration: 0.007s - IP: 127.0.0.1 - User: Anonymous
2026-03-07 13:27:29,117 | INFO     | app | [GET] /api/v1/ingredients - Status: 403 - Duration: 0.004s - IP: 127.0.0.1 - User: Anonymous
2026-03-07 13:28:23,617 | INFO     | app | [OPTIONS] /api/v1/auth/me - Status: 200 - Duration: 0.0s - IP: 127.0.0.1 - User: Anonymous
2026-03-07 13:28:23,939 | INFO     | app | [GET] /api/v1/auth/me - Status: 403 - Duration: 0.003s - IP: 127.0.0.1 - User: Anonymous
2026-03-07 13:28:24,189 | INFO     | app | [OPTIONS] /api/v1/availability/check - Status: 200 - Duration: 0.0s - IP: 127.0.0.1 - User: Anonymous
2026-03-07 13:28:24,266 | INFO     | app | [OPTIONS] /api/v1/availability/check - Status: 200 - Duration: 0.0s - IP: 127.0.0.1 - User: Anonymous
2026-03-07 13:28:24,266 | INFO     | app | [OPTIONS] /api/v1/availability/check - Status: 200 - Duration: 0.0s - IP: 127.0.0.1 - User: Anonymous
2026-03-07 13:28:24,498 | INFO     | app | [OPTIONS] /api/v1/availability/check - Status: 200 - Duration: 0.0s - IP: 127.0.0.1 - User: Anonymous
2026-03-07 13:28:24,576 | INFO     | app | [OPTIONS] /api/v1/pedidos/calendar - Status: 200 - Duration: 0.0s - IP: 127.0.0.1 - User: Anonymous
2026-03-07 13:28:24,577 | INFO     | app | [OPTIONS] /api/v1/pedidos/calendar - Status: 200 - Duration: 0.0s - IP: 127.0.0.1 - User: Anonymous
2026-03-07 13:28:24,815 | INFO     | app | [GET] /api/v1/pedidos/calendar - Status: 403 - Duration: 0.004s - IP: 127.0.0.1 - User: Anonymous
2026-03-07 13:28:24,890 | INFO     | app | [GET] /api/v1/pedidos/calendar - Status: 403 - Duration: 0.004s - IP: 127.0.0.1 - User: Anonymous
2026-03-07 13:29:43,145 | INFO     | app | [OPTIONS] /api/v1/availability/check - Status: 200 - Duration: 0.0s - IP: 47.60.38.242 - User: Anonymous
2026-03-07 13:29:43,187 | INFO     | app | [GET] /api/v1/pedidos/calendar - Status: 200 - Duration: 0.008s - IP: 47.60.38.242 - User: fedegarcia30@gmail.com
2026-03-07 13:32:52,384 | INFO     | app | [GET] /api/v1/health - Status: 404 - Duration: 0.001s - IP: 127.0.0.1 - User: Anonymous
2026-03-07 14:08:01,352 | INFO     | app | [OPTIONS] /api/v1/ingredients - Status: 200 - Duration: 0.0s - IP: 127.0.0.1 - User: Anonymous
2026-03-07 14:08:01,354 | INFO     | app | [OPTIONS] /api/v1/ingredients - Status: 200 - Duration: 0.0s - IP: 127.0.0.1 - User: Anonymous
2026-03-07 14:08:01,621 | ERROR    | app | Error fetching ingredients: name 'jsonify' is not defined
Traceback (most recent call last):
  File "C:\ArrocesLlopis\backend\app\routes\ingredients.py", line 15, in get_ingredients
    return jsonify([
           ^^^^^^^
NameError: name 'jsonify' is not defined
2026-03-07 14:08:01,622 | WARNING  | app | Auth failed. Invalid token: name 'jsonify' is not defined - IP: 127.0.0.1
2026-03-07 14:08:01,623 | INFO     | app | [GET] /api/v1/ingredients - Status: 401 - Duration: 0.008s - IP: 127.0.0.1 - User: fedegarcia30@gmail.com
2026-03-07 14:08:01,665 | ERROR    | app | Error fetching ingredients: name 'jsonify' is not defined
Traceback (most recent call last):
  File "C:\ArrocesLlopis\backend\app\routes\ingredients.py", line 15, in get_ingredients
    return jsonify([
           ^^^^^^^
NameError: name 'jsonify' is not defined
2026-03-07 14:08:01,667 | WARNING  | app | Auth failed. Invalid token: name 'jsonify' is not defined - IP: 127.0.0.1
2026-03-07 14:08:01,668 | INFO     | app | [GET] /api/v1/ingredients - Status: 401 - Duration: 0.007s - IP: 127.0.0.1 - User: fedegarcia30@gmail.com
2026-03-07 14:08:20,872 | INFO     | app | [OPTIONS] /api/v1/auth/me - Status: 200 - Duration: 0.0s - IP: 127.0.0.1 - User: Anonymous
2026-03-07 14:08:21,197 | INFO     | app | [GET] /api/v1/auth/me - Status: 200 - Duration: 0.006s - IP: 127.0.0.1 - User: fedegarcia30@gmail.com
2026-03-07 14:08:21,440 | INFO     | app | [OPTIONS] /api/v1/pedidos/calendar - Status: 200 - Duration: 0.0s - IP: 127.0.0.1 - User: Anonymous
2026-03-07 14:08:21,594 | INFO     | app | [OPTIONS] /api/v1/pedidos/calendar - Status: 200 - Duration: 0.0s - IP: 127.0.0.1 - User: Anonymous
2026-03-07 14:08:21,600 | INFO     | app | [GET] /api/v1/pedidos/calendar - Status: 200 - Duration: 0.006s - IP: 127.0.0.1 - User: fedegarcia30@gmail.com
2026-03-07 14:08:21,753 | INFO     | app | [GET] /api/v1/pedidos/calendar - Status: 200 - Duration: 0.006s - IP: 127.0.0.1 - User: fedegarcia30@gmail.com
2026-03-07 14:08:23,275 | INFO     | app | [OPTIONS] /api/v1/ingredients - Status: 200 - Duration: 0.0s - IP: 127.0.0.1 - User: Anonymous
2026-03-07 14:08:23,590 | INFO     | app | [OPTIONS] /api/v1/ingredients - Status: 200 - Duration: 0.001s - IP: 127.0.0.1 - User: Anonymous
2026-03-07 14:08:23,602 | ERROR    | app | Error fetching ingredients: name 'jsonify' is not defined
Traceback (most recent call last):
  File "C:\ArrocesLlopis\backend\app\routes\ingredients.py", line 15, in get_ingredients
    return jsonify([
           ^^^^^^^
NameError: name 'jsonify' is not defined
2026-03-07 14:08:23,605 | WARNING  | app | Auth failed. Invalid token: name 'jsonify' is not defined - IP: 127.0.0.1
2026-03-07 14:08:23,605 | INFO     | app | [GET] /api/v1/ingredients - Status: 401 - Duration: 0.013s - IP: 127.0.0.1 - User: fedegarcia30@gmail.com
2026-03-07 14:08:23,905 | ERROR    | app | Error fetching ingredients: name 'jsonify' is not defined
Traceback (most recent call last):
  File "C:\ArrocesLlopis\backend\app\routes\ingredients.py", line 15, in get_ingredients
    return jsonify([
           ^^^^^^^
NameError: name 'jsonify' is not defined
2026-03-07 14:08:23,907 | WARNING  | app | Auth failed. Invalid token: name 'jsonify' is not defined - IP: 127.0.0.1
2026-03-07 14:08:23,907 | INFO     | app | [GET] /api/v1/ingredients - Status: 401 - Duration: 0.006s - IP: 127.0.0.1 - User: fedegarcia30@gmail.com
2026-03-07 14:09:22,162 | INFO     | app | [OPTIONS] /api/v1/auth/me - Status: 200 - Duration: 0.0s - IP: 127.0.0.1 - User: Anonymous
2026-03-07 14:09:22,415 | INFO     | app | [GET] /api/v1/auth/me - Status: 200 - Duration: 0.002s - IP: 127.0.0.1 - User: fedegarcia30@gmail.com
2026-03-07 14:09:22,481 | INFO     | app | [OPTIONS] /api/v1/pedidos/calendar - Status: 200 - Duration: 0.0s - IP: 127.0.0.1 - User: Anonymous
2026-03-07 14:09:22,786 | INFO     | app | [OPTIONS] /api/v1/pedidos/calendar - Status: 200 - Duration: 0.0s - IP: 127.0.0.1 - User: Anonymous
2026-03-07 14:09:22,817 | INFO     | app | [GET] /api/v1/pedidos/calendar - Status: 200 - Duration: 0.005s - IP: 127.0.0.1 - User: fedegarcia30@gmail.com
2026-03-07 14:09:23,108 | INFO     | app | [GET] /api/v1/pedidos/calendar - Status: 200 - Duration: 0.01s - IP: 127.0.0.1 - User: fedegarcia30@gmail.com
2026-03-07 14:09:28,901 | INFO     | app | [OPTIONS] /api/v1/stats/dashboard - Status: 200 - Duration: 0.0s - IP: 127.0.0.1 - User: Anonymous
2026-03-07 14:09:28,903 | INFO     | app | [OPTIONS] /api/v1/stats/dashboard - Status: 200 - Duration: 0.0s - IP: 127.0.0.1 - User: Anonymous
2026-03-07 14:09:29,273 | INFO     | app | [GET] /api/v1/stats/dashboard - Status: 200 - Duration: 0.123s - IP: 127.0.0.1 - User: fedegarcia30@gmail.com
2026-03-07 14:09:29,312 | INFO     | app | [GET] /api/v1/stats/dashboard - Status: 200 - Duration: 0.102s - IP: 127.0.0.1 - User: fedegarcia30@gmail.com
2026-03-07 14:09:30,503 | INFO     | app | [OPTIONS] /api/v1/rices - Status: 200 - Duration: 0.0s - IP: 127.0.0.1 - User: Anonymous
2026-03-07 14:09:30,811 | INFO     | app | [OPTIONS] /api/v1/rices - Status: 200 - Duration: 0.0s - IP: 127.0.0.1 - User: Anonymous
2026-03-07 14:09:30,868 | WARNING  | app | Auth failed. Invalid token: name 'request' is not defined - IP: 127.0.0.1
2026-03-07 14:09:30,869 | INFO     | app | [GET] /api/v1/rices - Status: 401 - Duration: 0.004s - IP: 127.0.0.1 - User: fedegarcia30@gmail.com
2026-03-07 14:09:31,124 | WARNING  | app | Auth failed. Invalid token: name 'request' is not defined - IP: 127.0.0.1
2026-03-07 14:09:31,124 | INFO     | app | [GET] /api/v1/rices - Status: 401 - Duration: 0.005s - IP: 127.0.0.1 - User: fedegarcia30@gmail.com
2026-03-07 14:09:32,573 | INFO     | app | [OPTIONS] /api/v1/clients/stats - Status: 200 - Duration: 0.0s - IP: 127.0.0.1 - User: Anonymous
2026-03-07 14:09:32,574 | INFO     | app | [OPTIONS] /api/v1/clients/stats - Status: 200 - Duration: 0.0s - IP: 127.0.0.1 - User: Anonymous
2026-03-07 14:09:32,831 | INFO     | app | [OPTIONS] /api/v1/clients - Status: 200 - Duration: 0.0s - IP: 127.0.0.1 - User: Anonymous
2026-03-07 14:09:32,864 | INFO     | app | [GET] /api/v1/clients/stats - Status: 200 - Duration: 0.033s - IP: 127.0.0.1 - User: fedegarcia30@gmail.com
2026-03-07 14:09:32,904 | INFO     | app | [GET] /api/v1/clients - Status: 200 - Duration: 0.01s - IP: 127.0.0.1 - User: fedegarcia30@gmail.com
2026-03-07 14:09:32,917 | INFO     | app | [GET] /api/v1/clients/stats - Status: 200 - Duration: 0.024s - IP: 127.0.0.1 - User: fedegarcia30@gmail.com
2026-03-07 14:10:36,886 | INFO     | app | Logger initialized successfully at level INFO
2026-03-07 14:10:39,054 | INFO     | app | Logger initialized successfully at level INFO
2026-03-07 14:10:51,212 | INFO     | app | [OPTIONS] /api/v1/ingredients - Status: 200 - Duration: 0.0s - IP: 127.0.0.1 - User: Anonymous
2026-03-07 14:10:51,216 | INFO     | app | [OPTIONS] /api/v1/ingredients - Status: 200 - Duration: 0.0s - IP: 127.0.0.1 - User: Anonymous
2026-03-07 14:10:52,133 | INFO     | app | [GET] /api/v1/ingredients - Status: 200 - Duration: 0.676s - IP: 127.0.0.1 - User: fedegarcia30@gmail.com
2026-03-07 14:10:52,149 | INFO     | app | [GET] /api/v1/ingredients - Status: 200 - Duration: 0.623s - IP: 127.0.0.1 - User: fedegarcia30@gmail.com
2026-03-07 14:13:05,212 | INFO     | app | [OPTIONS] /api/v1/stats/dashboard - Status: 200 - Duration: 0.0s - IP: 127.0.0.1 - User: Anonymous
2026-03-07 14:13:05,213 | INFO     | app | [OPTIONS] /api/v1/stats/dashboard - Status: 200 - Duration: 0.0s - IP: 127.0.0.1 - User: Anonymous
2026-03-07 14:13:05,561 | INFO     | app | [GET] /api/v1/stats/dashboard - Status: 200 - Duration: 0.085s - IP: 127.0.0.1 - User: fedegarcia30@gmail.com
2026-03-07 14:13:05,627 | INFO     | app | [GET] /api/v1/stats/dashboard - Status: 200 - Duration: 0.103s - IP: 127.0.0.1 - User: fedegarcia30@gmail.com
2026-03-07 14:14:04,442 | INFO     | app | [OPTIONS] /api/v1/ingredients - Status: 200 - Duration: 0.0s - IP: 127.0.0.1 - User: Anonymous
2026-03-07 14:14:04,746 | INFO     | app | [OPTIONS] /api/v1/ingredients - Status: 200 - Duration: 0.0s - IP: 127.0.0.1 - User: Anonymous
2026-03-07 14:14:04,771 | INFO     | app | [GET] /api/v1/ingredients - Status: 200 - Duration: 0.01s - IP: 127.0.0.1 - User: fedegarcia30@gmail.com
2026-03-07 14:14:05,057 | INFO     | app | [GET] /api/v1/ingredients - Status: 200 - Duration: 0.006s - IP: 127.0.0.1 - User: fedegarcia30@gmail.com
2026-03-07 14:14:06,456 | INFO     | app | [OPTIONS] /api/v1/stats/dashboard - Status: 200 - Duration: 0.0s - IP: 127.0.0.1 - User: Anonymous
2026-03-07 14:14:06,457 | INFO     | app | [OPTIONS] /api/v1/stats/dashboard - Status: 200 - Duration: 0.0s - IP: 127.0.0.1 - User: Anonymous
2026-03-07 14:14:06,828 | INFO     | app | [GET] /api/v1/stats/dashboard - Status: 200 - Duration: 0.112s - IP: 127.0.0.1 - User: fedegarcia30@gmail.com
2026-03-07 14:14:06,896 | INFO     | app | [GET] /api/v1/stats/dashboard - Status: 200 - Duration: 0.125s - IP: 127.0.0.1 - User: fedegarcia30@gmail.com
2026-03-07 14:14:24,266 | INFO     | app | [OPTIONS] /api/v1/rices - Status: 200 - Duration: 0.0s - IP: 127.0.0.1 - User: Anonymous
2026-03-07 14:14:24,571 | INFO     | app | [OPTIONS] /api/v1/rices - Status: 200 - Duration: 0.0s - IP: 127.0.0.1 - User: Anonymous
2026-03-07 14:14:24,623 | INFO     | app | [GET] /api/v1/rices - Status: 200 - Duration: 0.012s - IP: 127.0.0.1 - User: fedegarcia30@gmail.com
2026-03-07 14:14:24,893 | INFO     | app | [GET] /api/v1/rices - Status: 200 - Duration: 0.008s - IP: 127.0.0.1 - User: fedegarcia30@gmail.com
2026-03-07 14:14:34,123 | INFO     | app | [OPTIONS] /api/v1/ingredients - Status: 200 - Duration: 0.0s - IP: 127.0.0.1 - User: Anonymous
2026-03-07 14:14:34,124 | INFO     | app | [OPTIONS] /api/v1/rices/2/recipe - Status: 200 - Duration: 0.0s - IP: 127.0.0.1 - User: Anonymous
2026-03-07 14:14:34,127 | INFO     | app | [OPTIONS] /api/v1/ingredients - Status: 200 - Duration: 0.0s - IP: 127.0.0.1 - User: Anonymous
2026-03-07 14:14:34,133 | INFO     | app | [OPTIONS] /api/v1/rices/2/recipe - Status: 200 - Duration: 0.001s - IP: 127.0.0.1 - User: Anonymous
2026-03-07 14:14:34,393 | INFO     | app | [GET] /api/v1/ingredients - Status: 200 - Duration: 0.006s - IP: 127.0.0.1 - User: fedegarcia30@gmail.com
2026-03-07 14:14:34,446 | INFO     | app | [GET] /api/v1/ingredients - Status: 200 - Duration: 0.01s - IP: 127.0.0.1 - User: fedegarcia30@gmail.com
2026-03-07 14:14:34,446 | INFO     | app | [GET] /api/v1/rices/2/recipe - Status: 200 - Duration: 0.012s - IP: 127.0.0.1 - User: fedegarcia30@gmail.com
2026-03-07 14:14:34,459 | INFO     | app | [GET] /api/v1/rices/2/recipe - Status: 200 - Duration: 0.009s - IP: 127.0.0.1 - User: fedegarcia30@gmail.com
2026-03-07 14:14:51,909 | INFO     | app | [OPTIONS] /api/v1/clients/stats - Status: 200 - Duration: 0.0s - IP: 127.0.0.1 - User: Anonymous
2026-03-07 14:14:52,223 | INFO     | app | [OPTIONS] /api/v1/clients/stats - Status: 200 - Duration: 0.0s - IP: 127.0.0.1 - User: Anonymous
2026-03-07 14:14:52,283 | INFO     | app | [GET] /api/v1/clients/stats - Status: 200 - Duration: 0.058s - IP: 127.0.0.1 - User: fedegarcia30@gmail.com
2026-03-07 14:14:52,486 | INFO     | app | [OPTIONS] /api/v1/clients - Status: 200 - Duration: 0.001s - IP: 127.0.0.1 - User: Anonymous
2026-03-07 14:14:52,560 | INFO     | app | [GET] /api/v1/clients/stats - Status: 200 - Duration: 0.027s - IP: 127.0.0.1 - User: fedegarcia30@gmail.com
2026-03-07 14:14:52,809 | INFO     | app | [GET] /api/v1/clients - Status: 200 - Duration: 0.013s - IP: 127.0.0.1 - User: fedegarcia30@gmail.com
2026-03-07 14:14:57,374 | INFO     | app | [OPTIONS] /api/v1/clients - Status: 200 - Duration: 0.0s - IP: 127.0.0.1 - User: Anonymous
2026-03-07 14:14:57,645 | INFO     | app | [GET] /api/v1/clients - Status: 200 - Duration: 0.007s - IP: 127.0.0.1 - User: fedegarcia30@gmail.com
2026-03-07 14:15:09,490 | INFO     | app | [OPTIONS] /api/v1/pedidos/calendar - Status: 200 - Duration: 0.002s - IP: 127.0.0.1 - User: Anonymous
2026-03-07 14:15:09,793 | INFO     | app | [OPTIONS] /api/v1/pedidos/calendar - Status: 200 - Duration: 0.0s - IP: 127.0.0.1 - User: Anonymous
2026-03-07 14:15:09,811 | INFO     | app | [GET] /api/v1/pedidos/calendar - Status: 200 - Duration: 0.011s - IP: 127.0.0.1 - User: fedegarcia30@gmail.com
2026-03-07 14:15:10,106 | INFO     | app | [GET] /api/v1/pedidos/calendar - Status: 200 - Duration: 0.006s - IP: 127.0.0.1 - User: fedegarcia30@gmail.com
2026-03-07 14:15:17,365 | INFO     | app | Logger initialized successfully at level INFO
2026-03-07 14:15:30,023 | INFO     | app | [OPTIONS] /api/v1/ingredients - Status: 200 - Duration: 0.0s - IP: 127.0.0.1 - User: Anonymous
2026-03-07 14:15:30,026 | INFO     | app | [OPTIONS] /api/v1/ingredients - Status: 200 - Duration: 0.001s - IP: 127.0.0.1 - User: Anonymous
2026-03-07 14:15:30,769 | INFO     | app | [OPTIONS] /api/v1/stats/dashboard - Status: 200 - Duration: 0.0s - IP: 127.0.0.1 - User: Anonymous
2026-03-07 14:15:31,080 | INFO     | app | [OPTIONS] /api/v1/stats/dashboard - Status: 200 - Duration: 0.0s - IP: 127.0.0.1 - User: Anonymous
2026-03-07 14:15:31,261 | INFO     | app | [GET] /api/v1/ingredients - Status: 200 - Duration: 0.993s - IP: 127.0.0.1 - User: fedegarcia30@gmail.com
2026-03-07 14:15:31,298 | INFO     | app | [GET] /api/v1/ingredients - Status: 200 - Duration: 0.95s - IP: 127.0.0.1 - User: fedegarcia30@gmail.com
2026-03-07 14:15:31,402 | WARNING  | app | Auth failed. Invalid token: get_period_dates() missing 3 required positional arguments: 'period', 'mode', and 'now' - IP: 127.0.0.1
2026-03-07 14:15:31,403 | INFO     | app | [GET] /api/v1/stats/dashboard - Status: 401 - Duration: 0.005s - IP: 127.0.0.1 - User: fedegarcia30@gmail.com
2026-03-07 14:15:31,885 | WARNING  | app | Auth failed. Invalid token: get_period_dates() missing 3 required positional arguments: 'period', 'mode', and 'now' - IP: 127.0.0.1
2026-03-07 14:15:31,885 | INFO     | app | [GET] /api/v1/stats/dashboard - Status: 401 - Duration: 0.799s - IP: 127.0.0.1 - User: fedegarcia30@gmail.com
2026-03-07 14:15:44,636 | INFO     | app | [OPTIONS] /api/v1/ingredients - Status: 200 - Duration: 0.001s - IP: 127.0.0.1 - User: Anonymous
2026-03-07 14:15:44,637 | INFO     | app | [OPTIONS] /api/v1/ingredients - Status: 200 - Duration: 0.0s - IP: 127.0.0.1 - User: Anonymous
2026-03-07 14:15:44,887 | INFO     | app | [GET] /api/v1/ingredients - Status: 200 - Duration: 0.009s - IP: 127.0.0.1 - User: fedegarcia30@gmail.com
2026-03-07 14:15:44,953 | INFO     | app | [GET] /api/v1/ingredients - Status: 200 - Duration: 0.006s - IP: 127.0.0.1 - User: fedegarcia30@gmail.com
2026-03-07 14:15:45,959 | INFO     | app | [OPTIONS] /api/v1/stats/dashboard - Status: 200 - Duration: 0.0s - IP: 127.0.0.1 - User: Anonymous
2026-03-07 14:15:46,262 | INFO     | app | [OPTIONS] /api/v1/stats/dashboard - Status: 200 - Duration: 0.0s - IP: 127.0.0.1 - User: Anonymous
2026-03-07 14:15:46,270 | WARNING  | app | Auth failed. Invalid token: get_period_dates() missing 3 required positional arguments: 'period', 'mode', and 'now' - IP: 127.0.0.1
2026-03-07 14:15:46,271 | INFO     | app | [GET] /api/v1/stats/dashboard - Status: 401 - Duration: 0.004s - IP: 127.0.0.1 - User: fedegarcia30@gmail.com
2026-03-07 14:15:46,579 | WARNING  | app | Auth failed. Invalid token: get_period_dates() missing 3 required positional arguments: 'period', 'mode', and 'now' - IP: 127.0.0.1
2026-03-07 14:15:46,580 | INFO     | app | [GET] /api/v1/stats/dashboard - Status: 401 - Duration: 0.004s - IP: 127.0.0.1 - User: fedegarcia30@gmail.com
2026-03-07 14:15:47,342 | INFO     | app | [OPTIONS] /api/v1/rices - Status: 200 - Duration: 0.0s - IP: 127.0.0.1 - User: Anonymous
2026-03-07 14:15:47,343 | INFO     | app | [OPTIONS] /api/v1/rices - Status: 200 - Duration: 0.0s - IP: 127.0.0.1 - User: Anonymous
2026-03-07 14:15:47,615 | INFO     | app | [GET] /api/v1/rices - Status: 200 - Duration: 0.006s - IP: 127.0.0.1 - User: fedegarcia30@gmail.com
2026-03-07 14:15:47,659 | INFO     | app | [GET] /api/v1/rices - Status: 200 - Duration: 0.006s - IP: 127.0.0.1 - User: fedegarcia30@gmail.com
2026-03-07 14:15:49,068 | INFO     | app | [OPTIONS] /api/v1/stats/dashboard - Status: 200 - Duration: 0.0s - IP: 127.0.0.1 - User: Anonymous
2026-03-07 14:15:49,371 | INFO     | app | [OPTIONS] /api/v1/stats/dashboard - Status: 200 - Duration: 0.0s - IP: 127.0.0.1 - User: Anonymous
2026-03-07 14:15:49,394 | WARNING  | app | Auth failed. Invalid token: get_period_dates() missing 3 required positional arguments: 'period', 'mode', and 'now' - IP: 127.0.0.1
2026-03-07 14:15:49,394 | INFO     | app | [GET] /api/v1/stats/dashboard - Status: 401 - Duration: 0.002s - IP: 127.0.0.1 - User: fedegarcia30@gmail.com
2026-03-07 14:15:49,686 | WARNING  | app | Auth failed. Invalid token: get_period_dates() missing 3 required positional arguments: 'period', 'mode', and 'now' - IP: 127.0.0.1
2026-03-07 14:15:49,687 | INFO     | app | [GET] /api/v1/stats/dashboard - Status: 401 - Duration: 0.003s - IP: 127.0.0.1 - User: fedegarcia30@gmail.com
2026-03-07 14:15:51,245 | INFO     | app | [OPTIONS] /api/v1/clients/stats - Status: 200 - Duration: 0.0s - IP: 127.0.0.1 - User: Anonymous
2026-03-07 14:15:51,247 | INFO     | app | [OPTIONS] /api/v1/clients/stats - Status: 200 - Duration: 0.0s - IP: 127.0.0.1 - User: Anonymous
2026-03-07 14:15:51,492 | INFO     | app | [OPTIONS] /api/v1/clients - Status: 200 - Duration: 0.0s - IP: 127.0.0.1 - User: Anonymous
2026-03-07 14:15:51,527 | INFO     | app | [GET] /api/v1/clients/stats - Status: 200 - Duration: 0.035s - IP: 127.0.0.1 - User: fedegarcia30@gmail.com
2026-03-07 14:15:51,577 | INFO     | app | [GET] /api/v1/clients/stats - Status: 200 - Duration: 0.023s - IP: 127.0.0.1 - User: fedegarcia30@gmail.com
2026-03-07 14:15:51,592 | INFO     | app | [GET] /api/v1/clients - Status: 200 - Duration: 0.019s - IP: 127.0.0.1 - User: fedegarcia30@gmail.com
2026-03-07 14:15:52,132 | INFO     | app | [OPTIONS] /api/v1/availability/check - Status: 200 - Duration: 0.0s - IP: 127.0.0.1 - User: Anonymous
2026-03-07 14:15:52,439 | INFO     | app | [OPTIONS] /api/v1/pedidos - Status: 200 - Duration: 0.0s - IP: 127.0.0.1 - User: Anonymous
2026-03-07 14:15:52,440 | INFO     | app | [OPTIONS] /api/v1/availability/check - Status: 200 - Duration: 0.0s - IP: 127.0.0.1 - User: Anonymous
2026-03-07 14:15:52,440 | INFO     | app | [OPTIONS] /api/v1/pedidos - Status: 200 - Duration: 0.0s - IP: 127.0.0.1 - User: Anonymous
2026-03-07 14:15:52,458 | INFO     | app | [POST] /api/v1/availability/check - Status: 200 - Duration: 0.014s - IP: 127.0.0.1 - User: fedegarcia30@gmail.com
2026-03-07 14:15:52,769 | INFO     | app | [POST] /api/v1/availability/check - Status: 200 - Duration: 0.007s - IP: 127.0.0.1 - User: fedegarcia30@gmail.com
2026-03-07 14:15:52,769 | INFO     | app | [GET] /api/v1/pedidos - Status: 200 - Duration: 0.009s - IP: 127.0.0.1 - User: fedegarcia30@gmail.com
2026-03-07 14:15:52,778 | INFO     | app | [GET] /api/v1/pedidos - Status: 200 - Duration: 0.014s - IP: 127.0.0.1 - User: fedegarcia30@gmail.com
2026-03-07 14:15:57,069 | INFO     | app | [OPTIONS] /api/v1/availability/check - Status: 200 - Duration: 0.0s - IP: 127.0.0.1 - User: Anonymous
2026-03-07 14:15:57,071 | INFO     | app | [OPTIONS] /api/v1/pedidos - Status: 200 - Duration: 0.0s - IP: 127.0.0.1 - User: Anonymous
2026-03-07 14:15:57,323 | INFO     | app | [POST] /api/v1/availability/check - Status: 200 - Duration: 0.005s - IP: 127.0.0.1 - User: fedegarcia30@gmail.com
2026-03-07 14:15:57,414 | INFO     | app | [GET] /api/v1/pedidos - Status: 200 - Duration: 0.018s - IP: 127.0.0.1 - User: fedegarcia30@gmail.com
2026-03-07 14:16:00,930 | INFO     | app | [OPTIONS] /api/v1/availability/check - Status: 200 - Duration: 0.0s - IP: 127.0.0.1 - User: Anonymous
2026-03-07 14:16:01,242 | INFO     | app | [OPTIONS] /api/v1/pedidos - Status: 200 - Duration: 0.001s - IP: 127.0.0.1 - User: Anonymous
2026-03-07 14:16:01,252 | INFO     | app | [POST] /api/v1/availability/check - Status: 200 - Duration: 0.008s - IP: 127.0.0.1 - User: fedegarcia30@gmail.com
2026-03-07 14:16:01,575 | INFO     | app | [GET] /api/v1/pedidos - Status: 200 - Duration: 0.016s - IP: 127.0.0.1 - User: fedegarcia30@gmail.com
2026-03-07 14:16:56,411 | INFO     | app | [OPTIONS] /api/v1/ingredients - Status: 200 - Duration: 0.0s - IP: 127.0.0.1 - User: Anonymous
2026-03-07 14:16:56,412 | INFO     | app | [OPTIONS] /api/v1/ingredients - Status: 200 - Duration: 0.0s - IP: 127.0.0.1 - User: Anonymous
2026-03-07 14:16:56,679 | INFO     | app | [GET] /api/v1/ingredients - Status: 200 - Duration: 0.004s - IP: 127.0.0.1 - User: fedegarcia30@gmail.com
2026-03-07 14:16:56,726 | INFO     | app | [GET] /api/v1/ingredients - Status: 200 - Duration: 0.004s - IP: 127.0.0.1 - User: fedegarcia30@gmail.com
2026-03-07 14:17:39,241 | INFO     | app | [OPTIONS] /api/v1/stats/dashboard - Status: 200 - Duration: 0.0s - IP: 127.0.0.1 - User: Anonymous
2026-03-07 14:17:39,545 | INFO     | app | [OPTIONS] /api/v1/stats/expenses - Status: 200 - Duration: 0.0s - IP: 127.0.0.1 - User: Anonymous
2026-03-07 14:17:39,545 | INFO     | app | [OPTIONS] /api/v1/stats/dashboard - Status: 200 - Duration: 0.0s - IP: 127.0.0.1 - User: Anonymous
2026-03-07 14:17:39,547 | INFO     | app | [OPTIONS] /api/v1/stats/expenses - Status: 200 - Duration: 0.0s - IP: 127.0.0.1 - User: Anonymous
2026-03-07 14:17:39,556 | WARNING  | app | Auth failed. Invalid token: get_period_dates() missing 3 required positional arguments: 'period', 'mode', and 'now' - IP: 127.0.0.1
2026-03-07 14:17:39,557 | INFO     | app | [GET] /api/v1/stats/dashboard - Status: 401 - Duration: 0.007s - IP: 127.0.0.1 - User: fedegarcia30@gmail.com
2026-03-07 14:17:39,860 | WARNING  | app | Auth failed. Invalid token: get_period_dates() missing 3 required positional arguments: 'period', 'mode', and 'now' - IP: 127.0.0.1
2026-03-07 14:17:39,861 | INFO     | app | [GET] /api/v1/stats/dashboard - Status: 401 - Duration: 0.006s - IP: 127.0.0.1 - User: fedegarcia30@gmail.com
2026-03-07 14:17:39,898 | INFO     | app | [GET] /api/v1/stats/expenses - Status: 200 - Duration: 0.044s - IP: 127.0.0.1 - User: fedegarcia30@gmail.com
2026-03-07 14:17:39,901 | INFO     | app | [GET] /api/v1/stats/expenses - Status: 200 - Duration: 0.044s - IP: 127.0.0.1 - User: fedegarcia30@gmail.com
2026-03-07 14:17:57,936 | INFO     | app | [OPTIONS] /api/v1/auth/me - Status: 200 - Duration: 0.0s - IP: 127.0.0.1 - User: Anonymous
2026-03-07 14:17:58,201 | INFO     | app | [GET] /api/v1/auth/me - Status: 200 - Duration: 0.006s - IP: 127.0.0.1 - User: fedegarcia30@gmail.com
2026-03-07 14:17:58,277 | INFO     | app | [OPTIONS] /api/v1/pedidos/calendar - Status: 200 - Duration: 0.0s - IP: 127.0.0.1 - User: Anonymous
2026-03-07 14:17:58,589 | INFO     | app | [OPTIONS] /api/v1/pedidos/calendar - Status: 200 - Duration: 0.0s - IP: 127.0.0.1 - User: Anonymous
2026-03-07 14:17:58,598 | INFO     | app | [GET] /api/v1/pedidos/calendar - Status: 200 - Duration: 0.008s - IP: 127.0.0.1 - User: fedegarcia30@gmail.com
2026-03-07 14:17:58,914 | INFO     | app | [GET] /api/v1/pedidos/calendar - Status: 200 - Duration: 0.015s - IP: 127.0.0.1 - User: fedegarcia30@gmail.com
2026-03-07 14:18:00,215 | INFO     | app | [OPTIONS] /api/v1/stats/dashboard - Status: 200 - Duration: 0.0s - IP: 127.0.0.1 - User: Anonymous
2026-03-07 14:18:00,216 | INFO     | app | [OPTIONS] /api/v1/stats/expenses - Status: 200 - Duration: 0.0s - IP: 127.0.0.1 - User: Anonymous
2026-03-07 14:18:00,216 | INFO     | app | [OPTIONS] /api/v1/stats/dashboard - Status: 200 - Duration: 0.0s - IP: 127.0.0.1 - User: Anonymous
2026-03-07 14:18:00,220 | INFO     | app | [OPTIONS] /api/v1/stats/expenses - Status: 200 - Duration: 0.0s - IP: 127.0.0.1 - User: Anonymous
2026-03-07 14:18:00,485 | WARNING  | app | Auth failed. Invalid token: get_period_dates() missing 3 required positional arguments: 'period', 'mode', and 'now' - IP: 127.0.0.1
2026-03-07 14:18:00,485 | INFO     | app | [GET] /api/v1/stats/dashboard - Status: 401 - Duration: 0.004s - IP: 127.0.0.1 - User: fedegarcia30@gmail.com
2026-03-07 14:18:00,539 | WARNING  | app | Auth failed. Invalid token: get_period_dates() missing 3 required positional arguments: 'period', 'mode', and 'now' - IP: 127.0.0.1
2026-03-07 14:18:00,539 | INFO     | app | [GET] /api/v1/stats/dashboard - Status: 401 - Duration: 0.011s - IP: 127.0.0.1 - User: fedegarcia30@gmail.com
2026-03-07 14:18:00,570 | INFO     | app | [GET] /api/v1/stats/expenses - Status: 200 - Duration: 0.042s - IP: 127.0.0.1 - User: fedegarcia30@gmail.com
2026-03-07 14:18:00,571 | INFO     | app | [GET] /api/v1/stats/expenses - Status: 200 - Duration: 0.044s - IP: 127.0.0.1 - User: fedegarcia30@gmail.com
2026-03-07 14:19:04,851 | INFO     | app | [OPTIONS] /api/v1/auth/me - Status: 200 - Duration: 0.0s - IP: 127.0.0.1 - User: Anonymous
2026-03-07 14:19:05,116 | INFO     | app | [GET] /api/v1/auth/me - Status: 200 - Duration: 0.003s - IP: 127.0.0.1 - User: fedegarcia30@gmail.com
2026-03-07 14:19:05,159 | INFO     | app | [OPTIONS] /api/v1/availability/check - Status: 200 - Duration: 0.0s - IP: 127.0.0.1 - User: Anonymous
2026-03-07 14:19:05,458 | INFO     | app | [OPTIONS] /api/v1/availability/check - Status: 200 - Duration: 0.0s - IP: 127.0.0.1 - User: Anonymous
2026-03-07 14:19:05,458 | INFO     | app | [OPTIONS] /api/v1/availability/check - Status: 200 - Duration: 0.0s - IP: 127.0.0.1 - User: Anonymous
2026-03-07 14:19:05,466 | INFO     | app | [OPTIONS] /api/v1/availability/check - Status: 200 - Duration: 0.0s - IP: 127.0.0.1 - User: Anonymous
2026-03-07 14:19:05,768 | INFO     | app | [OPTIONS] /api/v1/pedidos/calendar - Status: 200 - Duration: 0.0s - IP: 127.0.0.1 - User: Anonymous
2026-03-07 14:19:05,770 | INFO     | app | [OPTIONS] /api/v1/pedidos/calendar - Status: 200 - Duration: 0.0s - IP: 127.0.0.1 - User: Anonymous
2026-03-07 14:19:05,779 | INFO     | app | [GET] /api/v1/pedidos/calendar - Status: 200 - Duration: 0.007s - IP: 127.0.0.1 - User: fedegarcia30@gmail.com
2026-03-07 14:19:06,100 | INFO     | app | [GET] /api/v1/pedidos/calendar - Status: 200 - Duration: 0.006s - IP: 127.0.0.1 - User: fedegarcia30@gmail.com
2026-03-07 14:19:22,530 | INFO     | app | [OPTIONS] /api/v1/stats/dashboard - Status: 200 - Duration: 0.0s - IP: 127.0.0.1 - User: Anonymous
2026-03-07 14:19:22,837 | INFO     | app | [OPTIONS] /api/v1/stats/expenses - Status: 200 - Duration: 0.0s - IP: 127.0.0.1 - User: Anonymous
2026-03-07 14:19:22,838 | INFO     | app | [OPTIONS] /api/v1/stats/dashboard - Status: 200 - Duration: 0.0s - IP: 127.0.0.1 - User: Anonymous
2026-03-07 14:19:22,839 | INFO     | app | [OPTIONS] /api/v1/stats/expenses - Status: 200 - Duration: 0.0s - IP: 127.0.0.1 - User: Anonymous
2026-03-07 14:19:22,844 | WARNING  | app | Auth failed. Invalid token: get_period_dates() missing 3 required positional arguments: 'period', 'mode', and 'now' - IP: 127.0.0.1
2026-03-07 14:19:22,845 | INFO     | app | [GET] /api/v1/stats/dashboard - Status: 401 - Duration: 0.007s - IP: 127.0.0.1 - User: fedegarcia30@gmail.com
2026-03-07 14:19:23,160 | WARNING  | app | Auth failed. Invalid token: get_period_dates() missing 3 required positional arguments: 'period', 'mode', and 'now' - IP: 127.0.0.1
2026-03-07 14:19:23,160 | INFO     | app | [GET] /api/v1/stats/dashboard - Status: 401 - Duration: 0.008s - IP: 127.0.0.1 - User: fedegarcia30@gmail.com
2026-03-07 14:19:23,181 | INFO     | app | [GET] /api/v1/stats/expenses - Status: 200 - Duration: 0.03s - IP: 127.0.0.1 - User: fedegarcia30@gmail.com
2026-03-07 14:19:23,509 | INFO     | app | [GET] /api/v1/stats/expenses - Status: 200 - Duration: 0.018s - IP: 127.0.0.1 - User: fedegarcia30@gmail.com
2026-03-07 14:33:37,113 | INFO     | app | Logger initialized successfully at level INFO
2026-03-07 14:33:39,094 | INFO     | app | [OPTIONS] /api/v1/availability/check - Status: 200 - Duration: 0.0s - IP: 192.168.1.1 - User: Anonymous
2026-03-07 14:33:39,579 | INFO     | app | [GET] /api/v1/pedidos/calendar - Status: 403 - Duration: 0.453s - IP: 192.168.1.1 - User: Anonymous
2026-03-07 14:33:56,678 | INFO     | app | [GET] /api/v1/pedidos/calendar - Status: 200 - Duration: 0.015s - IP: 192.168.1.1 - User: fedegarcia30@gmail.com
2026-03-07 14:33:59,766 | INFO     | app | [GET] /api/v1/rices - Status: 200 - Duration: 0.008s - IP: 192.168.1.1 - User: fedegarcia30@gmail.com
2026-03-07 14:34:02,682 | INFO     | app | [GET] /api/v1/clients/stats - Status: 200 - Duration: 0.086s - IP: 192.168.1.1 - User: fedegarcia30@gmail.com
2026-03-07 14:34:02,879 | INFO     | app | [GET] /api/v1/clients - Status: 200 - Duration: 0.013s - IP: 192.168.1.1 - User: fedegarcia30@gmail.com
2026-03-07 14:34:20,705 | INFO     | app | [GET] /api/v1/clients/stats - Status: 200 - Duration: 0.058s - IP: 192.168.1.1 - User: fedegarcia30@gmail.com
2026-03-07 14:34:20,906 | INFO     | app | [GET] /api/v1/clients - Status: 200 - Duration: 0.009s - IP: 192.168.1.1 - User: fedegarcia30@gmail.com
2026-03-07 14:34:44,715 | INFO     | app | [OPTIONS] /api/v1/ingredients - Status: 200 - Duration: 0.001s - IP: 127.0.0.1 - User: Anonymous
2026-03-07 14:34:44,717 | INFO     | app | [OPTIONS] /api/v1/ingredients - Status: 200 - Duration: 0.0s - IP: 127.0.0.1 - User: Anonymous
2026-03-07 14:34:44,980 | INFO     | app | [GET] /api/v1/ingredients - Status: 200 - Duration: 0.004s - IP: 127.0.0.1 - User: fedegarcia30@gmail.com
2026-03-07 14:34:45,028 | INFO     | app | [GET] /api/v1/ingredients - Status: 200 - Duration: 0.006s - IP: 127.0.0.1 - User: fedegarcia30@gmail.com
2026-03-07 14:34:45,814 | INFO     | app | [OPTIONS] /api/v1/stats/dashboard - Status: 200 - Duration: 0.0s - IP: 127.0.0.1 - User: Anonymous
2026-03-07 14:34:46,126 | INFO     | app | [OPTIONS] /api/v1/stats/dashboard - Status: 200 - Duration: 0.0s - IP: 127.0.0.1 - User: Anonymous
2026-03-07 14:34:46,127 | INFO     | app | [OPTIONS] /api/v1/stats/expenses - Status: 200 - Duration: 0.0s - IP: 127.0.0.1 - User: Anonymous
2026-03-07 14:34:46,128 | INFO     | app | [OPTIONS] /api/v1/stats/expenses - Status: 200 - Duration: 0.0s - IP: 127.0.0.1 - User: Anonymous
2026-03-07 14:34:46,136 | WARNING  | app | Auth failed. Invalid token: name 'get_prev_year_date' is not defined - IP: 127.0.0.1
2026-03-07 14:34:46,137 | INFO     | app | [GET] /api/v1/stats/dashboard - Status: 401 - Duration: 0.007s - IP: 127.0.0.1 - User: fedegarcia30@gmail.com
2026-03-07 14:34:46,457 | WARNING  | app | Auth failed. Invalid token: name 'get_prev_year_date' is not defined - IP: 127.0.0.1
2026-03-07 14:34:46,459 | INFO     | app | [GET] /api/v1/stats/dashboard - Status: 401 - Duration: 0.01s - IP: 127.0.0.1 - User: fedegarcia30@gmail.com
2026-03-07 14:34:46,495 | INFO     | app | [GET] /api/v1/stats/expenses - Status: 200 - Duration: 0.043s - IP: 127.0.0.1 - User: fedegarcia30@gmail.com
2026-03-07 14:34:46,495 | INFO     | app | [GET] /api/v1/stats/expenses - Status: 200 - Duration: 0.044s - IP: 127.0.0.1 - User: fedegarcia30@gmail.com
2026-03-07 14:34:55,026 | INFO     | app | [OPTIONS] /api/v1/auth/me - Status: 200 - Duration: 0.0s - IP: 127.0.0.1 - User: Anonymous
2026-03-07 14:34:55,295 | INFO     | app | [GET] /api/v1/auth/me - Status: 200 - Duration: 0.004s - IP: 127.0.0.1 - User: fedegarcia30@gmail.com
2026-03-07 14:34:55,335 | INFO     | app | [OPTIONS] /api/v1/availability/check - Status: 200 - Duration: 0.0s - IP: 127.0.0.1 - User: Anonymous
2026-03-07 14:34:55,637 | INFO     | app | [OPTIONS] /api/v1/availability/check - Status: 200 - Duration: 0.0s - IP: 127.0.0.1 - User: Anonymous
2026-03-07 14:34:55,638 | INFO     | app | [OPTIONS] /api/v1/availability/check - Status: 200 - Duration: 0.0s - IP: 127.0.0.1 - User: Anonymous
2026-03-07 14:34:55,642 | INFO     | app | [OPTIONS] /api/v1/availability/check - Status: 200 - Duration: 0.0s - IP: 127.0.0.1 - User: Anonymous
2026-03-07 14:34:55,948 | INFO     | app | [OPTIONS] /api/v1/pedidos/calendar - Status: 200 - Duration: 0.0s - IP: 127.0.0.1 - User: Anonymous
2026-03-07 14:34:55,949 | INFO     | app | [OPTIONS] /api/v1/pedidos/calendar - Status: 200 - Duration: 0.0s - IP: 127.0.0.1 - User: Anonymous
2026-03-07 14:34:56,205 | INFO     | app | [GET] /api/v1/pedidos/calendar - Status: 200 - Duration: 0.005s - IP: 127.0.0.1 - User: fedegarcia30@gmail.com
2026-03-07 14:34:56,264 | INFO     | app | [GET] /api/v1/pedidos/calendar - Status: 200 - Duration: 0.006s - IP: 127.0.0.1 - User: fedegarcia30@gmail.com
2026-03-07 14:34:57,064 | INFO     | app | [OPTIONS] /api/v1/ingredients - Status: 200 - Duration: 0.0s - IP: 127.0.0.1 - User: Anonymous
2026-03-07 14:34:57,370 | INFO     | app | [OPTIONS] /api/v1/ingredients - Status: 200 - Duration: 0.0s - IP: 127.0.0.1 - User: Anonymous
2026-03-07 14:34:57,379 | INFO     | app | [GET] /api/v1/ingredients - Status: 200 - Duration: 0.007s - IP: 127.0.0.1 - User: fedegarcia30@gmail.com
2026-03-07 14:34:57,691 | INFO     | app | [GET] /api/v1/ingredients - Status: 200 - Duration: 0.009s - IP: 127.0.0.1 - User: fedegarcia30@gmail.com
2026-03-07 14:34:58,893 | INFO     | app | [OPTIONS] /api/v1/stats/dashboard - Status: 200 - Duration: 0.0s - IP: 127.0.0.1 - User: Anonymous
2026-03-07 14:34:58,894 | INFO     | app | [OPTIONS] /api/v1/stats/expenses - Status: 200 - Duration: 0.0s - IP: 127.0.0.1 - User: Anonymous
2026-03-07 14:34:58,894 | INFO     | app | [OPTIONS] /api/v1/stats/dashboard - Status: 200 - Duration: 0.0s - IP: 127.0.0.1 - User: Anonymous
2026-03-07 14:34:58,897 | INFO     | app | [OPTIONS] /api/v1/stats/expenses - Status: 200 - Duration: 0.0s - IP: 127.0.0.1 - User: Anonymous
2026-03-07 14:34:59,162 | WARNING  | app | Auth failed. Invalid token: name 'get_prev_year_date' is not defined - IP: 127.0.0.1
2026-03-07 14:34:59,162 | INFO     | app | [GET] /api/v1/stats/dashboard - Status: 401 - Duration: 0.006s - IP: 127.0.0.1 - User: fedegarcia30@gmail.com
2026-03-07 14:34:59,217 | WARNING  | app | Auth failed. Invalid token: name 'get_prev_year_date' is not defined - IP: 127.0.0.1
2026-03-07 14:34:59,218 | INFO     | app | [GET] /api/v1/stats/dashboard - Status: 401 - Duration: 0.009s - IP: 127.0.0.1 - User: fedegarcia30@gmail.com
2026-03-07 14:34:59,236 | INFO     | app | [GET] /api/v1/stats/expenses - Status: 200 - Duration: 0.028s - IP: 127.0.0.1 - User: fedegarcia30@gmail.com
2026-03-07 14:34:59,237 | INFO     | app | [GET] /api/v1/stats/expenses - Status: 200 - Duration: 0.028s - IP: 127.0.0.1 - User: fedegarcia30@gmail.com
2026-03-07 14:35:02,551 | INFO     | app | [OPTIONS] /api/v1/rices - Status: 200 - Duration: 0.0s - IP: 127.0.0.1 - User: Anonymous
2026-03-07 14:35:02,858 | INFO     | app | [OPTIONS] /api/v1/rices - Status: 200 - Duration: 0.0s - IP: 127.0.0.1 - User: Anonymous
2026-03-07 14:35:02,868 | INFO     | app | [GET] /api/v1/rices - Status: 200 - Duration: 0.007s - IP: 127.0.0.1 - User: fedegarcia30@gmail.com
2026-03-07 14:35:03,173 | INFO     | app | [GET] /api/v1/rices - Status: 200 - Duration: 0.003s - IP: 127.0.0.1 - User: fedegarcia30@gmail.com
2026-03-07 14:35:16,244 | INFO     | app | [OPTIONS] /api/v1/stats/dashboard - Status: 200 - Duration: 0.0s - IP: 127.0.0.1 - User: Anonymous
2026-03-07 14:35:16,245 | INFO     | app | [OPTIONS] /api/v1/stats/expenses - Status: 200 - Duration: 0.0s - IP: 127.0.0.1 - User: Anonymous
2026-03-07 14:35:16,246 | INFO     | app | [OPTIONS] /api/v1/stats/dashboard - Status: 200 - Duration: 0.0s - IP: 127.0.0.1 - User: Anonymous
2026-03-07 14:35:16,247 | INFO     | app | [OPTIONS] /api/v1/stats/expenses - Status: 200 - Duration: 0.001s - IP: 127.0.0.1 - User: Anonymous
2026-03-07 14:35:16,502 | WARNING  | app | Auth failed. Invalid token: name 'get_prev_year_date' is not defined - IP: 127.0.0.1
2026-03-07 14:35:16,502 | INFO     | app | [GET] /api/v1/stats/dashboard - Status: 401 - Duration: 0.002s - IP: 127.0.0.1 - User: fedegarcia30@gmail.com
2026-03-07 14:35:16,558 | WARNING  | app | Auth failed. Invalid token: name 'get_prev_year_date' is not defined - IP: 127.0.0.1
2026-03-07 14:35:16,559 | INFO     | app | [GET] /api/v1/stats/dashboard - Status: 401 - Duration: 0.005s - IP: 127.0.0.1 - User: fedegarcia30@gmail.com
2026-03-07 14:35:16,599 | INFO     | app | [GET] /api/v1/stats/expenses - Status: 200 - Duration: 0.037s - IP: 127.0.0.1 - User: fedegarcia30@gmail.com
2026-03-07 14:35:16,600 | INFO     | app | [GET] /api/v1/stats/expenses - Status: 200 - Duration: 0.037s - IP: 127.0.0.1 - User: fedegarcia30@gmail.com
2026-03-07 14:35:17,678 | INFO     | app | [OPTIONS] /api/v1/clients/stats - Status: 200 - Duration: 0.001s - IP: 127.0.0.1 - User: Anonymous
2026-03-07 14:35:17,984 | INFO     | app | [OPTIONS] /api/v1/clients/stats - Status: 200 - Duration: 0.0s - IP: 127.0.0.1 - User: Anonymous
2026-03-07 14:35:18,016 | INFO     | app | [GET] /api/v1/clients/stats - Status: 200 - Duration: 0.031s - IP: 127.0.0.1 - User: fedegarcia30@gmail.com
2026-03-07 14:35:18,225 | INFO     | app | [OPTIONS] /api/v1/clients - Status: 200 - Duration: 0.0s - IP: 127.0.0.1 - User: Anonymous
2026-03-07 14:35:18,313 | INFO     | app | [GET] /api/v1/clients/stats - Status: 200 - Duration: 0.025s - IP: 127.0.0.1 - User: fedegarcia30@gmail.com
2026-03-07 14:35:18,546 | INFO     | app | [GET] /api/v1/clients - Status: 200 - Duration: 0.009s - IP: 127.0.0.1 - User: fedegarcia30@gmail.com
2026-03-07 14:35:18,993 | INFO     | app | [OPTIONS] /api/v1/availability/check - Status: 200 - Duration: 0.001s - IP: 127.0.0.1 - User: Anonymous
2026-03-07 14:35:18,996 | INFO     | app | [OPTIONS] /api/v1/pedidos - Status: 200 - Duration: 0.0s - IP: 127.0.0.1 - User: Anonymous
2026-03-07 14:35:18,997 | INFO     | app | [OPTIONS] /api/v1/availability/check - Status: 200 - Duration: 0.0s - IP: 127.0.0.1 - User: Anonymous
2026-03-07 14:35:19,000 | INFO     | app | [OPTIONS] /api/v1/pedidos - Status: 200 - Duration: 0.0s - IP: 127.0.0.1 - User: Anonymous
2026-03-07 14:35:19,261 | INFO     | app | [POST] /api/v1/availability/check - Status: 200 - Duration: 0.009s - IP: 127.0.0.1 - User: fedegarcia30@gmail.com
2026-03-07 14:35:19,325 | INFO     | app | [GET] /api/v1/pedidos - Status: 200 - Duration: 0.01s - IP: 127.0.0.1 - User: fedegarcia30@gmail.com
2026-03-07 14:35:19,333 | INFO     | app | [POST] /api/v1/availability/check - Status: 200 - Duration: 0.013s - IP: 127.0.0.1 - User: fedegarcia30@gmail.com
2026-03-07 14:35:19,335 | INFO     | app | [GET] /api/v1/pedidos - Status: 200 - Duration: 0.011s - IP: 127.0.0.1 - User: fedegarcia30@gmail.com
2026-03-07 14:35:20,665 | INFO     | app | [OPTIONS] /api/v1/rices - Status: 200 - Duration: 0.0s - IP: 127.0.0.1 - User: Anonymous
2026-03-07 14:35:20,971 | INFO     | app | [OPTIONS] /api/v1/rices - Status: 200 - Duration: 0.0s - IP: 127.0.0.1 - User: Anonymous
2026-03-07 14:35:20,995 | INFO     | app | [GET] /api/v1/rices - Status: 200 - Duration: 0.007s - IP: 127.0.0.1 - User: fedegarcia30@gmail.com
2026-03-07 14:35:21,286 | INFO     | app | [GET] /api/v1/rices - Status: 200 - Duration: 0.004s - IP: 127.0.0.1 - User: fedegarcia30@gmail.com
2026-03-07 14:35:23,368 | INFO     | app | [OPTIONS] /api/v1/ingredients - Status: 200 - Duration: 0.0s - IP: 127.0.0.1 - User: Anonymous
2026-03-07 14:35:23,368 | INFO     | app | [OPTIONS] /api/v1/ingredients - Status: 200 - Duration: 0.0s - IP: 127.0.0.1 - User: Anonymous
2026-03-07 14:35:23,368 | INFO     | app | [OPTIONS] /api/v1/rices/2/recipe - Status: 200 - Duration: 0.0s - IP: 127.0.0.1 - User: Anonymous
2026-03-07 14:35:23,370 | INFO     | app | [OPTIONS] /api/v1/rices/2/recipe - Status: 200 - Duration: 0.0s - IP: 127.0.0.1 - User: Anonymous
2026-03-07 14:35:23,635 | INFO     | app | [GET] /api/v1/ingredients - Status: 200 - Duration: 0.004s - IP: 127.0.0.1 - User: fedegarcia30@gmail.com
2026-03-07 14:35:23,686 | INFO     | app | [GET] /api/v1/ingredients - Status: 200 - Duration: 0.01s - IP: 127.0.0.1 - User: fedegarcia30@gmail.com
2026-03-07 14:35:23,689 | INFO     | app | [GET] /api/v1/rices/2/recipe - Status: 200 - Duration: 0.012s - IP: 127.0.0.1 - User: fedegarcia30@gmail.com
2026-03-07 14:35:23,692 | INFO     | app | [GET] /api/v1/rices/2/recipe - Status: 200 - Duration: 0.012s - IP: 127.0.0.1 - User: fedegarcia30@gmail.com
2026-03-07 14:35:38,102 | INFO     | app | [OPTIONS] /api/v1/rices/2/recipe - Status: 200 - Duration: 0.0s - IP: 127.0.0.1 - User: Anonymous
2026-03-07 14:35:38,470 | INFO     | app | Recipe updated for rice #2 (Pollo y pimientos) by user
2026-03-07 14:35:38,470 | INFO     | app | [POST] /api/v1/rices/2/recipe - Status: 200 - Duration: 0.058s - IP: 127.0.0.1 - User: fedegarcia30@gmail.com
2026-03-07 14:35:43,452 | INFO     | app | Logger initialized successfully at level INFO
2026-03-07 15:43:32,002 | INFO     | app | Logger initialized successfully at level INFO
2026-03-07 15:52:39,811 | INFO     | app | Logger initialized successfully at level INFO
2026-03-07 15:58:24,734 | INFO     | app | Logger initialized successfully at level INFO
2026-03-07 15:58:43,341 | INFO     | app | [OPTIONS] /api/v1/pedidos/calendar - Status: 200 - Duration: 0.0s - IP: 127.0.0.1 - User: Anonymous
2026-03-07 15:58:43,343 | INFO     | app | [OPTIONS] /api/v1/pedidos/calendar - Status: 200 - Duration: 0.0s - IP: 127.0.0.1 - User: Anonymous
2026-03-07 15:58:44,275 | INFO     | app | [GET] /api/v1/pedidos/calendar - Status: 200 - Duration: 0.672s - IP: 127.0.0.1 - User: fedegarcia30@gmail.com
2026-03-07 15:58:44,286 | INFO     | app | [GET] /api/v1/pedidos/calendar - Status: 200 - Duration: 0.008s - IP: 127.0.0.1 - User: fedegarcia30@gmail.com
2026-03-07 15:58:45,901 | INFO     | app | [OPTIONS] /api/v1/ingredients - Status: 200 - Duration: 0.0s - IP: 127.0.0.1 - User: Anonymous
2026-03-07 15:58:45,903 | INFO     | app | [OPTIONS] /api/v1/ingredients - Status: 200 - Duration: 0.0s - IP: 127.0.0.1 - User: Anonymous
2026-03-07 15:58:46,151 | INFO     | app | [GET] /api/v1/ingredients - Status: 200 - Duration: 0.006s - IP: 127.0.0.1 - User: fedegarcia30@gmail.com
2026-03-07 15:58:46,212 | INFO     | app | [GET] /api/v1/ingredients - Status: 200 - Duration: 0.005s - IP: 127.0.0.1 - User: fedegarcia30@gmail.com
2026-03-07 15:58:47,482 | INFO     | app | [GET] /api/v1/pedidos/calendar - Status: 200 - Duration: 0.005s - IP: 127.0.0.1 - User: fedegarcia30@gmail.com
2026-03-07 15:58:47,805 | INFO     | app | [GET] /api/v1/pedidos/calendar - Status: 200 - Duration: 0.005s - IP: 127.0.0.1 - User: fedegarcia30@gmail.com
2026-03-07 15:59:08,176 | INFO     | app | [OPTIONS] /api/v1/auth/me - Status: 200 - Duration: 0.001s - IP: 127.0.0.1 - User: Anonymous
2026-03-07 15:59:08,448 | INFO     | app | [GET] /api/v1/auth/me - Status: 200 - Duration: 0.007s - IP: 127.0.0.1 - User: fedegarcia30@gmail.com
2026-03-07 15:59:08,520 | INFO     | app | [OPTIONS] /api/v1/availability/check - Status: 200 - Duration: 0.0s - IP: 127.0.0.1 - User: Anonymous
2026-03-07 15:59:08,823 | INFO     | app | [OPTIONS] /api/v1/availability/check - Status: 200 - Duration: 0.0s - IP: 127.0.0.1 - User: Anonymous
2026-03-07 15:59:08,825 | INFO     | app | [OPTIONS] /api/v1/availability/check - Status: 200 - Duration: 0.0s - IP: 127.0.0.1 - User: Anonymous
2026-03-07 15:59:09,136 | INFO     | app | [OPTIONS] /api/v1/availability/check - Status: 200 - Duration: 0.0s - IP: 127.0.0.1 - User: Anonymous
2026-03-07 15:59:09,137 | INFO     | app | [OPTIONS] /api/v1/pedidos/calendar - Status: 200 - Duration: 0.0s - IP: 127.0.0.1 - User: Anonymous
2026-03-07 15:59:09,453 | INFO     | app | [GET] /api/v1/pedidos/calendar - Status: 200 - Duration: 0.005s - IP: 127.0.0.1 - User: fedegarcia30@gmail.com
2026-03-07 15:59:09,719 | INFO     | app | [GET] /api/v1/pedidos/calendar - Status: 200 - Duration: 0.007s - IP: 127.0.0.1 - User: fedegarcia30@gmail.com
2026-03-07 15:59:10,368 | INFO     | app | [OPTIONS] /api/v1/ingredients - Status: 200 - Duration: 0.0s - IP: 127.0.0.1 - User: Anonymous
2026-03-07 15:59:10,673 | INFO     | app | [OPTIONS] /api/v1/ingredients - Status: 200 - Duration: 0.0s - IP: 127.0.0.1 - User: Anonymous
2026-03-07 15:59:10,679 | INFO     | app | [GET] /api/v1/ingredients - Status: 200 - Duration: 0.004s - IP: 127.0.0.1 - User: fedegarcia30@gmail.com
2026-03-07 15:59:10,987 | INFO     | app | [GET] /api/v1/ingredients - Status: 200 - Duration: 0.004s - IP: 127.0.0.1 - User: fedegarcia30@gmail.com
2026-03-07 15:59:11,559 | INFO     | app | [OPTIONS] /api/v1/stats/dashboard - Status: 200 - Duration: 0.0s - IP: 127.0.0.1 - User: Anonymous
2026-03-07 15:59:11,559 | INFO     | app | [OPTIONS] /api/v1/stats/expenses - Status: 200 - Duration: 0.0s - IP: 127.0.0.1 - User: Anonymous
2026-03-07 15:59:11,560 | INFO     | app | [OPTIONS] /api/v1/stats/dashboard - Status: 200 - Duration: 0.0s - IP: 127.0.0.1 - User: Anonymous
2026-03-07 15:59:11,562 | INFO     | app | [OPTIONS] /api/v1/stats/expenses - Status: 200 - Duration: 0.0s - IP: 127.0.0.1 - User: Anonymous
2026-03-07 15:59:11,889 | INFO     | app | [GET] /api/v1/stats/dashboard - Status: 200 - Duration: 0.079s - IP: 127.0.0.1 - User: fedegarcia30@gmail.com
2026-03-07 15:59:11,904 | INFO     | app | [GET] /api/v1/stats/expenses - Status: 200 - Duration: 0.031s - IP: 127.0.0.1 - User: fedegarcia30@gmail.com
2026-03-07 15:59:11,972 | INFO     | app | [GET] /api/v1/stats/dashboard - Status: 200 - Duration: 0.08s - IP: 127.0.0.1 - User: fedegarcia30@gmail.com
2026-03-07 15:59:12,224 | INFO     | app | [GET] /api/v1/stats/expenses - Status: 200 - Duration: 0.014s - IP: 127.0.0.1 - User: fedegarcia30@gmail.com
2026-03-07 15:59:17,862 | INFO     | app | [OPTIONS] /api/v1/stats/dashboard - Status: 200 - Duration: 0.0s - IP: 127.0.0.1 - User: Anonymous
2026-03-07 15:59:17,863 | INFO     | app | [OPTIONS] /api/v1/stats/expenses - Status: 200 - Duration: 0.0s - IP: 127.0.0.1 - User: Anonymous
2026-03-07 15:59:18,135 | INFO     | app | [GET] /api/v1/stats/expenses - Status: 200 - Duration: 0.029s - IP: 127.0.0.1 - User: fedegarcia30@gmail.com
2026-03-07 15:59:18,239 | INFO     | app | [GET] /api/v1/stats/dashboard - Status: 200 - Duration: 0.064s - IP: 127.0.0.1 - User: fedegarcia30@gmail.com
2026-03-07 15:59:27,344 | INFO     | app | [OPTIONS] /api/v1/stats/dashboard - Status: 200 - Duration: 0.0s - IP: 127.0.0.1 - User: Anonymous
2026-03-07 15:59:27,647 | INFO     | app | [OPTIONS] /api/v1/stats/expenses - Status: 200 - Duration: 0.0s - IP: 127.0.0.1 - User: Anonymous
2026-03-07 15:59:27,808 | INFO     | app | [GET] /api/v1/stats/dashboard - Status: 200 - Duration: 0.159s - IP: 127.0.0.1 - User: fedegarcia30@gmail.com
2026-03-07 15:59:27,981 | INFO     | app | [GET] /api/v1/stats/expenses - Status: 200 - Duration: 0.024s - IP: 127.0.0.1 - User: fedegarcia30@gmail.com
2026-03-07 15:59:28,424 | INFO     | app | [OPTIONS] /api/v1/stats/dashboard - Status: 200 - Duration: 0.0s - IP: 127.0.0.1 - User: Anonymous
2026-03-07 15:59:28,424 | INFO     | app | [OPTIONS] /api/v1/stats/expenses - Status: 200 - Duration: 0.0s - IP: 127.0.0.1 - User: Anonymous
2026-03-07 15:59:28,739 | INFO     | app | [GET] /api/v1/stats/dashboard - Status: 200 - Duration: 0.052s - IP: 127.0.0.1 - User: fedegarcia30@gmail.com
2026-03-07 15:59:28,748 | INFO     | app | [GET] /api/v1/stats/expenses - Status: 200 - Duration: 0.018s - IP: 127.0.0.1 - User: fedegarcia30@gmail.com
2026-03-07 15:59:31,654 | INFO     | app | [OPTIONS] /api/v1/stats/dashboard - Status: 200 - Duration: 0.0s - IP: 127.0.0.1 - User: Anonymous
2026-03-07 15:59:31,959 | INFO     | app | [OPTIONS] /api/v1/stats/expenses - Status: 200 - Duration: 0.0s - IP: 127.0.0.1 - User: Anonymous
2026-03-07 15:59:32,013 | INFO     | app | [GET] /api/v1/stats/dashboard - Status: 200 - Duration: 0.053s - IP: 127.0.0.1 - User: fedegarcia30@gmail.com
2026-03-07 15:59:32,284 | INFO     | app | [GET] /api/v1/stats/expenses - Status: 200 - Duration: 0.021s - IP: 127.0.0.1 - User: fedegarcia30@gmail.com
2026-03-07 15:59:34,923 | INFO     | app | [OPTIONS] /api/v1/stats/dashboard - Status: 200 - Duration: 0.0s - IP: 127.0.0.1 - User: Anonymous
2026-03-07 15:59:34,925 | INFO     | app | [OPTIONS] /api/v1/stats/expenses - Status: 200 - Duration: 0.0s - IP: 127.0.0.1 - User: Anonymous
2026-03-07 15:59:35,231 | INFO     | app | [GET] /api/v1/stats/dashboard - Status: 200 - Duration: 0.05s - IP: 127.0.0.1 - User: fedegarcia30@gmail.com
2026-03-07 15:59:35,252 | INFO     | app | [GET] /api/v1/stats/expenses - Status: 200 - Duration: 0.018s - IP: 127.0.0.1 - User: fedegarcia30@gmail.com
2026-03-07 15:59:37,397 | INFO     | app | [OPTIONS] /api/v1/stats/dashboard - Status: 200 - Duration: 0.0s - IP: 127.0.0.1 - User: Anonymous
2026-03-07 15:59:37,703 | INFO     | app | [OPTIONS] /api/v1/stats/expenses - Status: 200 - Duration: 0.0s - IP: 127.0.0.1 - User: Anonymous
2026-03-07 15:59:37,753 | INFO     | app | [GET] /api/v1/stats/dashboard - Status: 200 - Duration: 0.048s - IP: 127.0.0.1 - User: fedegarcia30@gmail.com
2026-03-07 15:59:38,029 | INFO     | app | [GET] /api/v1/stats/expenses - Status: 200 - Duration: 0.015s - IP: 127.0.0.1 - User: fedegarcia30@gmail.com
2026-03-07 15:59:38,694 | INFO     | app | [GET] /api/v1/stats/expenses - Status: 200 - Duration: 0.025s - IP: 127.0.0.1 - User: fedegarcia30@gmail.com
2026-03-07 15:59:38,718 | INFO     | app | [GET] /api/v1/stats/dashboard - Status: 200 - Duration: 0.05s - IP: 127.0.0.1 - User: fedegarcia30@gmail.com
2026-03-07 15:59:39,446 | INFO     | app | [OPTIONS] /api/v1/stats/dashboard - Status: 200 - Duration: 0.0s - IP: 127.0.0.1 - User: Anonymous
2026-03-07 15:59:39,755 | INFO     | app | [OPTIONS] /api/v1/stats/expenses - Status: 200 - Duration: 0.0s - IP: 127.0.0.1 - User: Anonymous
2026-03-07 15:59:39,816 | INFO     | app | [GET] /api/v1/stats/dashboard - Status: 200 - Duration: 0.059s - IP: 127.0.0.1 - User: fedegarcia30@gmail.com
2026-03-07 15:59:40,084 | INFO     | app | [GET] /api/v1/stats/expenses - Status: 200 - Duration: 0.016s - IP: 127.0.0.1 - User: fedegarcia30@gmail.com
2026-03-07 15:59:41,697 | INFO     | app | [OPTIONS] /api/v1/stats/dashboard - Status: 200 - Duration: 0.0s - IP: 127.0.0.1 - User: Anonymous
2026-03-07 15:59:41,697 | INFO     | app | [OPTIONS] /api/v1/stats/expenses - Status: 200 - Duration: 0.0s - IP: 127.0.0.1 - User: Anonymous
2026-03-07 15:59:42,022 | INFO     | app | [GET] /api/v1/stats/expenses - Status: 200 - Duration: 0.019s - IP: 127.0.0.1 - User: fedegarcia30@gmail.com
2026-03-07 15:59:42,029 | INFO     | app | [GET] /api/v1/stats/dashboard - Status: 200 - Duration: 0.076s - IP: 127.0.0.1 - User: fedegarcia30@gmail.com
2026-03-07 15:59:56,652 | INFO     | app | [OPTIONS] /api/v1/stats/dashboard - Status: 200 - Duration: 0.0s - IP: 127.0.0.1 - User: Anonymous
2026-03-07 15:59:56,955 | INFO     | app | [OPTIONS] /api/v1/stats/expenses - Status: 200 - Duration: 0.0s - IP: 127.0.0.1 - User: Anonymous
2026-03-07 15:59:57,089 | INFO     | app | [GET] /api/v1/stats/dashboard - Status: 200 - Duration: 0.134s - IP: 127.0.0.1 - User: fedegarcia30@gmail.com
2026-03-07 15:59:57,281 | INFO     | app | [GET] /api/v1/stats/expenses - Status: 200 - Duration: 0.016s - IP: 127.0.0.1 - User: fedegarcia30@gmail.com
2026-03-07 16:00:13,055 | INFO     | app | [OPTIONS] /api/v1/ingredients - Status: 200 - Duration: 0.0s - IP: 127.0.0.1 - User: Anonymous
2026-03-07 16:00:13,056 | INFO     | app | [OPTIONS] /api/v1/ingredients - Status: 200 - Duration: 0.0s - IP: 127.0.0.1 - User: Anonymous
2026-03-07 16:00:13,325 | INFO     | app | [GET] /api/v1/ingredients - Status: 200 - Duration: 0.008s - IP: 127.0.0.1 - User: fedegarcia30@gmail.com
2026-03-07 16:00:13,373 | INFO     | app | [GET] /api/v1/ingredients - Status: 200 - Duration: 0.008s - IP: 127.0.0.1 - User: fedegarcia30@gmail.com
2026-03-07 16:00:13,865 | INFO     | app | [OPTIONS] /api/v1/rices - Status: 200 - Duration: 0.0s - IP: 127.0.0.1 - User: Anonymous
2026-03-07 16:00:14,172 | INFO     | app | [OPTIONS] /api/v1/rices - Status: 200 - Duration: 0.0s - IP: 127.0.0.1 - User: Anonymous
2026-03-07 16:00:14,181 | INFO     | app | [GET] /api/v1/rices - Status: 200 - Duration: 0.006s - IP: 127.0.0.1 - User: fedegarcia30@gmail.com
2026-03-07 16:00:14,508 | INFO     | app | [GET] /api/v1/rices - Status: 200 - Duration: 0.004s - IP: 127.0.0.1 - User: fedegarcia30@gmail.com
2026-03-07 16:00:41,805 | INFO     | app | [OPTIONS] /api/v1/auth/me - Status: 200 - Duration: 0.0s - IP: 127.0.0.1 - User: Anonymous
2026-03-07 16:00:42,129 | INFO     | app | [GET] /api/v1/auth/me - Status: 200 - Duration: 0.005s - IP: 127.0.0.1 - User: test01@test.com
2026-03-07 16:00:42,374 | INFO     | app | [OPTIONS] /api/v1/pedidos/calendar - Status: 200 - Duration: 0.0s - IP: 127.0.0.1 - User: Anonymous
2026-03-07 16:00:42,490 | INFO     | app | [OPTIONS] /api/v1/pedidos/calendar - Status: 200 - Duration: 0.0s - IP: 127.0.0.1 - User: Anonymous
2026-03-07 16:00:42,501 | INFO     | app | [GET] /api/v1/pedidos/calendar - Status: 200 - Duration: 0.008s - IP: 127.0.0.1 - User: test01@test.com
2026-03-07 16:00:42,691 | INFO     | app | [GET] /api/v1/pedidos/calendar - Status: 200 - Duration: 0.006s - IP: 127.0.0.1 - User: test01@test.com
2026-03-07 16:00:43,995 | INFO     | app | [OPTIONS] /api/v1/rices - Status: 200 - Duration: 0.0s - IP: 127.0.0.1 - User: Anonymous
2026-03-07 16:00:44,303 | INFO     | app | [OPTIONS] /api/v1/rices - Status: 200 - Duration: 0.0s - IP: 127.0.0.1 - User: Anonymous
2026-03-07 16:00:44,312 | INFO     | app | [GET] /api/v1/rices - Status: 200 - Duration: 0.008s - IP: 127.0.0.1 - User: test01@test.com
2026-03-07 16:00:44,632 | INFO     | app | [GET] /api/v1/rices - Status: 200 - Duration: 0.004s - IP: 127.0.0.1 - User: test01@test.com
2026-03-07 16:00:46,724 | INFO     | app | [OPTIONS] /api/v1/ingredients - Status: 200 - Duration: 0.0s - IP: 127.0.0.1 - User: Anonymous
2026-03-07 16:00:46,725 | INFO     | app | [OPTIONS] /api/v1/rices/1/recipe - Status: 200 - Duration: 0.0s - IP: 127.0.0.1 - User: Anonymous
2026-03-07 16:00:46,727 | INFO     | app | [OPTIONS] /api/v1/ingredients - Status: 200 - Duration: 0.0s - IP: 127.0.0.1 - User: Anonymous
2026-03-07 16:00:46,729 | INFO     | app | [OPTIONS] /api/v1/rices/1/recipe - Status: 200 - Duration: 0.0s - IP: 127.0.0.1 - User: Anonymous
2026-03-07 16:00:46,981 | INFO     | app | [GET] /api/v1/ingredients - Status: 200 - Duration: 0.005s - IP: 127.0.0.1 - User: test01@test.com
2026-03-07 16:00:47,039 | INFO     | app | [GET] /api/v1/ingredients - Status: 200 - Duration: 0.006s - IP: 127.0.0.1 - User: test01@test.com
2026-03-07 16:00:47,039 | INFO     | app | [GET] /api/v1/rices/1/recipe - Status: 200 - Duration: 0.006s - IP: 127.0.0.1 - User: test01@test.com
2026-03-07 16:00:47,292 | INFO     | app | [GET] /api/v1/rices/1/recipe - Status: 200 - Duration: 0.004s - IP: 127.0.0.1 - User: test01@test.com
2026-03-07 16:00:52,513 | INFO     | app | [OPTIONS] /api/v1/ingredients - Status: 200 - Duration: 0.0s - IP: 127.0.0.1 - User: Anonymous
2026-03-07 16:00:52,821 | INFO     | app | [OPTIONS] /api/v1/rices/1/recipe - Status: 200 - Duration: 0.0s - IP: 127.0.0.1 - User: Anonymous
2026-03-07 16:00:52,821 | INFO     | app | [OPTIONS] /api/v1/rices/1/recipe - Status: 200 - Duration: 0.0s - IP: 127.0.0.1 - User: Anonymous
2026-03-07 16:00:52,822 | INFO     | app | [OPTIONS] /api/v1/ingredients - Status: 200 - Duration: 0.0s - IP: 127.0.0.1 - User: Anonymous
2026-03-07 16:00:52,830 | INFO     | app | [GET] /api/v1/ingredients - Status: 200 - Duration: 0.007s - IP: 127.0.0.1 - User: test01@test.com
2026-03-07 16:00:53,135 | INFO     | app | [GET] /api/v1/rices/1/recipe - Status: 200 - Duration: 0.004s - IP: 127.0.0.1 - User: test01@test.com
2026-03-07 16:00:53,141 | INFO     | app | [GET] /api/v1/ingredients - Status: 200 - Duration: 0.004s - IP: 127.0.0.1 - User: test01@test.com
2026-03-07 16:00:53,444 | INFO     | app | [GET] /api/v1/rices/1/recipe - Status: 200 - Duration: 0.003s - IP: 127.0.0.1 - User: test01@test.com
2026-03-07 16:00:56,629 | INFO     | app | [OPTIONS] /api/v1/rices/19/recipe - Status: 200 - Duration: 0.0s - IP: 127.0.0.1 - User: Anonymous
2026-03-07 16:00:56,630 | INFO     | app | [OPTIONS] /api/v1/rices/19/recipe - Status: 200 - Duration: 0.0s - IP: 127.0.0.1 - User: Anonymous
2026-03-07 16:00:56,634 | INFO     | app | [GET] /api/v1/ingredients - Status: 200 - Duration: 0.006s - IP: 127.0.0.1 - User: test01@test.com
2026-03-07 16:00:56,885 | INFO     | app | [GET] /api/v1/rices/19/recipe - Status: 200 - Duration: 0.005s - IP: 127.0.0.1 - User: test01@test.com
2026-03-07 16:00:56,947 | INFO     | app | [GET] /api/v1/ingredients - Status: 200 - Duration: 0.006s - IP: 127.0.0.1 - User: test01@test.com
2026-03-07 16:00:56,949 | INFO     | app | [GET] /api/v1/rices/19/recipe - Status: 200 - Duration: 0.007s - IP: 127.0.0.1 - User: test01@test.com
2026-03-07 16:01:02,031 | INFO     | app | [OPTIONS] /api/v1/ingredients - Status: 200 - Duration: 0.0s - IP: 127.0.0.1 - User: Anonymous
2026-03-07 16:01:02,339 | INFO     | app | [OPTIONS] /api/v1/rices/2/recipe - Status: 200 - Duration: 0.0s - IP: 127.0.0.1 - User: Anonymous
2026-03-07 16:01:02,340 | INFO     | app | [OPTIONS] /api/v1/ingredients - Status: 200 - Duration: 0.0s - IP: 127.0.0.1 - User: Anonymous
2026-03-07 16:01:02,340 | INFO     | app | [OPTIONS] /api/v1/rices/2/recipe - Status: 200 - Duration: 0.0s - IP: 127.0.0.1 - User: Anonymous
2026-03-07 16:01:02,347 | INFO     | app | [GET] /api/v1/ingredients - Status: 200 - Duration: 0.007s - IP: 127.0.0.1 - User: test01@test.com
2026-03-07 16:01:02,656 | INFO     | app | [GET] /api/v1/rices/2/recipe - Status: 200 - Duration: 0.009s - IP: 127.0.0.1 - User: test01@test.com
2026-03-07 16:01:02,657 | INFO     | app | [GET] /api/v1/ingredients - Status: 200 - Duration: 0.005s - IP: 127.0.0.1 - User: test01@test.com
2026-03-07 16:01:02,973 | INFO     | app | [GET] /api/v1/rices/2/recipe - Status: 200 - Duration: 0.007s - IP: 127.0.0.1 - User: test01@test.com
2026-03-07 16:01:14,083 | INFO     | app | [OPTIONS] /api/v1/clients/stats - Status: 200 - Duration: 0.0s - IP: 127.0.0.1 - User: Anonymous
2026-03-07 16:01:14,084 | INFO     | app | [OPTIONS] /api/v1/clients/stats - Status: 200 - Duration: 0.0s - IP: 127.0.0.1 - User: Anonymous
2026-03-07 16:01:14,332 | INFO     | app | [OPTIONS] /api/v1/clients - Status: 200 - Duration: 0.0s - IP: 127.0.0.1 - User: Anonymous
2026-03-07 16:01:14,389 | INFO     | app | [GET] /api/v1/clients/stats - Status: 200 - Duration: 0.026s - IP: 127.0.0.1 - User: test01@test.com
2026-03-07 16:01:14,398 | INFO     | app | [GET] /api/v1/clients - Status: 200 - Duration: 0.007s - IP: 127.0.0.1 - User: test01@test.com
2026-03-07 16:01:14,660 | INFO     | app | [GET] /api/v1/clients/stats - Status: 200 - Duration: 0.019s - IP: 127.0.0.1 - User: test01@test.com
2026-03-07 16:01:25,739 | INFO     | app | [OPTIONS] /api/v1/rices - Status: 200 - Duration: 0.0s - IP: 127.0.0.1 - User: Anonymous
2026-03-07 16:01:26,053 | INFO     | app | [OPTIONS] /api/v1/rices - Status: 200 - Duration: 0.0s - IP: 127.0.0.1 - User: Anonymous
2026-03-07 16:01:26,062 | INFO     | app | [GET] /api/v1/rices - Status: 200 - Duration: 0.006s - IP: 127.0.0.1 - User: test01@test.com
2026-03-07 16:01:26,381 | INFO     | app | [GET] /api/v1/rices - Status: 200 - Duration: 0.002s - IP: 127.0.0.1 - User: test01@test.com
2026-03-07 16:01:45,775 | INFO     | app | [OPTIONS] /api/v1/ingredients - Status: 200 - Duration: 0.0s - IP: 127.0.0.1 - User: Anonymous
2026-03-07 16:01:45,776 | INFO     | app | [OPTIONS] /api/v1/rices/1/recipe - Status: 200 - Duration: 0.001s - IP: 127.0.0.1 - User: Anonymous
2026-03-07 16:01:45,776 | INFO     | app | [OPTIONS] /api/v1/rices/1/recipe - Status: 200 - Duration: 0.0s - IP: 127.0.0.1 - User: Anonymous
2026-03-07 16:01:45,777 | INFO     | app | [OPTIONS] /api/v1/ingredients - Status: 200 - Duration: 0.0s - IP: 127.0.0.1 - User: Anonymous
2026-03-07 16:01:46,033 | INFO     | app | [GET] /api/v1/ingredients - Status: 200 - Duration: 0.007s - IP: 127.0.0.1 - User: test01@test.com
2026-03-07 16:01:46,099 | INFO     | app | [GET] /api/v1/ingredients - Status: 200 - Duration: 0.005s - IP: 127.0.0.1 - User: test01@test.com
2026-03-07 16:01:46,099 | INFO     | app | [GET] /api/v1/rices/1/recipe - Status: 200 - Duration: 0.006s - IP: 127.0.0.1 - User: test01@test.com
2026-03-07 16:01:46,349 | INFO     | app | [GET] /api/v1/rices/1/recipe - Status: 200 - Duration: 0.004s - IP: 127.0.0.1 - User: test01@test.com
2026-03-07 16:01:50,357 | INFO     | app | [OPTIONS] /api/v1/availability/check - Status: 200 - Duration: 0.0s - IP: 127.0.0.1 - User: Anonymous
2026-03-07 16:01:50,665 | INFO     | app | [OPTIONS] /api/v1/pedidos - Status: 200 - Duration: 0.0s - IP: 127.0.0.1 - User: Anonymous
2026-03-07 16:01:50,667 | INFO     | app | [OPTIONS] /api/v1/availability/check - Status: 200 - Duration: 0.0s - IP: 127.0.0.1 - User: Anonymous
2026-03-07 16:01:50,668 | INFO     | app | [OPTIONS] /api/v1/pedidos - Status: 200 - Duration: 0.0s - IP: 127.0.0.1 - User: Anonymous
2026-03-07 16:01:50,680 | INFO     | app | [POST] /api/v1/availability/check - Status: 200 - Duration: 0.01s - IP: 127.0.0.1 - User: test01@test.com
2026-03-07 16:01:50,983 | INFO     | app | [POST] /api/v1/availability/check - Status: 200 - Duration: 0.008s - IP: 127.0.0.1 - User: test01@test.com
2026-03-07 16:01:50,983 | INFO     | app | [GET] /api/v1/pedidos - Status: 200 - Duration: 0.006s - IP: 127.0.0.1 - User: test01@test.com
2026-03-07 16:01:51,292 | INFO     | app | [GET] /api/v1/pedidos - Status: 200 - Duration: 0.004s - IP: 127.0.0.1 - User: test01@test.com
2026-03-07 16:01:53,031 | INFO     | app | [OPTIONS] /api/v1/pedidos/calendar - Status: 200 - Duration: 0.0s - IP: 127.0.0.1 - User: Anonymous
2026-03-07 16:01:53,031 | INFO     | app | [OPTIONS] /api/v1/pedidos/calendar - Status: 200 - Duration: 0.0s - IP: 127.0.0.1 - User: Anonymous
2026-03-07 16:01:53,290 | INFO     | app | [GET] /api/v1/pedidos/calendar - Status: 200 - Duration: 0.003s - IP: 127.0.0.1 - User: test01@test.com
2026-03-07 16:01:53,345 | INFO     | app | [GET] /api/v1/pedidos/calendar - Status: 200 - Duration: 0.004s - IP: 127.0.0.1 - User: test01@test.com
2026-03-07 16:01:54,119 | INFO     | app | [POST] /api/v1/availability/check - Status: 200 - Duration: 0.008s - IP: 127.0.0.1 - User: test01@test.com
2026-03-07 16:01:54,418 | INFO     | app | [OPTIONS] /api/v1/pedidos - Status: 200 - Duration: 0.0s - IP: 127.0.0.1 - User: Anonymous
2026-03-07 16:01:54,420 | INFO     | app | [OPTIONS] /api/v1/pedidos - Status: 200 - Duration: 0.0s - IP: 127.0.0.1 - User: Anonymous
2026-03-07 16:01:54,428 | INFO     | app | [POST] /api/v1/availability/check - Status: 200 - Duration: 0.009s - IP: 127.0.0.1 - User: test01@test.com
2026-03-07 16:01:54,750 | INFO     | app | [GET] /api/v1/pedidos - Status: 200 - Duration: 0.024s - IP: 127.0.0.1 - User: test01@test.com
2026-03-07 16:01:55,076 | INFO     | app | [GET] /api/v1/pedidos - Status: 200 - Duration: 0.021s - IP: 127.0.0.1 - User: test01@test.com
2026-03-07 16:01:56,931 | INFO     | app | [GET] /api/v1/pedidos/calendar - Status: 200 - Duration: 0.009s - IP: 127.0.0.1 - User: test01@test.com
2026-03-07 16:01:57,167 | INFO     | app | [GET] /api/v1/pedidos/calendar - Status: 200 - Duration: 0.002s - IP: 127.0.0.1 - User: test01@test.com
2026-03-07 16:01:58,555 | INFO     | app | [OPTIONS] /api/v1/clients/stats - Status: 200 - Duration: 0.0s - IP: 127.0.0.1 - User: Anonymous
2026-03-07 16:01:58,859 | INFO     | app | [OPTIONS] /api/v1/clients/stats - Status: 200 - Duration: 0.0s - IP: 127.0.0.1 - User: Anonymous
2026-03-07 16:01:58,884 | INFO     | app | [GET] /api/v1/clients/stats - Status: 200 - Duration: 0.02s - IP: 127.0.0.1 - User: test01@test.com
2026-03-07 16:01:59,120 | INFO     | app | [OPTIONS] /api/v1/clients - Status: 200 - Duration: 0.0s - IP: 127.0.0.1 - User: Anonymous
2026-03-07 16:01:59,206 | INFO     | app | [GET] /api/v1/clients/stats - Status: 200 - Duration: 0.017s - IP: 127.0.0.1 - User: test01@test.com
2026-03-07 16:01:59,440 | INFO     | app | [GET] /api/v1/clients - Status: 200 - Duration: 0.006s - IP: 127.0.0.1 - User: test01@test.com
2026-03-07 16:02:47,021 | INFO     | app | [OPTIONS] /api/v1/availability/check - Status: 200 - Duration: 0.0s - IP: 127.0.0.1 - User: Anonymous
2026-03-07 16:02:47,023 | INFO     | app | [OPTIONS] /api/v1/pedidos - Status: 200 - Duration: 0.0s - IP: 127.0.0.1 - User: Anonymous
2026-03-07 16:02:47,023 | INFO     | app | [OPTIONS] /api/v1/availability/check - Status: 200 - Duration: 0.0s - IP: 127.0.0.1 - User: Anonymous
2026-03-07 16:02:47,024 | INFO     | app | [OPTIONS] /api/v1/pedidos - Status: 200 - Duration: 0.0s - IP: 127.0.0.1 - User: Anonymous
2026-03-07 16:02:47,277 | INFO     | app | [POST] /api/v1/availability/check - Status: 200 - Duration: 0.004s - IP: 127.0.0.1 - User: test01@test.com
2026-03-07 16:02:47,340 | INFO     | app | [POST] /api/v1/availability/check - Status: 200 - Duration: 0.004s - IP: 127.0.0.1 - User: test01@test.com
2026-03-07 16:02:47,340 | INFO     | app | [GET] /api/v1/pedidos - Status: 200 - Duration: 0.004s - IP: 127.0.0.1 - User: test01@test.com
2026-03-07 16:02:47,351 | INFO     | app | [GET] /api/v1/pedidos - Status: 200 - Duration: 0.006s - IP: 127.0.0.1 - User: test01@test.com
2026-03-07 16:03:15,605 | INFO     | app | [OPTIONS] /api/v1/pedidos/calendar - Status: 200 - Duration: 0.0s - IP: 127.0.0.1 - User: Anonymous
2026-03-07 16:03:15,607 | INFO     | app | [OPTIONS] /api/v1/pedidos/calendar - Status: 200 - Duration: 0.0s - IP: 127.0.0.1 - User: Anonymous
2026-03-07 16:03:15,871 | INFO     | app | [GET] /api/v1/pedidos/calendar - Status: 200 - Duration: 0.005s - IP: 127.0.0.1 - User: test01@test.com
2026-03-07 16:03:15,918 | INFO     | app | [GET] /api/v1/pedidos/calendar - Status: 200 - Duration: 0.005s - IP: 127.0.0.1 - User: test01@test.com
2026-03-07 16:03:19,960 | INFO     | app | [OPTIONS] /api/v1/availability/check - Status: 200 - Duration: 0.004s - IP: 127.0.0.1 - User: Anonymous
2026-03-07 16:03:20,267 | INFO     | app | [OPTIONS] /api/v1/pedidos - Status: 200 - Duration: 0.0s - IP: 127.0.0.1 - User: Anonymous
2026-03-07 16:03:20,267 | INFO     | app | [OPTIONS] /api/v1/pedidos - Status: 200 - Duration: 0.0s - IP: 127.0.0.1 - User: Anonymous
2026-03-07 16:03:20,268 | INFO     | app | [OPTIONS] /api/v1/availability/check - Status: 200 - Duration: 0.0s - IP: 127.0.0.1 - User: Anonymous
2026-03-07 16:03:20,275 | INFO     | app | [POST] /api/v1/availability/check - Status: 200 - Duration: 0.007s - IP: 127.0.0.1 - User: test01@test.com
2026-03-07 16:03:20,583 | INFO     | app | [GET] /api/v1/pedidos - Status: 200 - Duration: 0.004s - IP: 127.0.0.1 - User: test01@test.com
2026-03-07 16:03:20,584 | INFO     | app | [POST] /api/v1/availability/check - Status: 200 - Duration: 0.005s - IP: 127.0.0.1 - User: test01@test.com
2026-03-07 16:03:20,894 | INFO     | app | [GET] /api/v1/pedidos - Status: 200 - Duration: 0.004s - IP: 127.0.0.1 - User: test01@test.com
2026-03-07 16:06:25,644 | INFO     | app | [OPTIONS] /api/v1/pedidos/calendar - Status: 200 - Duration: 0.0s - IP: 127.0.0.1 - User: Anonymous
2026-03-07 16:06:25,645 | INFO     | app | [OPTIONS] /api/v1/pedidos/calendar - Status: 200 - Duration: 0.0s - IP: 127.0.0.1 - User: Anonymous
2026-03-07 16:06:25,915 | INFO     | app | [GET] /api/v1/pedidos/calendar - Status: 200 - Duration: 0.005s - IP: 127.0.0.1 - User: test01@test.com
2026-03-07 16:06:25,962 | INFO     | app | [GET] /api/v1/pedidos/calendar - Status: 200 - Duration: 0.006s - IP: 127.0.0.1 - User: test01@test.com
2026-03-07 16:09:24,328 | INFO     | app | [OPTIONS] /api/v1/auth/me - Status: 200 - Duration: 0.0s - IP: 127.0.0.1 - User: Anonymous
2026-03-07 16:09:24,602 | INFO     | app | [GET] /api/v1/auth/me - Status: 200 - Duration: 0.002s - IP: 127.0.0.1 - User: test01@test.com
2026-03-07 16:09:24,636 | INFO     | app | [OPTIONS] /api/v1/pedidos/calendar - Status: 200 - Duration: 0.0s - IP: 127.0.0.1 - User: Anonymous
2026-03-07 16:09:24,923 | INFO     | app | [OPTIONS] /api/v1/pedidos/calendar - Status: 200 - Duration: 0.0s - IP: 127.0.0.1 - User: Anonymous
2026-03-07 16:09:24,929 | INFO     | app | [GET] /api/v1/pedidos/calendar - Status: 200 - Duration: 0.006s - IP: 127.0.0.1 - User: test01@test.com
2026-03-07 16:09:24,946 | INFO     | app | [GET] /api/v1/pedidos/calendar - Status: 200 - Duration: 0.004s - IP: 127.0.0.1 - User: test01@test.com
2026-03-07 16:15:03,330 | INFO     | app | [OPTIONS] /api/v1/auth/me - Status: 200 - Duration: 0.0s - IP: 127.0.0.1 - User: Anonymous
2026-03-07 16:15:03,586 | INFO     | app | [GET] /api/v1/auth/me - Status: 200 - Duration: 0.003s - IP: 127.0.0.1 - User: fedegarcia30@gmail.com
2026-03-07 16:15:03,639 | INFO     | app | [OPTIONS] /api/v1/pedidos/calendar - Status: 200 - Duration: 0.0s - IP: 127.0.0.1 - User: Anonymous
2026-03-07 16:15:03,947 | INFO     | app | [OPTIONS] /api/v1/pedidos/calendar - Status: 200 - Duration: 0.0s - IP: 127.0.0.1 - User: Anonymous
2026-03-07 16:15:03,952 | INFO     | app | [GET] /api/v1/pedidos/calendar - Status: 200 - Duration: 0.004s - IP: 127.0.0.1 - User: fedegarcia30@gmail.com
2026-03-07 16:15:04,263 | INFO     | app | [GET] /api/v1/pedidos/calendar - Status: 200 - Duration: 0.003s - IP: 127.0.0.1 - User: fedegarcia30@gmail.com
2026-03-07 16:15:27,859 | INFO     | app | [OPTIONS] /api/v1/auth/me - Status: 200 - Duration: 0.0s - IP: 127.0.0.1 - User: Anonymous
2026-03-07 16:15:28,128 | INFO     | app | [GET] /api/v1/auth/me - Status: 200 - Duration: 0.003s - IP: 127.0.0.1 - User: fedegarcia30@gmail.com
2026-03-07 16:15:28,199 | INFO     | app | [OPTIONS] /api/v1/availability/check - Status: 200 - Duration: 0.0s - IP: 127.0.0.1 - User: Anonymous
2026-03-07 16:15:28,516 | INFO     | app | [OPTIONS] /api/v1/availability/check - Status: 200 - Duration: 0.001s - IP: 127.0.0.1 - User: Anonymous
2026-03-07 16:15:28,517 | INFO     | app | [OPTIONS] /api/v1/availability/check - Status: 200 - Duration: 0.0s - IP: 127.0.0.1 - User: Anonymous
2026-03-07 16:15:28,827 | INFO     | app | [OPTIONS] /api/v1/availability/check - Status: 200 - Duration: 0.0s - IP: 127.0.0.1 - User: Anonymous
2026-03-07 16:15:28,827 | INFO     | app | [OPTIONS] /api/v1/pedidos/calendar - Status: 200 - Duration: 0.0s - IP: 127.0.0.1 - User: Anonymous
2026-03-07 16:15:29,139 | INFO     | app | [OPTIONS] /api/v1/pedidos/calendar - Status: 200 - Duration: 0.0s - IP: 127.0.0.1 - User: Anonymous
2026-03-07 16:15:29,143 | INFO     | app | [GET] /api/v1/pedidos/calendar - Status: 200 - Duration: 0.006s - IP: 127.0.0.1 - User: fedegarcia30@gmail.com
2026-03-07 16:15:29,406 | INFO     | app | [GET] /api/v1/pedidos/calendar - Status: 200 - Duration: 0.003s - IP: 127.0.0.1 - User: fedegarcia30@gmail.com
2026-03-07 16:15:46,458 | INFO     | app | [OPTIONS] /api/v1/stats/dashboard - Status: 200 - Duration: 0.0s - IP: 127.0.0.1 - User: Anonymous
2026-03-07 16:15:46,775 | INFO     | app | [OPTIONS] /api/v1/stats/expenses - Status: 200 - Duration: 0.0s - IP: 127.0.0.1 - User: Anonymous
2026-03-07 16:15:46,776 | INFO     | app | [OPTIONS] /api/v1/stats/dashboard - Status: 200 - Duration: 0.0s - IP: 127.0.0.1 - User: Anonymous
2026-03-07 16:15:46,777 | INFO     | app | [OPTIONS] /api/v1/stats/expenses - Status: 200 - Duration: 0.0s - IP: 127.0.0.1 - User: Anonymous
2026-03-07 16:15:46,886 | INFO     | app | [GET] /api/v1/stats/dashboard - Status: 200 - Duration: 0.108s - IP: 127.0.0.1 - User: fedegarcia30@gmail.com
2026-03-07 16:15:47,109 | INFO     | app | [GET] /api/v1/stats/expenses - Status: 200 - Duration: 0.026s - IP: 127.0.0.1 - User: fedegarcia30@gmail.com
2026-03-07 16:15:47,139 | INFO     | app | [GET] /api/v1/stats/expenses - Status: 200 - Duration: 0.047s - IP: 127.0.0.1 - User: fedegarcia30@gmail.com
2026-03-07 16:15:47,206 | INFO     | app | [GET] /api/v1/stats/dashboard - Status: 200 - Duration: 0.121s - IP: 127.0.0.1 - User: fedegarcia30@gmail.com
2026-03-07 16:17:04,235 | INFO     | app | [OPTIONS] /api/v1/pedidos/calendar - Status: 200 - Duration: 0.001s - IP: 127.0.0.1 - User: Anonymous
2026-03-07 16:17:04,236 | INFO     | app | [OPTIONS] /api/v1/pedidos/calendar - Status: 200 - Duration: 0.0s - IP: 127.0.0.1 - User: Anonymous
2026-03-07 16:17:04,497 | INFO     | app | [GET] /api/v1/pedidos/calendar - Status: 200 - Duration: 0.003s - IP: 127.0.0.1 - User: fedegarcia30@gmail.com
2026-03-07 16:17:04,555 | INFO     | app | [GET] /api/v1/pedidos/calendar - Status: 200 - Duration: 0.007s - IP: 127.0.0.1 - User: fedegarcia30@gmail.com
2026-03-07 16:18:42,796 | INFO     | app | [OPTIONS] /api/v1/auth/me - Status: 200 - Duration: 0.0s - IP: 127.0.0.1 - User: Anonymous
2026-03-07 16:18:43,062 | INFO     | app | [GET] /api/v1/auth/me - Status: 200 - Duration: 0.004s - IP: 127.0.0.1 - User: cocinero@cocinero.com
2026-03-07 16:18:43,137 | INFO     | app | [OPTIONS] /api/v1/pedidos/calendar - Status: 200 - Duration: 0.0s - IP: 127.0.0.1 - User: Anonymous
2026-03-07 16:18:43,443 | INFO     | app | [OPTIONS] /api/v1/pedidos/calendar - Status: 200 - Duration: 0.0s - IP: 127.0.0.1 - User: Anonymous
2026-03-07 16:18:43,450 | INFO     | app | [GET] /api/v1/pedidos/calendar - Status: 200 - Duration: 0.006s - IP: 127.0.0.1 - User: cocinero@cocinero.com
2026-03-07 16:18:43,759 | INFO     | app | [GET] /api/v1/pedidos/calendar - Status: 200 - Duration: 0.004s - IP: 127.0.0.1 - User: cocinero@cocinero.com
2026-03-07 16:20:15,042 | INFO     | app | [OPTIONS] /api/v1/availability/check - Status: 200 - Duration: 0.0s - IP: 127.0.0.1 - User: Anonymous
2026-03-07 16:20:15,043 | INFO     | app | [OPTIONS] /api/v1/pedidos - Status: 200 - Duration: 0.0s - IP: 127.0.0.1 - User: Anonymous
2026-03-07 16:20:15,044 | INFO     | app | [OPTIONS] /api/v1/availability/check - Status: 200 - Duration: 0.0s - IP: 127.0.0.1 - User: Anonymous
2026-03-07 16:20:15,045 | INFO     | app | [OPTIONS] /api/v1/pedidos - Status: 200 - Duration: 0.0s - IP: 127.0.0.1 - User: Anonymous
2026-03-07 16:20:15,314 | INFO     | app | [POST] /api/v1/availability/check - Status: 200 - Duration: 0.008s - IP: 127.0.0.1 - User: cocinero@cocinero.com
2026-03-07 16:20:15,364 | INFO     | app | [GET] /api/v1/pedidos - Status: 200 - Duration: 0.009s - IP: 127.0.0.1 - User: cocinero@cocinero.com
2026-03-07 16:20:15,365 | INFO     | app | [POST] /api/v1/availability/check - Status: 200 - Duration: 0.009s - IP: 127.0.0.1 - User: cocinero@cocinero.com
2026-03-07 16:20:15,367 | INFO     | app | [GET] /api/v1/pedidos - Status: 200 - Duration: 0.011s - IP: 127.0.0.1 - User: cocinero@cocinero.com
2026-03-07 16:20:27,536 | INFO     | app | [OPTIONS] /api/v1/pedidos/calendar - Status: 200 - Duration: 0.0s - IP: 127.0.0.1 - User: Anonymous
2026-03-07 16:20:27,852 | INFO     | app | [OPTIONS] /api/v1/pedidos/calendar - Status: 200 - Duration: 0.0s - IP: 127.0.0.1 - User: Anonymous
2026-03-07 16:20:27,861 | INFO     | app | [GET] /api/v1/pedidos/calendar - Status: 200 - Duration: 0.01s - IP: 127.0.0.1 - User: cocinero@cocinero.com
2026-03-07 16:20:28,172 | INFO     | app | [GET] /api/v1/pedidos/calendar - Status: 200 - Duration: 0.007s - IP: 127.0.0.1 - User: cocinero@cocinero.com
2026-03-07 16:20:42,589 | INFO     | app | [OPTIONS] /api/v1/availability/check - Status: 200 - Duration: 0.0s - IP: 127.0.0.1 - User: Anonymous
2026-03-07 16:20:42,589 | INFO     | app | [OPTIONS] /api/v1/pedidos - Status: 200 - Duration: 0.0s - IP: 127.0.0.1 - User: Anonymous
2026-03-07 16:20:42,591 | INFO     | app | [OPTIONS] /api/v1/availability/check - Status: 200 - Duration: 0.0s - IP: 127.0.0.1 - User: Anonymous
2026-03-07 16:20:42,594 | INFO     | app | [OPTIONS] /api/v1/pedidos - Status: 200 - Duration: 0.001s - IP: 127.0.0.1 - User: Anonymous
2026-03-07 16:20:42,852 | INFO     | app | [POST] /api/v1/availability/check - Status: 200 - Duration: 0.003s - IP: 127.0.0.1 - User: cocinero@cocinero.com
2026-03-07 16:20:42,908 | INFO     | app | [GET] /api/v1/pedidos - Status: 200 - Duration: 0.006s - IP: 127.0.0.1 - User: cocinero@cocinero.com
2026-03-07 16:20:42,909 | INFO     | app | [POST] /api/v1/availability/check - Status: 200 - Duration: 0.007s - IP: 127.0.0.1 - User: cocinero@cocinero.com
2026-03-07 16:20:42,910 | INFO     | app | [GET] /api/v1/pedidos - Status: 200 - Duration: 0.008s - IP: 127.0.0.1 - User: cocinero@cocinero.com
2026-03-07 16:20:49,898 | INFO     | app | [OPTIONS] /api/v1/pedidos/calendar - Status: 200 - Duration: 0.001s - IP: 127.0.0.1 - User: Anonymous
2026-03-07 16:20:50,209 | INFO     | app | [OPTIONS] /api/v1/pedidos/calendar - Status: 200 - Duration: 0.0s - IP: 127.0.0.1 - User: Anonymous
2026-03-07 16:20:50,218 | INFO     | app | [GET] /api/v1/pedidos/calendar - Status: 200 - Duration: 0.009s - IP: 127.0.0.1 - User: cocinero@cocinero.com
2026-03-07 16:20:50,526 | INFO     | app | [GET] /api/v1/pedidos/calendar - Status: 200 - Duration: 0.005s - IP: 127.0.0.1 - User: cocinero@cocinero.com
2026-03-07 16:23:30,025 | INFO     | app | [OPTIONS] /api/v1/pedidos/calendar - Status: 200 - Duration: 0.001s - IP: 127.0.0.1 - User: Anonymous
2026-03-07 16:23:30,026 | INFO     | app | [OPTIONS] /api/v1/pedidos/calendar - Status: 200 - Duration: 0.0s - IP: 127.0.0.1 - User: Anonymous
2026-03-07 16:23:30,283 | INFO     | app | [GET] /api/v1/pedidos/calendar - Status: 200 - Duration: 0.008s - IP: 127.0.0.1 - User: cocinero@cocinero.com
2026-03-07 16:23:30,353 | INFO     | app | [GET] /api/v1/pedidos/calendar - Status: 200 - Duration: 0.008s - IP: 127.0.0.1 - User: cocinero@cocinero.com
2026-03-07 16:24:31,621 | INFO     | app | [OPTIONS] /api/v1/auth/me - Status: 200 - Duration: 0.0s - IP: 127.0.0.1 - User: Anonymous
2026-03-07 16:24:31,882 | INFO     | app | [GET] /api/v1/auth/me - Status: 200 - Duration: 0.005s - IP: 127.0.0.1 - User: cocinero@cocinero.com
2026-03-07 16:24:31,978 | INFO     | app | [OPTIONS] /api/v1/pedidos/calendar - Status: 200 - Duration: 0.0s - IP: 127.0.0.1 - User: Anonymous
2026-03-07 16:24:32,288 | INFO     | app | [OPTIONS] /api/v1/pedidos/calendar - Status: 200 - Duration: 0.0s - IP: 127.0.0.1 - User: Anonymous
2026-03-07 16:24:32,299 | INFO     | app | [GET] /api/v1/pedidos/calendar - Status: 200 - Duration: 0.01s - IP: 127.0.0.1 - User: cocinero@cocinero.com
2026-03-07 16:24:32,617 | INFO     | app | [GET] /api/v1/pedidos/calendar - Status: 200 - Duration: 0.008s - IP: 127.0.0.1 - User: cocinero@cocinero.com
2026-03-07 16:24:49,070 | INFO     | app | [OPTIONS] /api/v1/auth/me - Status: 200 - Duration: 0.0s - IP: 127.0.0.1 - User: Anonymous
2026-03-07 16:24:49,335 | INFO     | app | [GET] /api/v1/auth/me - Status: 200 - Duration: 0.004s - IP: 127.0.0.1 - User: cocinero@cocinero.com
2026-03-07 16:24:49,391 | INFO     | app | [OPTIONS] /api/v1/availability/check - Status: 200 - Duration: 0.0s - IP: 127.0.0.1 - User: Anonymous
2026-03-07 16:24:49,683 | INFO     | app | [OPTIONS] /api/v1/availability/check - Status: 200 - Duration: 0.0s - IP: 127.0.0.1 - User: Anonymous
2026-03-07 16:24:49,684 | INFO     | app | [OPTIONS] /api/v1/availability/check - Status: 200 - Duration: 0.0s - IP: 127.0.0.1 - User: Anonymous
2026-03-07 16:24:49,699 | INFO     | app | [OPTIONS] /api/v1/availability/check - Status: 200 - Duration: 0.0s - IP: 127.0.0.1 - User: Anonymous
2026-03-07 16:24:49,991 | INFO     | app | [OPTIONS] /api/v1/pedidos/calendar - Status: 200 - Duration: 0.001s - IP: 127.0.0.1 - User: Anonymous
2026-03-07 16:24:49,993 | INFO     | app | [OPTIONS] /api/v1/pedidos/calendar - Status: 200 - Duration: 0.0s - IP: 127.0.0.1 - User: Anonymous
2026-03-07 16:24:50,016 | INFO     | app | [GET] /api/v1/pedidos/calendar - Status: 200 - Duration: 0.007s - IP: 127.0.0.1 - User: cocinero@cocinero.com
2026-03-07 16:24:50,305 | INFO     | app | [GET] /api/v1/pedidos/calendar - Status: 200 - Duration: 0.005s - IP: 127.0.0.1 - User: cocinero@cocinero.com
2026-03-07 16:25:02,560 | INFO     | app | [OPTIONS] /api/v1/auth/me - Status: 200 - Duration: 0.0s - IP: 127.0.0.1 - User: Anonymous
2026-03-07 16:25:02,873 | INFO     | app | [GET] /api/v1/auth/me - Status: 200 - Duration: 0.003s - IP: 127.0.0.1 - User: fedegarcia30@gmail.com
2026-03-07 16:25:03,139 | INFO     | app | [OPTIONS] /api/v1/availability/check - Status: 200 - Duration: 0.0s - IP: 127.0.0.1 - User: Anonymous
2026-03-07 16:25:03,234 | INFO     | app | [OPTIONS] /api/v1/availability/check - Status: 200 - Duration: 0.0s - IP: 127.0.0.1 - User: Anonymous
2026-03-07 16:25:03,235 | INFO     | app | [OPTIONS] /api/v1/availability/check - Status: 200 - Duration: 0.0s - IP: 127.0.0.1 - User: Anonymous
2026-03-07 16:25:03,450 | INFO     | app | [OPTIONS] /api/v1/availability/check - Status: 200 - Duration: 0.0s - IP: 127.0.0.1 - User: Anonymous
2026-03-07 16:25:03,544 | INFO     | app | [OPTIONS] /api/v1/pedidos/calendar - Status: 200 - Duration: 0.0s - IP: 127.0.0.1 - User: Anonymous
2026-03-07 16:25:03,545 | INFO     | app | [OPTIONS] /api/v1/pedidos/calendar - Status: 200 - Duration: 0.0s - IP: 127.0.0.1 - User: Anonymous
2026-03-07 16:25:03,763 | INFO     | app | [GET] /api/v1/pedidos/calendar - Status: 200 - Duration: 0.004s - IP: 127.0.0.1 - User: fedegarcia30@gmail.com
2026-03-07 16:25:03,857 | INFO     | app | [GET] /api/v1/pedidos/calendar - Status: 200 - Duration: 0.005s - IP: 127.0.0.1 - User: fedegarcia30@gmail.com
2026-03-07 16:27:04,049 | INFO     | app | Logger initialized successfully at level INFO
2026-03-07 16:27:04,823 | INFO     | app | Logger initialized successfully at level INFO
2026-03-07 16:27:34,069 | INFO     | app | [OPTIONS] /api/v1/auth/me - Status: 200 - Duration: 0.0s - IP: 127.0.0.1 - User: Anonymous
2026-03-07 16:27:34,339 | INFO     | app | [GET] /api/v1/auth/me - Status: 200 - Duration: 0.002s - IP: 127.0.0.1 - User: fedegarcia30@gmail.com
2026-03-07 16:27:34,375 | INFO     | app | [OPTIONS] /api/v1/availability/check - Status: 200 - Duration: 0.0s - IP: 127.0.0.1 - User: Anonymous
2026-03-07 16:27:34,678 | INFO     | app | [OPTIONS] /api/v1/availability/check - Status: 200 - Duration: 0.0s - IP: 127.0.0.1 - User: Anonymous
2026-03-07 16:27:34,679 | INFO     | app | [OPTIONS] /api/v1/availability/check - Status: 200 - Duration: 0.0s - IP: 127.0.0.1 - User: Anonymous
2026-03-07 16:27:34,684 | INFO     | app | [OPTIONS] /api/v1/availability/check - Status: 200 - Duration: 0.0s - IP: 127.0.0.1 - User: Anonymous
2026-03-07 16:27:34,992 | INFO     | app | [OPTIONS] /api/v1/pedidos/calendar - Status: 200 - Duration: 0.0s - IP: 127.0.0.1 - User: Anonymous
2026-03-07 16:27:34,992 | INFO     | app | [OPTIONS] /api/v1/pedidos/calendar - Status: 200 - Duration: 0.0s - IP: 127.0.0.1 - User: Anonymous
2026-03-07 16:27:35,306 | INFO     | app | [GET] /api/v1/pedidos/calendar - Status: 200 - Duration: 0.003s - IP: 127.0.0.1 - User: fedegarcia30@gmail.com
2026-03-07 16:27:35,559 | INFO     | app | [GET] /api/v1/pedidos/calendar - Status: 200 - Duration: 0.005s - IP: 127.0.0.1 - User: fedegarcia30@gmail.com
2026-03-07 16:28:05,433 | INFO     | app | [OPTIONS] /api/v1/auth/me - Status: 200 - Duration: 0.001s - IP: 127.0.0.1 - User: Anonymous
2026-03-07 16:28:05,765 | INFO     | app | [GET] /api/v1/auth/me - Status: 200 - Duration: 0.007s - IP: 127.0.0.1 - User: fedegarcia30@gmail.com
2026-03-07 16:28:06,022 | INFO     | app | [OPTIONS] /api/v1/availability/check - Status: 200 - Duration: 0.0s - IP: 127.0.0.1 - User: Anonymous
2026-03-07 16:28:06,115 | INFO     | app | [OPTIONS] /api/v1/availability/check - Status: 200 - Duration: 0.0s - IP: 127.0.0.1 - User: Anonymous
2026-03-07 16:28:06,117 | INFO     | app | [OPTIONS] /api/v1/availability/check - Status: 200 - Duration: 0.0s - IP: 127.0.0.1 - User: Anonymous
2026-03-07 16:28:06,336 | INFO     | app | [OPTIONS] /api/v1/availability/check - Status: 200 - Duration: 0.0s - IP: 127.0.0.1 - User: Anonymous
2026-03-07 16:28:06,426 | INFO     | app | [OPTIONS] /api/v1/pedidos/calendar - Status: 200 - Duration: 0.001s - IP: 127.0.0.1 - User: Anonymous
2026-03-07 16:28:06,432 | INFO     | app | [OPTIONS] /api/v1/pedidos/calendar - Status: 200 - Duration: 0.0s - IP: 127.0.0.1 - User: Anonymous
2026-03-07 16:28:06,669 | INFO     | app | [GET] /api/v1/pedidos/calendar - Status: 200 - Duration: 0.011s - IP: 127.0.0.1 - User: fedegarcia30@gmail.com
2026-03-07 16:28:06,756 | INFO     | app | [GET] /api/v1/pedidos/calendar - Status: 200 - Duration: 0.005s - IP: 127.0.0.1 - User: fedegarcia30@gmail.com
2026-03-07 16:30:09,769 | INFO     | app | [OPTIONS] /api/v1/auth/me - Status: 200 - Duration: 0.0s - IP: 127.0.0.1 - User: Anonymous
2026-03-07 16:30:10,036 | INFO     | app | [GET] /api/v1/auth/me - Status: 200 - Duration: 0.004s - IP: 127.0.0.1 - User: fedegarcia30@gmail.com
2026-03-07 16:30:10,091 | INFO     | app | [OPTIONS] /api/v1/stats/dashboard - Status: 200 - Duration: 0.0s - IP: 127.0.0.1 - User: Anonymous
2026-03-07 16:30:10,408 | INFO     | app | [OPTIONS] /api/v1/stats/expenses - Status: 200 - Duration: 0.0s - IP: 127.0.0.1 - User: Anonymous
2026-03-07 16:30:10,409 | INFO     | app | [OPTIONS] /api/v1/stats/dashboard - Status: 200 - Duration: 0.0s - IP: 127.0.0.1 - User: Anonymous
2026-03-07 16:30:10,410 | INFO     | app | [OPTIONS] /api/v1/stats/expenses - Status: 200 - Duration: 0.0s - IP: 127.0.0.1 - User: Anonymous
2026-03-07 16:30:10,513 | INFO     | app | [GET] /api/v1/stats/dashboard - Status: 200 - Duration: 0.103s - IP: 127.0.0.1 - User: fedegarcia30@gmail.com
2026-03-07 16:30:10,753 | INFO     | app | [GET] /api/v1/stats/expenses - Status: 200 - Duration: 0.031s - IP: 127.0.0.1 - User: fedegarcia30@gmail.com
2026-03-07 16:30:10,761 | INFO     | app | [GET] /api/v1/stats/expenses - Status: 200 - Duration: 0.03s - IP: 127.0.0.1 - User: fedegarcia30@gmail.com
2026-03-07 16:30:10,844 | INFO     | app | [GET] /api/v1/stats/dashboard - Status: 200 - Duration: 0.119s - IP: 127.0.0.1 - User: fedegarcia30@gmail.com
2026-03-07 16:31:24,909 | INFO     | app | [OPTIONS] /api/v1/auth/me - Status: 200 - Duration: 0.002s - IP: 127.0.0.1 - User: Anonymous
2026-03-07 16:31:25,167 | INFO     | app | [GET] /api/v1/auth/me - Status: 200 - Duration: 0.007s - IP: 127.0.0.1 - User: repartidor@repartidor.com
2026-03-07 16:32:50,292 | INFO     | app | [OPTIONS] /api/v1/auth/me - Status: 200 - Duration: 0.0s - IP: 127.0.0.1 - User: Anonymous
2026-03-07 16:32:50,547 | INFO     | app | [GET] /api/v1/auth/me - Status: 200 - Duration: 0.004s - IP: 127.0.0.1 - User: fedegarcia30@gmail.com
2026-03-07 16:32:50,603 | INFO     | app | [OPTIONS] /api/v1/stats/dashboard - Status: 200 - Duration: 0.0s - IP: 127.0.0.1 - User: Anonymous
2026-03-07 16:32:50,920 | INFO     | app | [OPTIONS] /api/v1/stats/expenses - Status: 200 - Duration: 0.001s - IP: 127.0.0.1 - User: Anonymous
2026-03-07 16:32:50,921 | INFO     | app | [OPTIONS] /api/v1/stats/dashboard - Status: 200 - Duration: 0.0s - IP: 127.0.0.1 - User: Anonymous
2026-03-07 16:32:50,922 | INFO     | app | [OPTIONS] /api/v1/stats/expenses - Status: 200 - Duration: 0.0s - IP: 127.0.0.1 - User: Anonymous
2026-03-07 16:32:50,956 | INFO     | app | [GET] /api/v1/stats/expenses - Status: 200 - Duration: 0.024s - IP: 127.0.0.1 - User: fedegarcia30@gmail.com
2026-03-07 16:32:51,026 | INFO     | app | [GET] /api/v1/stats/dashboard - Status: 200 - Duration: 0.103s - IP: 127.0.0.1 - User: fedegarcia30@gmail.com
2026-03-07 16:32:51,282 | INFO     | app | [GET] /api/v1/stats/expenses - Status: 200 - Duration: 0.039s - IP: 127.0.0.1 - User: fedegarcia30@gmail.com
2026-03-07 16:32:51,341 | INFO     | app | [GET] /api/v1/stats/dashboard - Status: 200 - Duration: 0.1s - IP: 127.0.0.1 - User: fedegarcia30@gmail.com
2026-03-07 17:05:41,532 | INFO     | app | Logger initialized successfully at level INFO
2026-03-07 17:05:44,753 | INFO     | app | Logger initialized successfully at level INFO
2026-03-07 17:11:08,439 | INFO     | app | Logger initialized successfully at level INFO
2026-03-07 17:41:34,887 | INFO     | app | Logger initialized successfully at level INFO
2026-03-07 17:41:35,767 | INFO     | app | Logger initialized successfully at level INFO
2026-03-07 17:41:45,737 | INFO     | app | [GET] /api/v1/pedidos/calendar - Status: 200 - Duration: 0.547s - IP: 192.168.1.1 - User: fedegarcia30@gmail.com
2026-03-07 17:41:56,656 | INFO     | app | [GET] /api/v1/rices - Status: 200 - Duration: 0.011s - IP: 192.168.1.1 - User: fedegarcia30@gmail.com
2026-03-07 17:42:00,688 | INFO     | app | [GET] /api/v1/clients/stats - Status: 200 - Duration: 0.061s - IP: 192.168.1.1 - User: fedegarcia30@gmail.com
2026-03-07 17:42:00,906 | INFO     | app | [GET] /api/v1/clients - Status: 200 - Duration: 0.012s - IP: 192.168.1.1 - User: fedegarcia30@gmail.com
2026-03-07 17:42:06,732 | INFO     | app | [GET] /api/v1/pedidos/calendar - Status: 200 - Duration: 0.006s - IP: 192.168.1.1 - User: fedegarcia30@gmail.com
2026-03-07 17:42:07,779 | INFO     | app | [POST] /api/v1/availability/check - Status: 200 - Duration: 0.066s - IP: 192.168.1.1 - User: fedegarcia30@gmail.com
2026-03-07 17:42:07,779 | INFO     | app | [GET] /api/v1/pedidos - Status: 200 - Duration: 0.055s - IP: 192.168.1.1 - User: fedegarcia30@gmail.com
2026-03-07 17:42:13,142 | INFO     | app | [GET] /api/v1/clients/stats - Status: 200 - Duration: 0.023s - IP: 192.168.1.1 - User: fedegarcia30@gmail.com
2026-03-07 17:42:13,287 | INFO     | app | [GET] /api/v1/clients - Status: 200 - Duration: 0.008s - IP: 192.168.1.1 - User: fedegarcia30@gmail.com
2026-03-07 17:42:29,158 | INFO     | app | [GET] /api/v1/pedidos/calendar - Status: 200 - Duration: 0.007s - IP: 192.168.1.1 - User: fedegarcia30@gmail.com
2026-03-07 17:42:31,151 | INFO     | app | [POST] /api/v1/availability/check - Status: 200 - Duration: 0.01s - IP: 192.168.1.1 - User: fedegarcia30@gmail.com
2026-03-07 17:42:31,173 | INFO     | app | [GET] /api/v1/pedidos - Status: 200 - Duration: 0.006s - IP: 192.168.1.1 - User: fedegarcia30@gmail.com
2026-03-07 18:18:40,689 | INFO     | app | Logger initialized successfully at level INFO
2026-03-07 18:18:41,632 | INFO     | app | Logger initialized successfully at level INFO
2026-03-07 18:27:01,006 | INFO     | app | [OPTIONS] /api/v1/availability/check - Status: 200 - Duration: 0.0s - IP: 192.168.1.1 - User: Anonymous
2026-03-07 18:27:01,481 | INFO     | app | [GET] /api/v1/pedidos/calendar - Status: 200 - Duration: 0.452s - IP: 192.168.1.1 - User: fedegarcia30@gmail.com
2026-03-07 18:27:17,561 | WARNING  | app | Auth failed. Invalid token: Token used too early, 1772904437 < 1772904438. Check that your computer's clock is set correctly. - IP: 127.0.0.1
2026-03-07 18:27:17,562 | INFO     | app | [GET] /api/v1/pedidos/calendar - Status: 401 - Duration: 0.002s - IP: 192.168.1.1 - User: Anonymous
2026-03-07 18:31:27,428 | INFO     | app | [POST] /api/v1/availability/check - Status: 200 - Duration: 0.014s - IP: 192.168.1.1 - User: fedegarcia30@gmail.com
2026-03-07 18:31:27,440 | INFO     | app | [GET] /api/v1/pedidos - Status: 200 - Duration: 0.024s - IP: 192.168.1.1 - User: fedegarcia30@gmail.com
2026-03-07 18:31:28,500 | INFO     | app | [GET] /api/v1/pedidos/calendar - Status: 200 - Duration: 0.007s - IP: 192.168.1.1 - User: fedegarcia30@gmail.com
2026-03-07 18:31:39,932 | WARNING  | app | Auth failed. Invalid token: Token used too early, 1772904699 < 1772904700. Check that your computer's clock is set correctly. - IP: 127.0.0.1
2026-03-07 18:31:39,948 | INFO     | app | [GET] /api/v1/pedidos/calendar - Status: 401 - Duration: 0.022s - IP: 192.168.1.1 - User: Anonymous
2026-03-07 18:31:43,846 | INFO     | app | [GET] /api/v1/pedidos - Status: 200 - Duration: 0.007s - IP: 192.168.1.1 - User: fedegarcia30@gmail.com
2026-03-07 18:31:43,846 | INFO     | app | [POST] /api/v1/availability/check - Status: 200 - Duration: 0.009s - IP: 192.168.1.1 - User: fedegarcia30@gmail.com
2026-03-07 18:31:44,414 | INFO     | app | [GET] /api/v1/pedidos/calendar - Status: 200 - Duration: 0.006s - IP: 192.168.1.1 - User: fedegarcia30@gmail.com
2026-03-07 18:33:32,901 | INFO     | app | [GET] /api/v1/auth/me - Status: 200 - Duration: 0.005s - IP: 192.168.1.1 - User: fedegarcia30@gmail.com
2026-03-07 18:33:32,920 | INFO     | app | [OPTIONS] /api/v1/availability/check - Status: 200 - Duration: 0.0s - IP: 192.168.1.1 - User: Anonymous
2026-03-07 18:33:32,993 | INFO     | app | [GET] /api/v1/pedidos/calendar - Status: 200 - Duration: 0.007s - IP: 192.168.1.1 - User: fedegarcia30@gmail.com
2026-03-07 18:33:55,788 | WARNING  | app | Auth failed. Invalid token: Token used too early, 1772904835 < 1772904836. Check that your computer's clock is set correctly. - IP: 127.0.0.1
2026-03-07 18:33:55,789 | INFO     | app | [GET] /api/v1/auth/me - Status: 401 - Duration: 0.002s - IP: 192.168.1.1 - User: Anonymous
2026-03-07 18:33:55,850 | INFO     | app | [OPTIONS] /api/v1/availability/check - Status: 200 - Duration: 0.0s - IP: 192.168.1.1 - User: Anonymous
2026-03-07 18:33:55,866 | WARNING  | app | Auth failed. Invalid token: Token used too early, 1772904835 < 1772904836. Check that your computer's clock is set correctly. - IP: 127.0.0.1
2026-03-07 18:33:55,866 | INFO     | app | [GET] /api/v1/pedidos/calendar - Status: 401 - Duration: 0.001s - IP: 192.168.1.1 - User: Anonymous
2026-03-07 18:33:59,040 | INFO     | app | [POST] /api/v1/availability/check - Status: 200 - Duration: 0.013s - IP: 192.168.1.1 - User: fedegarcia30@gmail.com
2026-03-07 18:33:59,040 | INFO     | app | [GET] /api/v1/pedidos - Status: 200 - Duration: 0.013s - IP: 192.168.1.1 - User: fedegarcia30@gmail.com
2026-03-07 18:33:59,646 | INFO     | app | [GET] /api/v1/pedidos/calendar - Status: 200 - Duration: 0.006s - IP: 192.168.1.1 - User: fedegarcia30@gmail.com
2026-03-07 18:34:00,639 | INFO     | app | [POST] /api/v1/availability/check - Status: 200 - Duration: 0.007s - IP: 192.168.1.1 - User: fedegarcia30@gmail.com
2026-03-07 18:34:00,640 | INFO     | app | [GET] /api/v1/pedidos - Status: 200 - Duration: 0.007s - IP: 192.168.1.1 - User: fedegarcia30@gmail.com
2026-03-07 18:34:01,062 | INFO     | app | [GET] /api/v1/pedidos/calendar - Status: 200 - Duration: 0.006s - IP: 192.168.1.1 - User: fedegarcia30@gmail.com
2026-03-07 18:38:37,973 | INFO     | app | [GET] /api/v1/auth/me - Status: 200 - Duration: 0.004s - IP: 192.168.1.1 - User: fedegarcia30@gmail.com
2026-03-07 18:38:38,000 | INFO     | app | [OPTIONS] /api/v1/availability/check - Status: 200 - Duration: 0.0s - IP: 192.168.1.1 - User: Anonymous
2026-03-07 18:38:38,022 | INFO     | app | [GET] /api/v1/pedidos/calendar - Status: 200 - Duration: 0.005s - IP: 192.168.1.1 - User: fedegarcia30@gmail.com
2026-03-07 18:38:47,511 | INFO     | app | [GET] /api/v1/auth/me - Status: 200 - Duration: 0.003s - IP: 192.168.1.1 - User: fedegarcia30@gmail.com
2026-03-07 18:38:47,629 | INFO     | app | [GET] /api/v1/stats/expenses - Status: 200 - Duration: 0.085s - IP: 192.168.1.1 - User: fedegarcia30@gmail.com
2026-03-07 18:38:47,696 | INFO     | app | [GET] /api/v1/stats/dashboard - Status: 200 - Duration: 0.16s - IP: 192.168.1.1 - User: fedegarcia30@gmail.com
2026-03-07 18:39:05,297 | INFO     | app | [GET] /api/v1/pedidos/calendar - Status: 200 - Duration: 0.006s - IP: 192.168.1.1 - User: fedegarcia30@gmail.com
2026-03-07 18:39:06,211 | INFO     | app | [POST] /api/v1/availability/check - Status: 200 - Duration: 0.009s - IP: 192.168.1.1 - User: fedegarcia30@gmail.com
2026-03-07 18:39:06,212 | INFO     | app | [GET] /api/v1/pedidos - Status: 200 - Duration: 0.006s - IP: 192.168.1.1 - User: fedegarcia30@gmail.com
2026-03-07 18:39:08,686 | INFO     | app | [GET] /api/v1/stats/expenses - Status: 200 - Duration: 0.025s - IP: 192.168.1.1 - User: fedegarcia30@gmail.com
2026-03-07 18:39:08,764 | INFO     | app | [GET] /api/v1/stats/dashboard - Status: 200 - Duration: 0.103s - IP: 192.168.1.1 - User: fedegarcia30@gmail.com
2026-03-07 18:43:24,836 | INFO     | app | [GET] /api/v1/auth/me - Status: 200 - Duration: 0.009s - IP: 192.168.1.1 - User: fedegarcia30@gmail.com
2026-03-07 18:43:24,862 | INFO     | app | [OPTIONS] /api/v1/availability/check - Status: 200 - Duration: 0.0s - IP: 192.168.1.1 - User: Anonymous
2026-03-07 18:43:24,973 | INFO     | app | [GET] /api/v1/pedidos/calendar - Status: 200 - Duration: 0.015s - IP: 192.168.1.1 - User: fedegarcia30@gmail.com
2026-03-07 18:43:50,448 | INFO     | app | [GET] /api/v1/stats/expenses - Status: 200 - Duration: 0.043s - IP: 192.168.1.1 - User: fedegarcia30@gmail.com
2026-03-07 18:43:50,547 | INFO     | app | [GET] /api/v1/stats/dashboard - Status: 200 - Duration: 0.144s - IP: 192.168.1.1 - User: fedegarcia30@gmail.com
2026-03-07 18:44:33,812 | INFO     | app | [OPTIONS] /api/v1/auth/me - Status: 200 - Duration: 0.0s - IP: 127.0.0.1 - User: Anonymous
2026-03-07 18:44:34,081 | INFO     | app | [GET] /api/v1/auth/me - Status: 200 - Duration: 0.004s - IP: 127.0.0.1 - User: fedegarcia30@gmail.com
2026-03-07 18:44:34,163 | INFO     | app | [OPTIONS] /api/v1/availability/check - Status: 200 - Duration: 0.0s - IP: 127.0.0.1 - User: Anonymous
2026-03-07 18:44:34,466 | INFO     | app | [OPTIONS] /api/v1/availability/check - Status: 200 - Duration: 0.0s - IP: 127.0.0.1 - User: Anonymous
2026-03-07 18:44:34,471 | INFO     | app | [OPTIONS] /api/v1/availability/check - Status: 200 - Duration: 0.001s - IP: 127.0.0.1 - User: Anonymous
2026-03-07 18:44:34,476 | INFO     | app | [OPTIONS] /api/v1/availability/check - Status: 200 - Duration: 0.0s - IP: 127.0.0.1 - User: Anonymous
2026-03-07 18:44:34,480 | INFO     | app | [OPTIONS] /api/v1/availability/check - Status: 200 - Duration: 0.0s - IP: 127.0.0.1 - User: Anonymous
2026-03-07 18:44:34,779 | INFO     | app | [OPTIONS] /api/v1/availability/check - Status: 200 - Duration: 0.001s - IP: 127.0.0.1 - User: Anonymous
2026-03-07 18:44:34,779 | INFO     | app | [OPTIONS] /api/v1/availability/check - Status: 200 - Duration: 0.0s - IP: 127.0.0.1 - User: Anonymous
2026-03-07 18:44:34,794 | INFO     | app | [OPTIONS] /api/v1/availability/check - Status: 200 - Duration: 0.0s - IP: 127.0.0.1 - User: Anonymous
2026-03-07 18:44:34,795 | INFO     | app | [OPTIONS] /api/v1/stats/dashboard - Status: 200 - Duration: 0.0s - IP: 127.0.0.1 - User: Anonymous
2026-03-07 18:44:35,090 | INFO     | app | [OPTIONS] /api/v1/stats/expenses - Status: 200 - Duration: 0.0s - IP: 127.0.0.1 - User: Anonymous
2026-03-07 18:44:35,092 | INFO     | app | [OPTIONS] /api/v1/stats/expenses - Status: 200 - Duration: 0.001s - IP: 127.0.0.1 - User: Anonymous
2026-03-07 18:44:35,106 | INFO     | app | [OPTIONS] /api/v1/stats/dashboard - Status: 200 - Duration: 0.0s - IP: 127.0.0.1 - User: Anonymous
2026-03-07 18:44:35,210 | INFO     | app | [GET] /api/v1/stats/dashboard - Status: 200 - Duration: 0.102s - IP: 127.0.0.1 - User: fedegarcia30@gmail.com
2026-03-07 18:44:35,434 | INFO     | app | [GET] /api/v1/stats/expenses - Status: 200 - Duration: 0.034s - IP: 127.0.0.1 - User: fedegarcia30@gmail.com
2026-03-07 18:44:35,439 | INFO     | app | [GET] /api/v1/stats/expenses - Status: 200 - Duration: 0.038s - IP: 127.0.0.1 - User: fedegarcia30@gmail.com
2026-03-07 18:44:35,556 | INFO     | app | [GET] /api/v1/stats/dashboard - Status: 200 - Duration: 0.14s - IP: 127.0.0.1 - User: fedegarcia30@gmail.com
2026-03-07 18:44:40,801 | INFO     | app | [OPTIONS] /api/v1/auth/me - Status: 200 - Duration: 0.0s - IP: 127.0.0.1 - User: Anonymous
2026-03-07 18:44:41,065 | INFO     | app | [GET] /api/v1/auth/me - Status: 200 - Duration: 0.004s - IP: 127.0.0.1 - User: fedegarcia30@gmail.com
2026-03-07 18:44:41,166 | INFO     | app | [OPTIONS] /api/v1/availability/check - Status: 200 - Duration: 0.0s - IP: 127.0.0.1 - User: Anonymous
2026-03-07 18:44:41,481 | INFO     | app | [OPTIONS] /api/v1/availability/check - Status: 200 - Duration: 0.0s - IP: 127.0.0.1 - User: Anonymous
2026-03-07 18:44:41,482 | INFO     | app | [OPTIONS] /api/v1/availability/check - Status: 200 - Duration: 0.0s - IP: 127.0.0.1 - User: Anonymous
2026-03-07 18:44:41,790 | INFO     | app | [OPTIONS] /api/v1/availability/check - Status: 200 - Duration: 0.0s - IP: 127.0.0.1 - User: Anonymous
2026-03-07 18:44:41,793 | INFO     | app | [OPTIONS] /api/v1/pedidos/calendar - Status: 200 - Duration: 0.0s - IP: 127.0.0.1 - User: Anonymous
2026-03-07 18:44:42,058 | INFO     | app | [GET] /api/v1/pedidos/calendar - Status: 200 - Duration: 0.006s - IP: 127.0.0.1 - User: fedegarcia30@gmail.com
2026-03-07 18:44:42,097 | INFO     | app | [OPTIONS] /api/v1/pedidos/calendar - Status: 200 - Duration: 0.0s - IP: 127.0.0.1 - User: Anonymous
2026-03-07 18:44:42,112 | INFO     | app | [GET] /api/v1/pedidos/calendar - Status: 200 - Duration: 0.008s - IP: 127.0.0.1 - User: fedegarcia30@gmail.com
2026-03-07 18:44:44,018 | INFO     | app | [OPTIONS] /api/v1/stats/dashboard - Status: 200 - Duration: 0.001s - IP: 127.0.0.1 - User: Anonymous
2026-03-07 18:44:44,018 | INFO     | app | [OPTIONS] /api/v1/stats/expenses - Status: 200 - Duration: 0.0s - IP: 127.0.0.1 - User: Anonymous
2026-03-07 18:44:44,019 | INFO     | app | [OPTIONS] /api/v1/stats/dashboard - Status: 200 - Duration: 0.0s - IP: 127.0.0.1 - User: Anonymous
2026-03-07 18:44:44,020 | INFO     | app | [OPTIONS] /api/v1/stats/expenses - Status: 200 - Duration: 0.0s - IP: 127.0.0.1 - User: Anonymous
2026-03-07 18:44:44,354 | INFO     | app | [GET] /api/v1/stats/expenses - Status: 200 - Duration: 0.026s - IP: 127.0.0.1 - User: fedegarcia30@gmail.com
2026-03-07 18:44:44,358 | INFO     | app | [GET] /api/v1/stats/expenses - Status: 200 - Duration: 0.03s - IP: 127.0.0.1 - User: fedegarcia30@gmail.com
2026-03-07 18:44:44,365 | INFO     | app | [GET] /api/v1/stats/dashboard - Status: 200 - Duration: 0.1s - IP: 127.0.0.1 - User: fedegarcia30@gmail.com
2026-03-07 18:44:44,432 | INFO     | app | [GET] /api/v1/stats/dashboard - Status: 200 - Duration: 0.103s - IP: 127.0.0.1 - User: fedegarcia30@gmail.com
2026-03-07 18:48:09,853 | INFO     | app | [OPTIONS] /api/v1/stats/dashboard - Status: 200 - Duration: 0.0s - IP: 127.0.0.1 - User: Anonymous
2026-03-07 18:48:09,854 | INFO     | app | [OPTIONS] /api/v1/stats/expenses - Status: 200 - Duration: 0.0s - IP: 127.0.0.1 - User: Anonymous
2026-03-07 18:48:10,194 | INFO     | app | [GET] /api/v1/stats/expenses - Status: 200 - Duration: 0.033s - IP: 127.0.0.1 - User: fedegarcia30@gmail.com
2026-03-07 18:48:10,275 | INFO     | app | [GET] /api/v1/stats/dashboard - Status: 200 - Duration: 0.159s - IP: 127.0.0.1 - User: fedegarcia30@gmail.com
2026-03-07 18:48:12,250 | INFO     | app | [OPTIONS] /api/v1/stats/dashboard - Status: 200 - Duration: 0.0s - IP: 127.0.0.1 - User: Anonymous
2026-03-07 18:48:12,558 | INFO     | app | [OPTIONS] /api/v1/stats/expenses - Status: 200 - Duration: 0.001s - IP: 127.0.0.1 - User: Anonymous
2026-03-07 18:48:12,623 | INFO     | app | [GET] /api/v1/stats/dashboard - Status: 200 - Duration: 0.063s - IP: 127.0.0.1 - User: fedegarcia30@gmail.com
2026-03-07 18:48:12,901 | INFO     | app | [GET] /api/v1/stats/expenses - Status: 200 - Duration: 0.022s - IP: 127.0.0.1 - User: fedegarcia30@gmail.com
2026-03-07 18:48:14,567 | INFO     | app | [OPTIONS] /api/v1/stats/dashboard - Status: 200 - Duration: 0.0s - IP: 127.0.0.1 - User: Anonymous
2026-03-07 18:48:14,568 | INFO     | app | [OPTIONS] /api/v1/stats/expenses - Status: 200 - Duration: 0.0s - IP: 127.0.0.1 - User: Anonymous
2026-03-07 18:48:14,902 | INFO     | app | [GET] /api/v1/stats/expenses - Status: 200 - Duration: 0.024s - IP: 127.0.0.1 - User: fedegarcia30@gmail.com
2026-03-07 18:48:14,927 | INFO     | app | [GET] /api/v1/stats/dashboard - Status: 200 - Duration: 0.097s - IP: 127.0.0.1 - User: fedegarcia30@gmail.com
2026-03-07 18:48:16,734 | INFO     | app | [OPTIONS] /api/v1/stats/dashboard - Status: 200 - Duration: 0.0s - IP: 127.0.0.1 - User: Anonymous
2026-03-07 18:48:17,045 | INFO     | app | [OPTIONS] /api/v1/stats/expenses - Status: 200 - Duration: 0.0s - IP: 127.0.0.1 - User: Anonymous
2026-03-07 18:48:17,109 | INFO     | app | [GET] /api/v1/stats/dashboard - Status: 200 - Duration: 0.063s - IP: 127.0.0.1 - User: fedegarcia30@gmail.com
2026-03-07 18:48:17,379 | INFO     | app | [GET] /api/v1/stats/expenses - Status: 200 - Duration: 0.024s - IP: 127.0.0.1 - User: fedegarcia30@gmail.com
2026-03-07 18:48:21,223 | INFO     | app | [OPTIONS] /api/v1/stats/expenses - Status: 200 - Duration: 0.0s - IP: 127.0.0.1 - User: Anonymous
2026-03-07 18:48:21,225 | INFO     | app | [OPTIONS] /api/v1/stats/dashboard - Status: 200 - Duration: 0.0s - IP: 127.0.0.1 - User: Anonymous
2026-03-07 18:48:21,506 | INFO     | app | [GET] /api/v1/stats/expenses - Status: 200 - Duration: 0.019s - IP: 127.0.0.1 - User: fedegarcia30@gmail.com
2026-03-07 18:48:21,613 | INFO     | app | [GET] /api/v1/stats/dashboard - Status: 200 - Duration: 0.078s - IP: 127.0.0.1 - User: fedegarcia30@gmail.com
2026-03-07 18:48:24,993 | INFO     | app | [OPTIONS] /api/v1/stats/dashboard - Status: 200 - Duration: 0.0s - IP: 127.0.0.1 - User: Anonymous
2026-03-07 18:48:25,304 | INFO     | app | [OPTIONS] /api/v1/stats/expenses - Status: 200 - Duration: 0.0s - IP: 127.0.0.1 - User: Anonymous
2026-03-07 18:48:25,305 | INFO     | app | [OPTIONS] /api/v1/stats/dashboard - Status: 200 - Duration: 0.0s - IP: 127.0.0.1 - User: Anonymous
2026-03-07 18:48:25,306 | INFO     | app | [OPTIONS] /api/v1/stats/expenses - Status: 200 - Duration: 0.0s - IP: 127.0.0.1 - User: Anonymous
2026-03-07 18:48:25,406 | INFO     | app | [GET] /api/v1/stats/dashboard - Status: 200 - Duration: 0.101s - IP: 127.0.0.1 - User: fedegarcia30@gmail.com
2026-03-07 18:48:25,655 | INFO     | app | [GET] /api/v1/stats/expenses - Status: 200 - Duration: 0.041s - IP: 127.0.0.1 - User: fedegarcia30@gmail.com
2026-03-07 18:48:25,670 | INFO     | app | [GET] /api/v1/stats/expenses - Status: 200 - Duration: 0.039s - IP: 127.0.0.1 - User: fedegarcia30@gmail.com
2026-03-07 18:48:25,751 | INFO     | app | [GET] /api/v1/stats/dashboard - Status: 200 - Duration: 0.134s - IP: 127.0.0.1 - User: fedegarcia30@gmail.com
2026-03-07 18:48:55,322 | INFO     | app | [OPTIONS] /api/v1/stats/dashboard - Status: 200 - Duration: 0.0s - IP: 127.0.0.1 - User: Anonymous
2026-03-07 18:48:55,325 | INFO     | app | [OPTIONS] /api/v1/stats/expenses - Status: 200 - Duration: 0.0s - IP: 127.0.0.1 - User: Anonymous
2026-03-07 18:48:55,660 | INFO     | app | [GET] /api/v1/stats/dashboard - Status: 200 - Duration: 0.077s - IP: 127.0.0.1 - User: fedegarcia30@gmail.com
2026-03-07 18:48:55,664 | INFO     | app | [GET] /api/v1/stats/expenses - Status: 200 - Duration: 0.02s - IP: 127.0.0.1 - User: fedegarcia30@gmail.com
2026-03-07 18:49:06,389 | INFO     | app | [OPTIONS] /api/v1/stats/dashboard - Status: 200 - Duration: 0.0s - IP: 127.0.0.1 - User: Anonymous
2026-03-07 18:49:06,706 | INFO     | app | [OPTIONS] /api/v1/stats/expenses - Status: 200 - Duration: 0.0s - IP: 127.0.0.1 - User: Anonymous
2026-03-07 18:49:06,786 | INFO     | app | [GET] /api/v1/stats/dashboard - Status: 200 - Duration: 0.08s - IP: 127.0.0.1 - User: fedegarcia30@gmail.com
2026-03-07 18:49:07,036 | INFO     | app | [GET] /api/v1/stats/expenses - Status: 200 - Duration: 0.017s - IP: 127.0.0.1 - User: fedegarcia30@gmail.com
2026-03-07 18:49:08,994 | INFO     | app | [OPTIONS] /api/v1/stats/dashboard - Status: 200 - Duration: 0.0s - IP: 127.0.0.1 - User: Anonymous
2026-03-07 18:49:08,996 | INFO     | app | [OPTIONS] /api/v1/stats/expenses - Status: 200 - Duration: 0.001s - IP: 127.0.0.1 - User: Anonymous
2026-03-07 18:49:09,303 | INFO     | app | [GET] /api/v1/stats/dashboard - Status: 200 - Duration: 0.05s - IP: 127.0.0.1 - User: fedegarcia30@gmail.com
2026-03-07 18:49:09,318 | INFO     | app | [GET] /api/v1/stats/expenses - Status: 200 - Duration: 0.013s - IP: 127.0.0.1 - User: fedegarcia30@gmail.com
2026-03-07 18:49:18,244 | INFO     | app | [OPTIONS] /api/v1/pedidos/calendar - Status: 200 - Duration: 0.0s - IP: 127.0.0.1 - User: Anonymous
2026-03-07 18:49:18,562 | INFO     | app | [OPTIONS] /api/v1/pedidos/calendar - Status: 200 - Duration: 0.0s - IP: 127.0.0.1 - User: Anonymous
2026-03-07 18:49:18,569 | INFO     | app | [GET] /api/v1/pedidos/calendar - Status: 200 - Duration: 0.007s - IP: 127.0.0.1 - User: fedegarcia30@gmail.com
2026-03-07 18:49:18,880 | INFO     | app | [GET] /api/v1/pedidos/calendar - Status: 200 - Duration: 0.009s - IP: 127.0.0.1 - User: fedegarcia30@gmail.com
2026-03-07 18:49:24,836 | INFO     | app | [OPTIONS] /api/v1/pedidos/calendar - Status: 200 - Duration: 0.0s - IP: 127.0.0.1 - User: Anonymous
2026-03-07 18:49:24,837 | INFO     | app | [OPTIONS] /api/v1/pedidos/calendar - Status: 200 - Duration: 0.0s - IP: 127.0.0.1 - User: Anonymous
2026-03-07 18:49:25,101 | INFO     | app | [GET] /api/v1/pedidos/calendar - Status: 200 - Duration: 0.005s - IP: 127.0.0.1 - User: fedegarcia30@gmail.com
2026-03-07 18:49:25,164 | INFO     | app | [GET] /api/v1/pedidos/calendar - Status: 200 - Duration: 0.004s - IP: 127.0.0.1 - User: fedegarcia30@gmail.com
2026-03-07 18:49:26,863 | INFO     | app | [OPTIONS] /api/v1/availability/check - Status: 200 - Duration: 0.0s - IP: 127.0.0.1 - User: Anonymous
2026-03-07 18:49:27,174 | INFO     | app | [OPTIONS] /api/v1/pedidos - Status: 200 - Duration: 0.0s - IP: 127.0.0.1 - User: Anonymous
2026-03-07 18:49:27,175 | INFO     | app | [OPTIONS] /api/v1/pedidos - Status: 200 - Duration: 0.0s - IP: 127.0.0.1 - User: Anonymous
2026-03-07 18:49:27,175 | INFO     | app | [OPTIONS] /api/v1/availability/check - Status: 200 - Duration: 0.0s - IP: 127.0.0.1 - User: Anonymous
2026-03-07 18:49:27,183 | INFO     | app | [POST] /api/v1/availability/check - Status: 200 - Duration: 0.008s - IP: 127.0.0.1 - User: fedegarcia30@gmail.com
2026-03-07 18:49:27,507 | INFO     | app | [POST] /api/v1/availability/check - Status: 200 - Duration: 0.008s - IP: 127.0.0.1 - User: fedegarcia30@gmail.com
2026-03-07 18:49:27,594 | INFO     | app | [GET] /api/v1/pedidos - Status: 200 - Duration: 0.096s - IP: 127.0.0.1 - User: fedegarcia30@gmail.com
2026-03-07 18:49:27,594 | INFO     | app | [GET] /api/v1/pedidos - Status: 200 - Duration: 0.095s - IP: 127.0.0.1 - User: fedegarcia30@gmail.com
2026-03-07 18:49:28,607 | INFO     | app | [OPTIONS] /api/v1/pedidos - Status: 200 - Duration: 0.0s - IP: 127.0.0.1 - User: Anonymous
2026-03-07 18:49:28,608 | INFO     | app | [OPTIONS] /api/v1/availability/check - Status: 200 - Duration: 0.0s - IP: 127.0.0.1 - User: Anonymous
2026-03-07 18:49:28,608 | INFO     | app | [OPTIONS] /api/v1/availability/check - Status: 200 - Duration: 0.0s - IP: 127.0.0.1 - User: Anonymous
2026-03-07 18:49:28,610 | INFO     | app | [OPTIONS] /api/v1/pedidos - Status: 200 - Duration: 0.0s - IP: 127.0.0.1 - User: Anonymous
2026-03-07 18:49:28,877 | INFO     | app | [GET] /api/v1/pedidos - Status: 200 - Duration: 0.024s - IP: 127.0.0.1 - User: fedegarcia30@gmail.com
2026-03-07 18:49:28,930 | INFO     | app | [POST] /api/v1/availability/check - Status: 200 - Duration: 0.009s - IP: 127.0.0.1 - User: fedegarcia30@gmail.com
2026-03-07 18:49:28,930 | INFO     | app | [POST] /api/v1/availability/check - Status: 200 - Duration: 0.01s - IP: 127.0.0.1 - User: fedegarcia30@gmail.com
2026-03-07 18:49:28,955 | INFO     | app | [GET] /api/v1/pedidos - Status: 200 - Duration: 0.035s - IP: 127.0.0.1 - User: fedegarcia30@gmail.com
2026-03-07 18:53:58,160 | INFO     | app | [OPTIONS] /api/v1/availability/check - Status: 200 - Duration: 0.0s - IP: 127.0.0.1 - User: Anonymous
2026-03-07 18:53:58,160 | INFO     | app | [OPTIONS] /api/v1/pedidos - Status: 200 - Duration: 0.0s - IP: 127.0.0.1 - User: Anonymous
2026-03-07 18:53:58,162 | INFO     | app | [OPTIONS] /api/v1/availability/check - Status: 200 - Duration: 0.0s - IP: 127.0.0.1 - User: Anonymous
2026-03-07 18:53:58,163 | INFO     | app | [OPTIONS] /api/v1/pedidos - Status: 200 - Duration: 0.0s - IP: 127.0.0.1 - User: Anonymous
2026-03-07 18:53:58,428 | INFO     | app | [POST] /api/v1/availability/check - Status: 200 - Duration: 0.005s - IP: 127.0.0.1 - User: fedegarcia30@gmail.com
2026-03-07 18:53:58,485 | INFO     | app | [POST] /api/v1/availability/check - Status: 200 - Duration: 0.01s - IP: 127.0.0.1 - User: fedegarcia30@gmail.com
2026-03-07 18:53:58,544 | INFO     | app | [GET] /api/v1/pedidos - Status: 200 - Duration: 0.069s - IP: 127.0.0.1 - User: fedegarcia30@gmail.com
2026-03-07 18:53:58,546 | INFO     | app | [GET] /api/v1/pedidos - Status: 200 - Duration: 0.073s - IP: 127.0.0.1 - User: fedegarcia30@gmail.com
2026-03-07 18:54:05,494 | INFO     | app | [OPTIONS] /api/v1/availability/check - Status: 200 - Duration: 0.0s - IP: 127.0.0.1 - User: Anonymous
2026-03-07 18:54:05,801 | INFO     | app | [OPTIONS] /api/v1/pedidos - Status: 200 - Duration: 0.0s - IP: 127.0.0.1 - User: Anonymous
2026-03-07 18:54:05,801 | INFO     | app | [OPTIONS] /api/v1/availability/check - Status: 200 - Duration: 0.0s - IP: 127.0.0.1 - User: Anonymous
2026-03-07 18:54:05,804 | INFO     | app | [OPTIONS] /api/v1/pedidos - Status: 200 - Duration: 0.0s - IP: 127.0.0.1 - User: Anonymous
2026-03-07 18:54:05,816 | INFO     | app | [POST] /api/v1/availability/check - Status: 200 - Duration: 0.01s - IP: 127.0.0.1 - User: fedegarcia30@gmail.com
2026-03-07 18:54:06,136 | INFO     | app | [POST] /api/v1/availability/check - Status: 200 - Duration: 0.013s - IP: 127.0.0.1 - User: fedegarcia30@gmail.com
2026-03-07 18:54:06,179 | INFO     | app | [GET] /api/v1/pedidos - Status: 200 - Duration: 0.056s - IP: 127.0.0.1 - User: fedegarcia30@gmail.com
2026-03-07 18:54:06,181 | INFO     | app | [GET] /api/v1/pedidos - Status: 200 - Duration: 0.059s - IP: 127.0.0.1 - User: fedegarcia30@gmail.com
2026-03-07 18:54:11,428 | INFO     | app | [OPTIONS] /api/v1/availability/check - Status: 200 - Duration: 0.001s - IP: 127.0.0.1 - User: Anonymous
2026-03-07 18:54:11,429 | INFO     | app | [OPTIONS] /api/v1/availability/check - Status: 200 - Duration: 0.0s - IP: 127.0.0.1 - User: Anonymous
2026-03-07 18:54:11,429 | INFO     | app | [OPTIONS] /api/v1/pedidos - Status: 200 - Duration: 0.0s - IP: 127.0.0.1 - User: Anonymous
2026-03-07 18:54:11,431 | INFO     | app | [OPTIONS] /api/v1/pedidos - Status: 200 - Duration: 0.0s - IP: 127.0.0.1 - User: Anonymous
2026-03-07 18:54:11,696 | INFO     | app | [POST] /api/v1/availability/check - Status: 200 - Duration: 0.006s - IP: 127.0.0.1 - User: fedegarcia30@gmail.com
2026-03-07 18:54:11,742 | INFO     | app | [POST] /api/v1/availability/check - Status: 200 - Duration: 0.006s - IP: 127.0.0.1 - User: fedegarcia30@gmail.com
2026-03-07 18:54:11,796 | INFO     | app | [GET] /api/v1/pedidos - Status: 200 - Duration: 0.05s - IP: 127.0.0.1 - User: fedegarcia30@gmail.com
2026-03-07 18:54:11,797 | INFO     | app | [GET] /api/v1/pedidos - Status: 200 - Duration: 0.052s - IP: 127.0.0.1 - User: fedegarcia30@gmail.com
2026-03-07 18:58:47,354 | INFO     | app | [OPTIONS] /api/v1/pedidos/2250 - Status: 200 - Duration: 0.0s - IP: 127.0.0.1 - User: Anonymous
2026-03-07 18:58:47,675 | INFO     | app | Pedido #2250 properties updated successfully
2026-03-07 18:58:47,677 | INFO     | app | [PATCH] /api/v1/pedidos/2250 - Status: 200 - Duration: 0.077s - IP: 127.0.0.1 - User: fedegarcia30@gmail.com
2026-03-07 18:58:47,682 | INFO     | app | [OPTIONS] /api/v1/pedidos/2246 - Status: 200 - Duration: 0.0s - IP: 127.0.0.1 - User: Anonymous
2026-03-07 18:58:48,012 | INFO     | app | Pedido #2246 properties updated successfully
2026-03-07 18:58:48,017 | INFO     | app | [PATCH] /api/v1/pedidos/2246 - Status: 200 - Duration: 0.017s - IP: 127.0.0.1 - User: fedegarcia30@gmail.com
2026-03-07 18:58:48,239 | INFO     | app | [OPTIONS] /api/v1/availability/check - Status: 200 - Duration: 0.0s - IP: 127.0.0.1 - User: Anonymous
2026-03-07 18:58:48,340 | INFO     | app | [OPTIONS] /api/v1/pedidos - Status: 200 - Duration: 0.0s - IP: 127.0.0.1 - User: Anonymous
2026-03-07 18:58:48,346 | INFO     | app | [POST] /api/v1/availability/check - Status: 200 - Duration: 0.007s - IP: 127.0.0.1 - User: fedegarcia30@gmail.com
2026-03-07 18:58:48,586 | INFO     | app | [GET] /api/v1/pedidos - Status: 200 - Duration: 0.028s - IP: 127.0.0.1 - User: fedegarcia30@gmail.com
2026-03-07 18:58:56,952 | INFO     | app | [OPTIONS] /api/v1/pedidos/2253 - Status: 200 - Duration: 0.0s - IP: 127.0.0.1 - User: Anonymous
2026-03-07 18:58:57,285 | INFO     | app | Pedido #2253 properties updated successfully
2026-03-07 18:58:57,290 | INFO     | app | [PATCH] /api/v1/pedidos/2253 - Status: 200 - Duration: 0.024s - IP: 127.0.0.1 - User: fedegarcia30@gmail.com
2026-03-07 18:58:57,529 | INFO     | app | [OPTIONS] /api/v1/pedidos/2245 - Status: 200 - Duration: 0.0s - IP: 127.0.0.1 - User: Anonymous
2026-03-07 18:58:57,628 | INFO     | app | Pedido #2245 properties updated successfully
2026-03-07 18:58:57,631 | INFO     | app | [PATCH] /api/v1/pedidos/2245 - Status: 200 - Duration: 0.026s - IP: 127.0.0.1 - User: fedegarcia30@gmail.com
2026-03-07 18:58:57,836 | INFO     | app | [OPTIONS] /api/v1/pedidos - Status: 200 - Duration: 0.0s - IP: 127.0.0.1 - User: Anonymous
2026-03-07 18:58:57,945 | INFO     | app | [OPTIONS] /api/v1/availability/check - Status: 200 - Duration: 0.0s - IP: 127.0.0.1 - User: Anonymous
2026-03-07 18:58:57,972 | INFO     | app | [GET] /api/v1/pedidos - Status: 200 - Duration: 0.025s - IP: 127.0.0.1 - User: fedegarcia30@gmail.com
2026-03-07 18:58:58,151 | INFO     | app | [POST] /api/v1/availability/check - Status: 200 - Duration: 0.004s - IP: 127.0.0.1 - User: fedegarcia30@gmail.com
2026-03-07 18:59:03,205 | INFO     | app | [OPTIONS] /api/v1/pedidos/2248 - Status: 200 - Duration: 0.0s - IP: 127.0.0.1 - User: Anonymous
2026-03-07 18:59:03,585 | INFO     | app | Pedido #2248 properties updated successfully
2026-03-07 18:59:03,586 | INFO     | app | [PATCH] /api/v1/pedidos/2248 - Status: 200 - Duration: 0.061s - IP: 127.0.0.1 - User: fedegarcia30@gmail.com
2026-03-07 18:59:03,779 | INFO     | app | [OPTIONS] /api/v1/pedidos - Status: 200 - Duration: 0.0s - IP: 127.0.0.1 - User: Anonymous
2026-03-07 18:59:03,907 | INFO     | app | [OPTIONS] /api/v1/availability/check - Status: 200 - Duration: 0.001s - IP: 127.0.0.1 - User: Anonymous
2026-03-07 18:59:03,944 | INFO     | app | [GET] /api/v1/pedidos - Status: 200 - Duration: 0.036s - IP: 127.0.0.1 - User: fedegarcia30@gmail.com
2026-03-07 18:59:04,096 | INFO     | app | [POST] /api/v1/availability/check - Status: 200 - Duration: 0.006s - IP: 127.0.0.1 - User: fedegarcia30@gmail.com
2026-03-07 18:59:09,302 | INFO     | app | [OPTIONS] /api/v1/pedidos/2249 - Status: 200 - Duration: 0.0s - IP: 127.0.0.1 - User: Anonymous
2026-03-07 18:59:09,657 | INFO     | app | Pedido #2249 properties updated successfully
2026-03-07 18:59:09,660 | INFO     | app | [PATCH] /api/v1/pedidos/2249 - Status: 200 - Duration: 0.052s - IP: 127.0.0.1 - User: fedegarcia30@gmail.com
2026-03-07 18:59:09,874 | INFO     | app | [OPTIONS] /api/v1/pedidos/2247 - Status: 200 - Duration: 0.0s - IP: 127.0.0.1 - User: Anonymous
2026-03-07 18:59:09,994 | INFO     | app | Pedido #2247 properties updated successfully
2026-03-07 18:59:09,997 | INFO     | app | [PATCH] /api/v1/pedidos/2247 - Status: 200 - Duration: 0.017s - IP: 127.0.0.1 - User: fedegarcia30@gmail.com
2026-03-07 18:59:10,180 | INFO     | app | [OPTIONS] /api/v1/pedidos - Status: 200 - Duration: 0.0s - IP: 127.0.0.1 - User: Anonymous
2026-03-07 18:59:10,306 | INFO     | app | [OPTIONS] /api/v1/availability/check - Status: 200 - Duration: 0.0s - IP: 127.0.0.1 - User: Anonymous
2026-03-07 18:59:10,330 | INFO     | app | [GET] /api/v1/pedidos - Status: 200 - Duration: 0.024s - IP: 127.0.0.1 - User: fedegarcia30@gmail.com
2026-03-07 18:59:10,492 | INFO     | app | [POST] /api/v1/availability/check - Status: 200 - Duration: 0.005s - IP: 127.0.0.1 - User: fedegarcia30@gmail.com
2026-03-07 18:59:43,883 | INFO     | app | [OPTIONS] /api/v1/auth/me - Status: 200 - Duration: 0.0s - IP: 127.0.0.1 - User: Anonymous
2026-03-07 18:59:44,205 | INFO     | app | [GET] /api/v1/auth/me - Status: 200 - Duration: 0.004s - IP: 127.0.0.1 - User: fedegarcia30@gmail.com
2026-03-07 18:59:44,452 | INFO     | app | [OPTIONS] /api/v1/availability/check - Status: 200 - Duration: 0.002s - IP: 127.0.0.1 - User: Anonymous
2026-03-07 18:59:44,543 | INFO     | app | [OPTIONS] /api/v1/availability/check - Status: 200 - Duration: 0.0s - IP: 127.0.0.1 - User: Anonymous
2026-03-07 18:59:44,545 | INFO     | app | [OPTIONS] /api/v1/availability/check - Status: 200 - Duration: 0.0s - IP: 127.0.0.1 - User: Anonymous
2026-03-07 18:59:44,760 | INFO     | app | [OPTIONS] /api/v1/availability/check - Status: 200 - Duration: 0.001s - IP: 127.0.0.1 - User: Anonymous
2026-03-07 18:59:44,851 | INFO     | app | [OPTIONS] /api/v1/pedidos/calendar - Status: 200 - Duration: 0.0s - IP: 127.0.0.1 - User: Anonymous
2026-03-07 18:59:44,854 | INFO     | app | [OPTIONS] /api/v1/pedidos/calendar - Status: 200 - Duration: 0.0s - IP: 127.0.0.1 - User: Anonymous
2026-03-07 18:59:45,072 | INFO     | app | [GET] /api/v1/pedidos/calendar - Status: 200 - Duration: 0.004s - IP: 127.0.0.1 - User: fedegarcia30@gmail.com
2026-03-07 18:59:45,165 | INFO     | app | [GET] /api/v1/pedidos/calendar - Status: 200 - Duration: 0.003s - IP: 127.0.0.1 - User: fedegarcia30@gmail.com
2026-03-07 18:59:46,855 | INFO     | app | [OPTIONS] /api/v1/availability/check - Status: 200 - Duration: 0.0s - IP: 127.0.0.1 - User: Anonymous
2026-03-07 18:59:47,164 | INFO     | app | [OPTIONS] /api/v1/pedidos - Status: 200 - Duration: 0.0s - IP: 127.0.0.1 - User: Anonymous
2026-03-07 18:59:47,165 | INFO     | app | [OPTIONS] /api/v1/pedidos - Status: 200 - Duration: 0.0s - IP: 127.0.0.1 - User: Anonymous
2026-03-07 18:59:47,166 | INFO     | app | [OPTIONS] /api/v1/availability/check - Status: 200 - Duration: 0.0s - IP: 127.0.0.1 - User: Anonymous
2026-03-07 18:59:47,177 | INFO     | app | [POST] /api/v1/availability/check - Status: 200 - Duration: 0.01s - IP: 127.0.0.1 - User: fedegarcia30@gmail.com
2026-03-07 18:59:47,486 | INFO     | app | [POST] /api/v1/availability/check - Status: 200 - Duration: 0.009s - IP: 127.0.0.1 - User: fedegarcia30@gmail.com
2026-03-07 18:59:47,509 | INFO     | app | [GET] /api/v1/pedidos - Status: 200 - Duration: 0.031s - IP: 127.0.0.1 - User: fedegarcia30@gmail.com
2026-03-07 18:59:47,509 | INFO     | app | [GET] /api/v1/pedidos - Status: 200 - Duration: 0.032s - IP: 127.0.0.1 - User: fedegarcia30@gmail.com
2026-03-07 18:59:49,185 | INFO     | app | [OPTIONS] /api/v1/pedidos/calendar - Status: 200 - Duration: 0.001s - IP: 127.0.0.1 - User: Anonymous
2026-03-07 18:59:49,185 | INFO     | app | [OPTIONS] /api/v1/pedidos/calendar - Status: 200 - Duration: 0.0s - IP: 127.0.0.1 - User: Anonymous
2026-03-07 18:59:49,452 | INFO     | app | [GET] /api/v1/pedidos/calendar - Status: 200 - Duration: 0.004s - IP: 127.0.0.1 - User: fedegarcia30@gmail.com
2026-03-07 18:59:49,499 | INFO     | app | [GET] /api/v1/pedidos/calendar - Status: 200 - Duration: 0.004s - IP: 127.0.0.1 - User: fedegarcia30@gmail.com
2026-03-07 18:59:50,044 | INFO     | app | [OPTIONS] /api/v1/availability/check - Status: 200 - Duration: 0.0s - IP: 127.0.0.1 - User: Anonymous
2026-03-07 18:59:50,350 | INFO     | app | [OPTIONS] /api/v1/pedidos - Status: 200 - Duration: 0.0s - IP: 127.0.0.1 - User: Anonymous
2026-03-07 18:59:50,350 | INFO     | app | [OPTIONS] /api/v1/availability/check - Status: 200 - Duration: 0.0s - IP: 127.0.0.1 - User: Anonymous
2026-03-07 18:59:50,350 | INFO     | app | [OPTIONS] /api/v1/pedidos - Status: 200 - Duration: 0.0s - IP: 127.0.0.1 - User: Anonymous
2026-03-07 18:59:50,361 | INFO     | app | [POST] /api/v1/availability/check - Status: 200 - Duration: 0.008s - IP: 127.0.0.1 - User: fedegarcia30@gmail.com
2026-03-07 18:59:50,701 | INFO     | app | [POST] /api/v1/availability/check - Status: 200 - Duration: 0.042s - IP: 127.0.0.1 - User: fedegarcia30@gmail.com
2026-03-07 18:59:50,741 | INFO     | app | [GET] /api/v1/pedidos - Status: 200 - Duration: 0.08s - IP: 127.0.0.1 - User: fedegarcia30@gmail.com
2026-03-07 18:59:50,744 | INFO     | app | [GET] /api/v1/pedidos - Status: 200 - Duration: 0.086s - IP: 127.0.0.1 - User: fedegarcia30@gmail.com
2026-03-07 19:00:00,387 | INFO     | app | [OPTIONS] /api/v1/pedidos/2250 - Status: 200 - Duration: 0.0s - IP: 127.0.0.1 - User: Anonymous
2026-03-07 19:00:00,708 | INFO     | app | Pedido #2250 properties updated successfully
2026-03-07 19:00:00,711 | INFO     | app | [PATCH] /api/v1/pedidos/2250 - Status: 200 - Duration: 0.054s - IP: 127.0.0.1 - User: fedegarcia30@gmail.com
2026-03-07 19:00:00,718 | INFO     | app | [OPTIONS] /api/v1/pedidos/2246 - Status: 200 - Duration: 0.002s - IP: 127.0.0.1 - User: Anonymous
2026-03-07 19:00:01,104 | INFO     | app | Pedido #2246 properties updated successfully
2026-03-07 19:00:01,108 | INFO     | app | [PATCH] /api/v1/pedidos/2246 - Status: 200 - Duration: 0.083s - IP: 127.0.0.1 - User: fedegarcia30@gmail.com
2026-03-07 19:00:01,289 | INFO     | app | [OPTIONS] /api/v1/pedidos - Status: 200 - Duration: 0.0s - IP: 127.0.0.1 - User: Anonymous
2026-03-07 19:00:01,431 | INFO     | app | [OPTIONS] /api/v1/availability/check - Status: 200 - Duration: 0.0s - IP: 127.0.0.1 - User: Anonymous
2026-03-07 19:00:01,457 | INFO     | app | [GET] /api/v1/pedidos - Status: 200 - Duration: 0.026s - IP: 127.0.0.1 - User: fedegarcia30@gmail.com
2026-03-07 19:00:01,608 | INFO     | app | [POST] /api/v1/availability/check - Status: 200 - Duration: 0.004s - IP: 127.0.0.1 - User: fedegarcia30@gmail.com
2026-03-07 19:00:10,897 | INFO     | app | [OPTIONS] /api/v1/pedidos/calendar - Status: 200 - Duration: 0.0s - IP: 127.0.0.1 - User: Anonymous
2026-03-07 19:00:11,212 | INFO     | app | [OPTIONS] /api/v1/pedidos/calendar - Status: 200 - Duration: 0.0s - IP: 127.0.0.1 - User: Anonymous
2026-03-07 19:00:11,218 | INFO     | app | [GET] /api/v1/pedidos/calendar - Status: 200 - Duration: 0.006s - IP: 127.0.0.1 - User: fedegarcia30@gmail.com
2026-03-07 19:00:11,576 | INFO     | app | [GET] /api/v1/pedidos/calendar - Status: 200 - Duration: 0.008s - IP: 127.0.0.1 - User: fedegarcia30@gmail.com
2026-03-07 19:00:12,373 | INFO     | app | [OPTIONS] /api/v1/availability/check - Status: 200 - Duration: 0.0s - IP: 127.0.0.1 - User: Anonymous
2026-03-07 19:00:12,694 | INFO     | app | [OPTIONS] /api/v1/availability/check - Status: 200 - Duration: 0.0s - IP: 127.0.0.1 - User: Anonymous
2026-03-07 19:00:12,696 | INFO     | app | [OPTIONS] /api/v1/pedidos - Status: 200 - Duration: 0.0s - IP: 127.0.0.1 - User: Anonymous
2026-03-07 19:00:12,697 | INFO     | app | [OPTIONS] /api/v1/pedidos - Status: 200 - Duration: 0.001s - IP: 127.0.0.1 - User: Anonymous
2026-03-07 19:00:12,706 | INFO     | app | [POST] /api/v1/availability/check - Status: 200 - Duration: 0.009s - IP: 127.0.0.1 - User: fedegarcia30@gmail.com
2026-03-07 19:00:13,026 | INFO     | app | [POST] /api/v1/availability/check - Status: 200 - Duration: 0.008s - IP: 127.0.0.1 - User: fedegarcia30@gmail.com
2026-03-07 19:00:13,062 | INFO     | app | [GET] /api/v1/pedidos - Status: 200 - Duration: 0.043s - IP: 127.0.0.1 - User: fedegarcia30@gmail.com
2026-03-07 19:00:13,066 | INFO     | app | [GET] /api/v1/pedidos - Status: 200 - Duration: 0.048s - IP: 127.0.0.1 - User: fedegarcia30@gmail.com
2026-03-07 19:00:20,285 | INFO     | app | [OPTIONS] /api/v1/pedidos/2250 - Status: 200 - Duration: 0.0s - IP: 127.0.0.1 - User: Anonymous
2026-03-07 19:00:20,626 | INFO     | app | Pedido #2250 properties updated successfully
2026-03-07 19:00:20,635 | INFO     | app | [PATCH] /api/v1/pedidos/2250 - Status: 200 - Duration: 0.082s - IP: 127.0.0.1 - User: fedegarcia30@gmail.com
2026-03-07 19:00:20,642 | INFO     | app | [OPTIONS] /api/v1/pedidos/2246 - Status: 200 - Duration: 0.0s - IP: 127.0.0.1 - User: Anonymous
2026-03-07 19:00:21,018 | INFO     | app | Pedido #2246 properties updated successfully
2026-03-07 19:00:21,021 | INFO     | app | [PATCH] /api/v1/pedidos/2246 - Status: 200 - Duration: 0.066s - IP: 127.0.0.1 - User: fedegarcia30@gmail.com
2026-03-07 19:00:21,218 | INFO     | app | [OPTIONS] /api/v1/pedidos - Status: 200 - Duration: 0.0s - IP: 127.0.0.1 - User: Anonymous
2026-03-07 19:00:21,333 | INFO     | app | [OPTIONS] /api/v1/availability/check - Status: 200 - Duration: 0.0s - IP: 127.0.0.1 - User: Anonymous
2026-03-07 19:00:21,372 | INFO     | app | [GET] /api/v1/pedidos - Status: 200 - Duration: 0.037s - IP: 127.0.0.1 - User: fedegarcia30@gmail.com
2026-03-07 19:00:21,536 | INFO     | app | [POST] /api/v1/availability/check - Status: 200 - Duration: 0.004s - IP: 127.0.0.1 - User: fedegarcia30@gmail.com
2026-03-07 19:02:27,930 | INFO     | app | [OPTIONS] /api/v1/clients/stats - Status: 200 - Duration: 0.0s - IP: 127.0.0.1 - User: Anonymous
2026-03-07 19:02:27,932 | INFO     | app | [OPTIONS] /api/v1/clients/stats - Status: 200 - Duration: 0.001s - IP: 127.0.0.1 - User: Anonymous
2026-03-07 19:02:28,191 | INFO     | app | [OPTIONS] /api/v1/clients - Status: 200 - Duration: 0.0s - IP: 127.0.0.1 - User: Anonymous
2026-03-07 19:02:28,251 | INFO     | app | [GET] /api/v1/clients - Status: 200 - Duration: 0.012s - IP: 127.0.0.1 - User: fedegarcia30@gmail.com
2026-03-07 19:02:28,263 | INFO     | app | [GET] /api/v1/clients/stats - Status: 200 - Duration: 0.04s - IP: 127.0.0.1 - User: fedegarcia30@gmail.com
2026-03-07 19:02:28,275 | INFO     | app | [GET] /api/v1/clients/stats - Status: 200 - Duration: 0.037s - IP: 127.0.0.1 - User: fedegarcia30@gmail.com
2026-03-07 19:03:57,870 | INFO     | app | [OPTIONS] /api/v1/availability/check - Status: 200 - Duration: 0.0s - IP: 127.0.0.1 - User: Anonymous
2026-03-07 19:03:57,872 | INFO     | app | [OPTIONS] /api/v1/pedidos - Status: 200 - Duration: 0.002s - IP: 127.0.0.1 - User: Anonymous
2026-03-07 19:03:57,872 | INFO     | app | [OPTIONS] /api/v1/availability/check - Status: 200 - Duration: 0.0s - IP: 127.0.0.1 - User: Anonymous
2026-03-07 19:03:57,873 | INFO     | app | [OPTIONS] /api/v1/pedidos - Status: 200 - Duration: 0.0s - IP: 127.0.0.1 - User: Anonymous
2026-03-07 19:03:58,136 | INFO     | app | [POST] /api/v1/availability/check - Status: 200 - Duration: 0.004s - IP: 127.0.0.1 - User: fedegarcia30@gmail.com
2026-03-07 19:03:58,206 | INFO     | app | [GET] /api/v1/pedidos - Status: 200 - Duration: 0.012s - IP: 127.0.0.1 - User: fedegarcia30@gmail.com
2026-03-07 19:03:58,208 | INFO     | app | [GET] /api/v1/pedidos - Status: 200 - Duration: 0.011s - IP: 127.0.0.1 - User: fedegarcia30@gmail.com
2026-03-07 19:03:58,209 | INFO     | app | [POST] /api/v1/availability/check - Status: 200 - Duration: 0.014s - IP: 127.0.0.1 - User: fedegarcia30@gmail.com
2026-03-07 19:03:58,984 | INFO     | app | [OPTIONS] /api/v1/pedidos/calendar - Status: 200 - Duration: 0.0s - IP: 127.0.0.1 - User: Anonymous
2026-03-07 19:03:59,299 | INFO     | app | [OPTIONS] /api/v1/pedidos/calendar - Status: 200 - Duration: 0.001s - IP: 127.0.0.1 - User: Anonymous
2026-03-07 19:03:59,306 | INFO     | app | [GET] /api/v1/pedidos/calendar - Status: 200 - Duration: 0.008s - IP: 127.0.0.1 - User: fedegarcia30@gmail.com
2026-03-07 19:03:59,612 | INFO     | app | [GET] /api/v1/pedidos/calendar - Status: 200 - Duration: 0.004s - IP: 127.0.0.1 - User: fedegarcia30@gmail.com
2026-03-07 19:04:00,520 | INFO     | app | [OPTIONS] /api/v1/availability/check - Status: 200 - Duration: 0.0s - IP: 127.0.0.1 - User: Anonymous
2026-03-07 19:04:00,521 | INFO     | app | [OPTIONS] /api/v1/availability/check - Status: 200 - Duration: 0.0s - IP: 127.0.0.1 - User: Anonymous
2026-03-07 19:04:00,522 | INFO     | app | [OPTIONS] /api/v1/pedidos - Status: 200 - Duration: 0.0s - IP: 127.0.0.1 - User: Anonymous
2026-03-07 19:04:00,523 | INFO     | app | [OPTIONS] /api/v1/pedidos - Status: 200 - Duration: 0.0s - IP: 127.0.0.1 - User: Anonymous
2026-03-07 19:04:00,786 | INFO     | app | [POST] /api/v1/availability/check - Status: 200 - Duration: 0.005s - IP: 127.0.0.1 - User: fedegarcia30@gmail.com
2026-03-07 19:04:00,836 | INFO     | app | [POST] /api/v1/availability/check - Status: 200 - Duration: 0.01s - IP: 127.0.0.1 - User: fedegarcia30@gmail.com
2026-03-07 19:04:00,878 | INFO     | app | [GET] /api/v1/pedidos - Status: 200 - Duration: 0.049s - IP: 127.0.0.1 - User: fedegarcia30@gmail.com
2026-03-07 19:04:00,879 | INFO     | app | [GET] /api/v1/pedidos - Status: 200 - Duration: 0.051s - IP: 127.0.0.1 - User: fedegarcia30@gmail.com
2026-03-07 19:04:15,627 | INFO     | app | [OPTIONS] /api/v1/clients/lookup - Status: 200 - Duration: 0.0s - IP: 127.0.0.1 - User: Anonymous
2026-03-07 19:04:15,991 | INFO     | app | [POST] /api/v1/clients/lookup - Status: 200 - Duration: 0.053s - IP: 127.0.0.1 - User: fedegarcia30@gmail.com
2026-03-07 19:04:17,867 | INFO     | app | [OPTIONS] /api/v1/rices - Status: 200 - Duration: 0.0s - IP: 127.0.0.1 - User: Anonymous
2026-03-07 19:04:18,180 | INFO     | app | [OPTIONS] /api/v1/rices - Status: 200 - Duration: 0.0s - IP: 127.0.0.1 - User: Anonymous
2026-03-07 19:04:18,189 | INFO     | app | [GET] /api/v1/rices - Status: 200 - Duration: 0.007s - IP: 127.0.0.1 - User: fedegarcia30@gmail.com
2026-03-07 19:04:18,496 | INFO     | app | [GET] /api/v1/rices - Status: 200 - Duration: 0.005s - IP: 127.0.0.1 - User: fedegarcia30@gmail.com
2026-03-07 19:04:24,845 | INFO     | app | [OPTIONS] /api/v1/rices - Status: 200 - Duration: 0.0s - IP: 127.0.0.1 - User: Anonymous
2026-03-07 19:04:24,849 | INFO     | app | [OPTIONS] /api/v1/rices - Status: 200 - Duration: 0.0s - IP: 127.0.0.1 - User: Anonymous
2026-03-07 19:04:25,116 | INFO     | app | [GET] /api/v1/rices - Status: 200 - Duration: 0.004s - IP: 127.0.0.1 - User: fedegarcia30@gmail.com
2026-03-07 19:04:25,164 | INFO     | app | [GET] /api/v1/rices - Status: 200 - Duration: 0.004s - IP: 127.0.0.1 - User: fedegarcia30@gmail.com
2026-03-07 19:04:32,653 | INFO     | app | [OPTIONS] /api/v1/orders/create - Status: 200 - Duration: 0.0s - IP: 127.0.0.1 - User: Anonymous
2026-03-07 19:04:32,998 | INFO     | app | No recipe found for rice ID 5, no stock adjustment needed.
2026-03-07 19:04:32,998 | INFO     | app | Order #3507 created successfully for client #359 (5 PAX, Arroz: Verduras)
2026-03-07 19:04:32,998 | INFO     | app | [POST] /api/v1/orders/create - Status: 201 - Duration: 0.026s - IP: 127.0.0.1 - User: fedegarcia30@gmail.com
2026-03-07 19:04:33,219 | INFO     | app | [OPTIONS] /api/v1/orders/create - Status: 200 - Duration: 0.0s - IP: 127.0.0.1 - User: Anonymous
2026-03-07 19:04:33,381 | INFO     | app | No recipe found for rice ID 6, no stock adjustment needed.
2026-03-07 19:04:33,383 | INFO     | app | Order #3508 created successfully for client #359 (5 PAX, Arroz: Valenciana)
2026-03-07 19:04:33,383 | INFO     | app | [POST] /api/v1/orders/create - Status: 201 - Duration: 0.071s - IP: 127.0.0.1 - User: fedegarcia30@gmail.com
2026-03-07 19:04:33,533 | INFO     | app | [OPTIONS] /api/v1/pedidos - Status: 200 - Duration: 0.0s - IP: 127.0.0.1 - User: Anonymous
2026-03-07 19:04:33,704 | INFO     | app | [OPTIONS] /api/v1/availability/check - Status: 200 - Duration: 0.0s - IP: 127.0.0.1 - User: Anonymous
2026-03-07 19:04:33,746 | INFO     | app | [GET] /api/v1/pedidos - Status: 200 - Duration: 0.042s - IP: 127.0.0.1 - User: fedegarcia30@gmail.com
2026-03-07 19:04:33,847 | INFO     | app | [POST] /api/v1/availability/check - Status: 200 - Duration: 0.004s - IP: 127.0.0.1 - User: fedegarcia30@gmail.com
2026-03-07 19:04:42,963 | INFO     | app | [OPTIONS] /api/v1/clients/lookup - Status: 200 - Duration: 0.0s - IP: 127.0.0.1 - User: Anonymous
2026-03-07 19:04:43,343 | INFO     | app | [POST] /api/v1/clients/lookup - Status: 200 - Duration: 0.067s - IP: 127.0.0.1 - User: fedegarcia30@gmail.com
2026-03-07 19:04:45,409 | INFO     | app | [OPTIONS] /api/v1/rices - Status: 200 - Duration: 0.0s - IP: 127.0.0.1 - User: Anonymous
2026-03-07 19:04:45,719 | INFO     | app | [OPTIONS] /api/v1/rices - Status: 200 - Duration: 0.0s - IP: 127.0.0.1 - User: Anonymous
2026-03-07 19:04:45,727 | INFO     | app | [GET] /api/v1/rices - Status: 200 - Duration: 0.008s - IP: 127.0.0.1 - User: fedegarcia30@gmail.com
2026-03-07 19:04:46,031 | INFO     | app | [GET] /api/v1/rices - Status: 200 - Duration: 0.005s - IP: 127.0.0.1 - User: fedegarcia30@gmail.com
2026-03-07 19:04:51,598 | INFO     | app | [OPTIONS] /api/v1/orders/create - Status: 200 - Duration: 0.0s - IP: 127.0.0.1 - User: Anonymous
2026-03-07 19:04:51,929 | INFO     | app | No recipe found for rice ID 10, no stock adjustment needed.
2026-03-07 19:04:51,930 | INFO     | app | Order #3509 created successfully for client #635 (12 PAX, Arroz: Senyoret Test)
2026-03-07 19:04:51,930 | INFO     | app | [POST] /api/v1/orders/create - Status: 201 - Duration: 0.071s - IP: 127.0.0.1 - User: fedegarcia30@gmail.com
2026-03-07 19:04:51,937 | INFO     | app | [OPTIONS] /api/v1/pedidos - Status: 200 - Duration: 0.0s - IP: 127.0.0.1 - User: Anonymous
2026-03-07 19:04:52,248 | INFO     | app | [OPTIONS] /api/v1/availability/check - Status: 200 - Duration: 0.0s - IP: 127.0.0.1 - User: Anonymous
2026-03-07 19:04:52,294 | INFO     | app | [GET] /api/v1/pedidos - Status: 200 - Duration: 0.046s - IP: 127.0.0.1 - User: fedegarcia30@gmail.com
2026-03-07 19:04:52,571 | INFO     | app | [POST] /api/v1/availability/check - Status: 200 - Duration: 0.01s - IP: 127.0.0.1 - User: fedegarcia30@gmail.com
2026-03-07 19:05:03,491 | INFO     | app | [OPTIONS] /api/v1/clients/lookup - Status: 200 - Duration: 0.0s - IP: 127.0.0.1 - User: Anonymous
2026-03-07 19:05:03,762 | INFO     | app | [POST] /api/v1/clients/lookup - Status: 200 - Duration: 0.009s - IP: 127.0.0.1 - User: fedegarcia30@gmail.com
2026-03-07 19:05:05,344 | INFO     | app | [OPTIONS] /api/v1/rices - Status: 200 - Duration: 0.0s - IP: 127.0.0.1 - User: Anonymous
2026-03-07 19:05:05,658 | INFO     | app | [OPTIONS] /api/v1/rices - Status: 200 - Duration: 0.0s - IP: 127.0.0.1 - User: Anonymous
2026-03-07 19:05:05,666 | INFO     | app | [GET] /api/v1/rices - Status: 200 - Duration: 0.008s - IP: 127.0.0.1 - User: fedegarcia30@gmail.com
2026-03-07 19:05:05,973 | INFO     | app | [GET] /api/v1/rices - Status: 200 - Duration: 0.003s - IP: 127.0.0.1 - User: fedegarcia30@gmail.com
2026-03-07 19:05:14,042 | INFO     | app | [OPTIONS] /api/v1/orders/create - Status: 200 - Duration: 0.0s - IP: 127.0.0.1 - User: Anonymous
2026-03-07 19:05:14,368 | INFO     | app | No recipe found for rice ID 4, no stock adjustment needed.
2026-03-07 19:05:14,370 | INFO     | app | Order #3510 created successfully for client #191 (5 PAX, Arroz: Señoret)
2026-03-07 19:05:14,370 | INFO     | app | [POST] /api/v1/orders/create - Status: 201 - Duration: 0.069s - IP: 127.0.0.1 - User: fedegarcia30@gmail.com
2026-03-07 19:05:14,376 | INFO     | app | [OPTIONS] /api/v1/pedidos - Status: 200 - Duration: 0.0s - IP: 127.0.0.1 - User: Anonymous
2026-03-07 19:05:14,693 | INFO     | app | [OPTIONS] /api/v1/availability/check - Status: 200 - Duration: 0.0s - IP: 127.0.0.1 - User: Anonymous
2026-03-07 19:05:14,733 | INFO     | app | [GET] /api/v1/pedidos - Status: 200 - Duration: 0.039s - IP: 127.0.0.1 - User: fedegarcia30@gmail.com
2026-03-07 19:05:15,002 | INFO     | app | [POST] /api/v1/availability/check - Status: 200 - Duration: 0.003s - IP: 127.0.0.1 - User: fedegarcia30@gmail.com
2026-03-07 19:06:37,293 | INFO     | app | [OPTIONS] /api/v1/clients/lookup - Status: 200 - Duration: 0.0s - IP: 127.0.0.1 - User: Anonymous
2026-03-07 19:06:37,546 | INFO     | app | [POST] /api/v1/clients/lookup - Status: 200 - Duration: 0.005s - IP: 127.0.0.1 - User: fedegarcia30@gmail.com
2026-03-07 19:06:39,536 | INFO     | app | [OPTIONS] /api/v1/clients/lookup - Status: 200 - Duration: 0.0s - IP: 127.0.0.1 - User: Anonymous
2026-03-07 19:06:39,856 | INFO     | app | [POST] /api/v1/clients/lookup - Status: 200 - Duration: 0.003s - IP: 127.0.0.1 - User: fedegarcia30@gmail.com
2026-03-07 19:06:39,980 | INFO     | app | [OPTIONS] /api/v1/clients/lookup - Status: 200 - Duration: 0.0s - IP: 127.0.0.1 - User: Anonymous
2026-03-07 19:06:40,109 | INFO     | app | [POST] /api/v1/clients/lookup - Status: 200 - Duration: 0.006s - IP: 127.0.0.1 - User: fedegarcia30@gmail.com
2026-03-07 19:06:40,288 | INFO     | app | [OPTIONS] /api/v1/clients/lookup - Status: 200 - Duration: 0.0s - IP: 127.0.0.1 - User: Anonymous
2026-03-07 19:06:40,447 | INFO     | app | [POST] /api/v1/clients/lookup - Status: 200 - Duration: 0.004s - IP: 127.0.0.1 - User: fedegarcia30@gmail.com
2026-03-07 19:06:40,598 | INFO     | app | [OPTIONS] /api/v1/clients/lookup - Status: 200 - Duration: 0.0s - IP: 127.0.0.1 - User: Anonymous
2026-03-07 19:06:40,667 | INFO     | app | [POST] /api/v1/clients/lookup - Status: 200 - Duration: 0.006s - IP: 127.0.0.1 - User: fedegarcia30@gmail.com
2026-03-07 19:06:54,318 | INFO     | app | [OPTIONS] /api/v1/rices - Status: 200 - Duration: 0.001s - IP: 127.0.0.1 - User: Anonymous
2026-03-07 19:06:54,625 | INFO     | app | [OPTIONS] /api/v1/rices - Status: 200 - Duration: 0.0s - IP: 127.0.0.1 - User: Anonymous
2026-03-07 19:06:54,647 | INFO     | app | [GET] /api/v1/rices - Status: 200 - Duration: 0.006s - IP: 127.0.0.1 - User: fedegarcia30@gmail.com
2026-03-07 19:06:54,941 | INFO     | app | [GET] /api/v1/rices - Status: 200 - Duration: 0.007s - IP: 127.0.0.1 - User: fedegarcia30@gmail.com
2026-03-07 19:07:01,875 | INFO     | app | [OPTIONS] /api/v1/rices - Status: 200 - Duration: 0.0s - IP: 127.0.0.1 - User: Anonymous
2026-03-07 19:07:01,876 | INFO     | app | [OPTIONS] /api/v1/rices - Status: 200 - Duration: 0.001s - IP: 127.0.0.1 - User: Anonymous
2026-03-07 19:07:02,146 | INFO     | app | [GET] /api/v1/rices - Status: 200 - Duration: 0.005s - IP: 127.0.0.1 - User: fedegarcia30@gmail.com
2026-03-07 19:07:02,194 | INFO     | app | [GET] /api/v1/rices - Status: 200 - Duration: 0.005s - IP: 127.0.0.1 - User: fedegarcia30@gmail.com
2026-03-07 19:07:08,397 | INFO     | app | [OPTIONS] /api/v1/rices - Status: 200 - Duration: 0.0s - IP: 127.0.0.1 - User: Anonymous
2026-03-07 19:07:08,707 | INFO     | app | [OPTIONS] /api/v1/rices - Status: 200 - Duration: 0.001s - IP: 127.0.0.1 - User: Anonymous
2026-03-07 19:07:08,714 | INFO     | app | [GET] /api/v1/rices - Status: 200 - Duration: 0.006s - IP: 127.0.0.1 - User: fedegarcia30@gmail.com
2026-03-07 19:07:09,017 | INFO     | app | [GET] /api/v1/rices - Status: 200 - Duration: 0.005s - IP: 127.0.0.1 - User: fedegarcia30@gmail.com
2026-03-07 19:07:14,668 | INFO     | app | [OPTIONS] /api/v1/rices - Status: 200 - Duration: 0.0s - IP: 127.0.0.1 - User: Anonymous
2026-03-07 19:07:14,668 | INFO     | app | [OPTIONS] /api/v1/rices - Status: 200 - Duration: 0.0s - IP: 127.0.0.1 - User: Anonymous
2026-03-07 19:07:14,934 | INFO     | app | [GET] /api/v1/rices - Status: 200 - Duration: 0.004s - IP: 127.0.0.1 - User: fedegarcia30@gmail.com
2026-03-07 19:07:14,982 | INFO     | app | [GET] /api/v1/rices - Status: 200 - Duration: 0.004s - IP: 127.0.0.1 - User: fedegarcia30@gmail.com
2026-03-07 19:07:25,538 | INFO     | app | [OPTIONS] /api/v1/orders/create - Status: 200 - Duration: 0.0s - IP: 127.0.0.1 - User: Anonymous
2026-03-07 19:07:25,964 | INFO     | app | No recipe found for rice ID 8, no stock adjustment needed.
2026-03-07 19:07:25,964 | INFO     | app | Order #3511 created successfully for client #982 (5 PAX, Arroz: Alcachofas)
2026-03-07 19:07:25,966 | INFO     | app | [POST] /api/v1/orders/create - Status: 201 - Duration: 0.113s - IP: 127.0.0.1 - User: fedegarcia30@gmail.com
2026-03-07 19:07:26,120 | INFO     | app | [OPTIONS] /api/v1/orders/create - Status: 200 - Duration: 0.0s - IP: 127.0.0.1 - User: Anonymous
2026-03-07 19:07:26,297 | INFO     | app | No recipe found for rice ID 8, no stock adjustment needed.
2026-03-07 19:07:26,300 | INFO     | app | Order #3512 created successfully for client #983 (5 PAX, Arroz: Alcachofas)
2026-03-07 19:07:26,300 | INFO     | app | [POST] /api/v1/orders/create - Status: 201 - Duration: 0.023s - IP: 127.0.0.1 - User: fedegarcia30@gmail.com
2026-03-07 19:07:26,432 | INFO     | app | [OPTIONS] /api/v1/orders/create - Status: 200 - Duration: 0.0s - IP: 127.0.0.1 - User: Anonymous
2026-03-07 19:07:26,701 | INFO     | app | No recipe found for rice ID 3, no stock adjustment needed.
2026-03-07 19:07:26,704 | INFO     | app | Order #3513 created successfully for client #984 (5 PAX, Arroz: Pulpo y ajetes)
2026-03-07 19:07:26,704 | INFO     | app | [POST] /api/v1/orders/create - Status: 201 - Duration: 0.089s - IP: 127.0.0.1 - User: fedegarcia30@gmail.com
2026-03-07 19:07:26,739 | INFO     | app | [OPTIONS] /api/v1/pedidos - Status: 200 - Duration: 0.0s - IP: 127.0.0.1 - User: Anonymous
2026-03-07 19:07:27,018 | INFO     | app | [OPTIONS] /api/v1/availability/check - Status: 200 - Duration: 0.0s - IP: 127.0.0.1 - User: Anonymous
2026-03-07 19:07:27,054 | INFO     | app | [POST] /api/v1/availability/check - Status: 200 - Duration: 0.007s - IP: 127.0.0.1 - User: fedegarcia30@gmail.com
2026-03-07 19:07:27,095 | INFO     | app | [GET] /api/v1/pedidos - Status: 200 - Duration: 0.077s - IP: 127.0.0.1 - User: fedegarcia30@gmail.com
2026-03-07 19:07:47,623 | INFO     | app | [OPTIONS] /api/v1/clients/lookup - Status: 200 - Duration: 0.0s - IP: 127.0.0.1 - User: Anonymous
2026-03-07 19:07:47,946 | INFO     | app | [POST] /api/v1/clients/lookup - Status: 200 - Duration: 0.006s - IP: 127.0.0.1 - User: fedegarcia30@gmail.com
2026-03-07 19:07:49,195 | INFO     | app | [OPTIONS] /api/v1/clients/lookup - Status: 200 - Duration: 0.0s - IP: 127.0.0.1 - User: Anonymous
2026-03-07 19:07:49,508 | INFO     | app | [POST] /api/v1/clients/lookup - Status: 200 - Duration: 0.005s - IP: 127.0.0.1 - User: fedegarcia30@gmail.com
2026-03-07 19:07:49,737 | INFO     | app | [OPTIONS] /api/v1/clients/lookup - Status: 200 - Duration: 0.0s - IP: 127.0.0.1 - User: Anonymous
2026-03-07 19:07:49,775 | INFO     | app | [POST] /api/v1/clients/lookup - Status: 200 - Duration: 0.004s - IP: 127.0.0.1 - User: fedegarcia30@gmail.com
2026-03-07 19:07:50,050 | INFO     | app | [OPTIONS] /api/v1/clients/lookup - Status: 200 - Duration: 0.0s - IP: 127.0.0.1 - User: Anonymous
2026-03-07 19:07:50,097 | INFO     | app | [OPTIONS] /api/v1/clients/lookup - Status: 200 - Duration: 0.0s - IP: 127.0.0.1 - User: Anonymous
2026-03-07 19:07:50,351 | INFO     | app | [POST] /api/v1/clients/lookup - Status: 200 - Duration: 0.008s - IP: 127.0.0.1 - User: fedegarcia30@gmail.com
2026-03-07 19:07:50,364 | INFO     | app | [POST] /api/v1/clients/lookup - Status: 200 - Duration: 0.007s - IP: 127.0.0.1 - User: fedegarcia30@gmail.com
2026-03-07 19:08:05,678 | INFO     | app | [OPTIONS] /api/v1/rices - Status: 200 - Duration: 0.0s - IP: 127.0.0.1 - User: Anonymous
2026-03-07 19:08:05,990 | INFO     | app | [OPTIONS] /api/v1/rices - Status: 200 - Duration: 0.001s - IP: 127.0.0.1 - User: Anonymous
2026-03-07 19:08:05,997 | INFO     | app | [GET] /api/v1/rices - Status: 200 - Duration: 0.007s - IP: 127.0.0.1 - User: fedegarcia30@gmail.com
2026-03-07 19:08:06,306 | INFO     | app | [GET] /api/v1/rices - Status: 200 - Duration: 0.003s - IP: 127.0.0.1 - User: fedegarcia30@gmail.com
2026-03-07 19:08:13,468 | INFO     | app | [OPTIONS] /api/v1/orders/create - Status: 200 - Duration: 0.001s - IP: 127.0.0.1 - User: Anonymous
2026-03-07 19:08:13,793 | INFO     | app | Stock subtracted for arroz: 400.0 gr. New total: 4600.0
2026-03-07 19:08:13,796 | INFO     | app | Stock subtracted for ajetes: 20.0 gr. New total: 4980.0
2026-03-07 19:08:13,798 | INFO     | app | Stock subtracted for caldo pescado: 1000.0 ml. New total: 4000.0
2026-03-07 19:08:13,801 | INFO     | app | Order #3514 created successfully for client #985 (4 PAX, Arroz: Pollo y pimientos)
2026-03-07 19:08:13,801 | INFO     | app | [POST] /api/v1/orders/create - Status: 201 - Duration: 0.072s - IP: 127.0.0.1 - User: fedegarcia30@gmail.com
2026-03-07 19:08:13,811 | INFO     | app | [OPTIONS] /api/v1/pedidos - Status: 200 - Duration: 0.0s - IP: 127.0.0.1 - User: Anonymous
2026-03-07 19:08:14,116 | INFO     | app | [OPTIONS] /api/v1/availability/check - Status: 200 - Duration: 0.0s - IP: 127.0.0.1 - User: Anonymous
2026-03-07 19:08:14,183 | INFO     | app | [GET] /api/v1/pedidos - Status: 200 - Duration: 0.066s - IP: 127.0.0.1 - User: fedegarcia30@gmail.com
2026-03-07 19:08:14,435 | INFO     | app | [POST] /api/v1/availability/check - Status: 200 - Duration: 0.009s - IP: 127.0.0.1 - User: fedegarcia30@gmail.com
2026-03-07 19:08:25,735 | INFO     | app | [OPTIONS] /api/v1/pedidos/calendar - Status: 200 - Duration: 0.0s - IP: 127.0.0.1 - User: Anonymous
2026-03-07 19:08:25,737 | INFO     | app | [OPTIONS] /api/v1/pedidos/calendar - Status: 200 - Duration: 0.0s - IP: 127.0.0.1 - User: Anonymous
2026-03-07 19:08:26,005 | INFO     | app | [GET] /api/v1/pedidos/calendar - Status: 200 - Duration: 0.005s - IP: 127.0.0.1 - User: fedegarcia30@gmail.com
2026-03-07 19:08:26,054 | INFO     | app | [GET] /api/v1/pedidos/calendar - Status: 200 - Duration: 0.007s - IP: 127.0.0.1 - User: fedegarcia30@gmail.com
2026-03-07 19:08:26,722 | INFO     | app | [OPTIONS] /api/v1/availability/check - Status: 200 - Duration: 0.0s - IP: 127.0.0.1 - User: Anonymous
2026-03-07 19:08:27,033 | INFO     | app | [OPTIONS] /api/v1/pedidos - Status: 200 - Duration: 0.0s - IP: 127.0.0.1 - User: Anonymous
2026-03-07 19:08:27,033 | INFO     | app | [OPTIONS] /api/v1/availability/check - Status: 200 - Duration: 0.0s - IP: 127.0.0.1 - User: Anonymous
2026-03-07 19:08:27,036 | INFO     | app | [OPTIONS] /api/v1/pedidos - Status: 200 - Duration: 0.0s - IP: 127.0.0.1 - User: Anonymous
2026-03-07 19:08:27,050 | INFO     | app | [POST] /api/v1/availability/check - Status: 200 - Duration: 0.012s - IP: 127.0.0.1 - User: fedegarcia30@gmail.com
2026-03-07 19:08:27,358 | INFO     | app | [POST] /api/v1/availability/check - Status: 200 - Duration: 0.014s - IP: 127.0.0.1 - User: fedegarcia30@gmail.com
2026-03-07 19:08:27,372 | INFO     | app | [GET] /api/v1/pedidos - Status: 200 - Duration: 0.029s - IP: 127.0.0.1 - User: fedegarcia30@gmail.com
2026-03-07 19:08:27,373 | INFO     | app | [GET] /api/v1/pedidos - Status: 200 - Duration: 0.029s - IP: 127.0.0.1 - User: fedegarcia30@gmail.com
2026-03-07 19:08:28,355 | INFO     | app | [OPTIONS] /api/v1/pedidos/calendar - Status: 200 - Duration: 0.0s - IP: 127.0.0.1 - User: Anonymous
2026-03-07 19:08:28,356 | INFO     | app | [OPTIONS] /api/v1/pedidos/calendar - Status: 200 - Duration: 0.001s - IP: 127.0.0.1 - User: Anonymous
2026-03-07 19:08:28,607 | INFO     | app | [GET] /api/v1/pedidos/calendar - Status: 200 - Duration: 0.004s - IP: 127.0.0.1 - User: fedegarcia30@gmail.com
2026-03-07 19:08:28,672 | INFO     | app | [GET] /api/v1/pedidos/calendar - Status: 200 - Duration: 0.004s - IP: 127.0.0.1 - User: fedegarcia30@gmail.com
2026-03-07 19:08:29,287 | INFO     | app | [OPTIONS] /api/v1/availability/check - Status: 200 - Duration: 0.0s - IP: 127.0.0.1 - User: Anonymous
2026-03-07 19:08:29,593 | INFO     | app | [OPTIONS] /api/v1/pedidos - Status: 200 - Duration: 0.0s - IP: 127.0.0.1 - User: Anonymous
2026-03-07 19:08:29,594 | INFO     | app | [OPTIONS] /api/v1/pedidos - Status: 200 - Duration: 0.0s - IP: 127.0.0.1 - User: Anonymous
2026-03-07 19:08:29,594 | INFO     | app | [OPTIONS] /api/v1/availability/check - Status: 200 - Duration: 0.0s - IP: 127.0.0.1 - User: Anonymous
2026-03-07 19:08:29,606 | INFO     | app | [POST] /api/v1/availability/check - Status: 200 - Duration: 0.01s - IP: 127.0.0.1 - User: fedegarcia30@gmail.com
2026-03-07 19:08:29,912 | INFO     | app | [POST] /api/v1/availability/check - Status: 200 - Duration: 0.008s - IP: 127.0.0.1 - User: fedegarcia30@gmail.com
2026-03-07 19:08:29,992 | INFO     | app | [GET] /api/v1/pedidos - Status: 200 - Duration: 0.09s - IP: 127.0.0.1 - User: fedegarcia30@gmail.com
2026-03-07 19:08:29,997 | INFO     | app | [GET] /api/v1/pedidos - Status: 200 - Duration: 0.094s - IP: 127.0.0.1 - User: fedegarcia30@gmail.com
2026-03-07 19:10:04,558 | INFO     | app | [OPTIONS] /api/v1/availability/check - Status: 200 - Duration: 0.0s - IP: 127.0.0.1 - User: Anonymous
2026-03-07 19:10:04,558 | INFO     | app | [OPTIONS] /api/v1/pedidos - Status: 200 - Duration: 0.0s - IP: 127.0.0.1 - User: Anonymous
2026-03-07 19:10:04,558 | INFO     | app | [OPTIONS] /api/v1/availability/check - Status: 200 - Duration: 0.0s - IP: 127.0.0.1 - User: Anonymous
2026-03-07 19:10:04,559 | INFO     | app | [OPTIONS] /api/v1/pedidos - Status: 200 - Duration: 0.0s - IP: 127.0.0.1 - User: Anonymous
2026-03-07 19:10:04,825 | INFO     | app | [POST] /api/v1/availability/check - Status: 200 - Duration: 0.005s - IP: 127.0.0.1 - User: fedegarcia30@gmail.com
2026-03-07 19:10:04,876 | INFO     | app | [POST] /api/v1/availability/check - Status: 200 - Duration: 0.006s - IP: 127.0.0.1 - User: fedegarcia30@gmail.com
2026-03-07 19:10:04,944 | INFO     | app | [GET] /api/v1/pedidos - Status: 200 - Duration: 0.076s - IP: 127.0.0.1 - User: fedegarcia30@gmail.com
2026-03-07 19:10:04,945 | INFO     | app | [GET] /api/v1/pedidos - Status: 200 - Duration: 0.076s - IP: 127.0.0.1 - User: fedegarcia30@gmail.com
2026-03-07 19:15:14,439 | INFO     | app | [OPTIONS] /api/v1/auth/me - Status: 200 - Duration: 0.0s - IP: 127.0.0.1 - User: Anonymous
2026-03-07 19:15:14,441 | INFO     | app | [OPTIONS] /api/v1/auth/me - Status: 200 - Duration: 0.001s - IP: 127.0.0.1 - User: Anonymous
2026-03-07 19:15:14,707 | INFO     | app | [GET] /api/v1/auth/me - Status: 200 - Duration: 0.005s - IP: 127.0.0.1 - User: fedegarcia30@gmail.com
2026-03-07 19:15:14,755 | INFO     | app | [GET] /api/v1/auth/me - Status: 200 - Duration: 0.003s - IP: 127.0.0.1 - User: fedegarcia30@gmail.com
2026-03-07 19:15:18,929 | INFO     | app | [OPTIONS] /api/v1/auth/me - Status: 200 - Duration: 0.0s - IP: 127.0.0.1 - User: Anonymous
2026-03-07 19:15:19,245 | INFO     | app | [OPTIONS] /api/v1/auth/me - Status: 200 - Duration: 0.0s - IP: 127.0.0.1 - User: Anonymous
2026-03-07 19:15:19,254 | INFO     | app | [GET] /api/v1/auth/me - Status: 200 - Duration: 0.007s - IP: 127.0.0.1 - User: fedegarcia30@gmail.com
2026-03-07 19:15:19,557 | INFO     | app | [GET] /api/v1/auth/me - Status: 200 - Duration: 0.003s - IP: 127.0.0.1 - User: fedegarcia30@gmail.com
2026-03-07 19:15:25,116 | INFO     | app | [OPTIONS] /api/v1/auth/me - Status: 200 - Duration: 0.0s - IP: 127.0.0.1 - User: Anonymous
2026-03-07 19:15:25,118 | INFO     | app | [OPTIONS] /api/v1/auth/me - Status: 200 - Duration: 0.0s - IP: 127.0.0.1 - User: Anonymous
2026-03-07 19:15:25,380 | INFO     | app | [GET] /api/v1/auth/me - Status: 200 - Duration: 0.004s - IP: 127.0.0.1 - User: fedegarcia30@gmail.com
2026-03-07 19:15:25,437 | INFO     | app | [OPTIONS] /api/v1/availability/check - Status: 200 - Duration: 0.0s - IP: 127.0.0.1 - User: Anonymous
2026-03-07 19:15:25,441 | INFO     | app | [GET] /api/v1/auth/me - Status: 200 - Duration: 0.005s - IP: 127.0.0.1 - User: fedegarcia30@gmail.com
2026-03-07 19:15:25,715 | INFO     | app | [OPTIONS] /api/v1/pedidos - Status: 200 - Duration: 0.0s - IP: 127.0.0.1 - User: Anonymous
2026-03-07 19:15:25,716 | INFO     | app | [OPTIONS] /api/v1/pedidos - Status: 200 - Duration: 0.0s - IP: 127.0.0.1 - User: Anonymous
2026-03-07 19:15:25,717 | INFO     | app | [OPTIONS] /api/v1/availability/check - Status: 200 - Duration: 0.0s - IP: 127.0.0.1 - User: Anonymous
2026-03-07 19:15:25,725 | INFO     | app | [POST] /api/v1/availability/check - Status: 200 - Duration: 0.008s - IP: 127.0.0.1 - User: fedegarcia30@gmail.com
2026-03-07 19:15:25,760 | INFO     | app | [OPTIONS] /api/v1/availability/check - Status: 200 - Duration: 0.0s - IP: 127.0.0.1 - User: Anonymous
2026-03-07 19:15:25,766 | INFO     | app | [OPTIONS] /api/v1/pedidos - Status: 200 - Duration: 0.0s - IP: 127.0.0.1 - User: Anonymous
2026-03-07 19:15:26,025 | INFO     | app | [OPTIONS] /api/v1/availability/check - Status: 200 - Duration: 0.0s - IP: 127.0.0.1 - User: Anonymous
2026-03-07 19:15:26,027 | INFO     | app | [OPTIONS] /api/v1/pedidos - Status: 200 - Duration: 0.001s - IP: 127.0.0.1 - User: Anonymous
2026-03-07 19:15:26,083 | INFO     | app | [POST] /api/v1/availability/check - Status: 200 - Duration: 0.012s - IP: 127.0.0.1 - User: fedegarcia30@gmail.com
2026-03-07 19:15:26,084 | INFO     | app | [POST] /api/v1/availability/check - Status: 200 - Duration: 0.014s - IP: 127.0.0.1 - User: fedegarcia30@gmail.com
2026-03-07 19:15:26,135 | INFO     | app | [GET] /api/v1/pedidos - Status: 200 - Duration: 0.105s - IP: 127.0.0.1 - User: fedegarcia30@gmail.com
2026-03-07 19:15:26,144 | INFO     | app | [GET] /api/v1/pedidos - Status: 200 - Duration: 0.11s - IP: 127.0.0.1 - User: fedegarcia30@gmail.com
2026-03-07 19:15:26,340 | INFO     | app | [POST] /api/v1/availability/check - Status: 200 - Duration: 0.006s - IP: 127.0.0.1 - User: fedegarcia30@gmail.com
2026-03-07 19:15:26,430 | INFO     | app | [GET] /api/v1/pedidos - Status: 200 - Duration: 0.098s - IP: 127.0.0.1 - User: fedegarcia30@gmail.com
2026-03-07 19:15:26,491 | INFO     | app | [GET] /api/v1/pedidos - Status: 200 - Duration: 0.097s - IP: 127.0.0.1 - User: fedegarcia30@gmail.com
2026-03-07 19:15:30,822 | INFO     | app | [OPTIONS] /api/v1/availability/check - Status: 200 - Duration: 0.002s - IP: 127.0.0.1 - User: Anonymous
2026-03-07 19:15:30,822 | INFO     | app | [OPTIONS] /api/v1/pedidos - Status: 200 - Duration: 0.0s - IP: 127.0.0.1 - User: Anonymous
2026-03-07 19:15:30,822 | INFO     | app | [OPTIONS] /api/v1/availability/check - Status: 200 - Duration: 0.0s - IP: 127.0.0.1 - User: Anonymous
2026-03-07 19:15:30,823 | INFO     | app | [OPTIONS] /api/v1/pedidos - Status: 200 - Duration: 0.0s - IP: 127.0.0.1 - User: Anonymous
2026-03-07 19:15:31,078 | INFO     | app | [POST] /api/v1/availability/check - Status: 200 - Duration: 0.008s - IP: 127.0.0.1 - User: fedegarcia30@gmail.com
2026-03-07 19:15:31,141 | INFO     | app | [POST] /api/v1/availability/check - Status: 200 - Duration: 0.009s - IP: 127.0.0.1 - User: fedegarcia30@gmail.com
2026-03-07 19:15:31,225 | INFO     | app | [GET] /api/v1/pedidos - Status: 200 - Duration: 0.093s - IP: 127.0.0.1 - User: fedegarcia30@gmail.com
2026-03-07 19:15:31,226 | INFO     | app | [GET] /api/v1/pedidos - Status: 200 - Duration: 0.095s - IP: 127.0.0.1 - User: fedegarcia30@gmail.com
2026-03-07 19:18:03,746 | INFO     | app | [OPTIONS] /api/v1/clients/lookup - Status: 200 - Duration: 0.0s - IP: 127.0.0.1 - User: Anonymous
2026-03-07 19:18:03,747 | INFO     | app | [OPTIONS] /api/v1/clients/lookup - Status: 200 - Duration: 0.0s - IP: 127.0.0.1 - User: Anonymous
2026-03-07 19:18:04,015 | INFO     | app | [POST] /api/v1/clients/lookup - Status: 200 - Duration: 0.007s - IP: 127.0.0.1 - User: fedegarcia30@gmail.com
2026-03-07 19:18:04,061 | INFO     | app | [POST] /api/v1/clients/lookup - Status: 200 - Duration: 0.006s - IP: 127.0.0.1 - User: fedegarcia30@gmail.com
2026-03-07 19:18:06,696 | INFO     | app | [OPTIONS] /api/v1/rices - Status: 200 - Duration: 0.0s - IP: 127.0.0.1 - User: Anonymous
2026-03-07 19:18:07,008 | INFO     | app | [OPTIONS] /api/v1/rices - Status: 200 - Duration: 0.0s - IP: 127.0.0.1 - User: Anonymous
2026-03-07 19:18:07,017 | INFO     | app | [GET] /api/v1/rices - Status: 200 - Duration: 0.008s - IP: 127.0.0.1 - User: fedegarcia30@gmail.com
2026-03-07 19:18:07,323 | INFO     | app | [GET] /api/v1/rices - Status: 200 - Duration: 0.004s - IP: 127.0.0.1 - User: fedegarcia30@gmail.com
2026-03-07 19:18:16,123 | INFO     | app | [OPTIONS] /api/v1/rices - Status: 200 - Duration: 0.0s - IP: 127.0.0.1 - User: Anonymous
2026-03-07 19:18:16,125 | INFO     | app | [OPTIONS] /api/v1/rices - Status: 200 - Duration: 0.0s - IP: 127.0.0.1 - User: Anonymous
2026-03-07 19:18:16,391 | INFO     | app | [GET] /api/v1/rices - Status: 200 - Duration: 0.004s - IP: 127.0.0.1 - User: fedegarcia30@gmail.com
2026-03-07 19:18:16,437 | INFO     | app | [GET] /api/v1/rices - Status: 200 - Duration: 0.003s - IP: 127.0.0.1 - User: fedegarcia30@gmail.com
2026-03-07 19:18:28,558 | INFO     | app | [OPTIONS] /api/v1/rices - Status: 200 - Duration: 0.0s - IP: 127.0.0.1 - User: Anonymous
2026-03-07 19:18:28,860 | INFO     | app | [OPTIONS] /api/v1/rices - Status: 200 - Duration: 0.0s - IP: 127.0.0.1 - User: Anonymous
2026-03-07 19:18:28,879 | INFO     | app | [GET] /api/v1/rices - Status: 200 - Duration: 0.007s - IP: 127.0.0.1 - User: fedegarcia30@gmail.com
2026-03-07 19:18:29,168 | INFO     | app | [GET] /api/v1/rices - Status: 200 - Duration: 0.005s - IP: 127.0.0.1 - User: fedegarcia30@gmail.com
2026-03-07 19:18:35,187 | INFO     | app | [OPTIONS] /api/v1/rices - Status: 200 - Duration: 0.0s - IP: 127.0.0.1 - User: Anonymous
2026-03-07 19:18:35,187 | INFO     | app | [OPTIONS] /api/v1/rices - Status: 200 - Duration: 0.0s - IP: 127.0.0.1 - User: Anonymous
2026-03-07 19:18:35,454 | INFO     | app | [GET] /api/v1/rices - Status: 200 - Duration: 0.004s - IP: 127.0.0.1 - User: fedegarcia30@gmail.com
2026-03-07 19:18:35,505 | INFO     | app | [GET] /api/v1/rices - Status: 200 - Duration: 0.006s - IP: 127.0.0.1 - User: fedegarcia30@gmail.com
2026-03-07 19:18:41,030 | INFO     | app | [OPTIONS] /api/v1/rices - Status: 200 - Duration: 0.0s - IP: 127.0.0.1 - User: Anonymous
2026-03-07 19:18:41,344 | INFO     | app | [OPTIONS] /api/v1/rices - Status: 200 - Duration: 0.0s - IP: 127.0.0.1 - User: Anonymous
2026-03-07 19:18:41,351 | INFO     | app | [GET] /api/v1/rices - Status: 200 - Duration: 0.005s - IP: 127.0.0.1 - User: fedegarcia30@gmail.com
2026-03-07 19:18:41,660 | INFO     | app | [GET] /api/v1/rices - Status: 200 - Duration: 0.004s - IP: 127.0.0.1 - User: fedegarcia30@gmail.com
2026-03-07 19:19:01,170 | INFO     | app | [OPTIONS] /api/v1/orders/create - Status: 200 - Duration: 0.0s - IP: 127.0.0.1 - User: Anonymous
2026-03-07 19:19:01,455 | INFO     | app | No recipe found for rice ID 5, no stock adjustment needed.
2026-03-07 19:19:01,457 | INFO     | app | Order #3515 created successfully for client #426 (10 PAX, Arroz: Verduras)
2026-03-07 19:19:01,457 | INFO     | app | [POST] /api/v1/orders/create - Status: 201 - Duration: 0.02s - IP: 127.0.0.1 - User: fedegarcia30@gmail.com
2026-03-07 19:19:01,485 | INFO     | app | [OPTIONS] /api/v1/orders/create - Status: 200 - Duration: 0.0s - IP: 127.0.0.1 - User: Anonymous
2026-03-07 19:19:01,874 | INFO     | app | No recipe found for rice ID 5, no stock adjustment needed.
2026-03-07 19:19:01,875 | INFO     | app | Order #3516 created successfully for client #426 (10 PAX, Arroz: Verduras)
2026-03-07 19:19:01,875 | INFO     | app | [POST] /api/v1/orders/create - Status: 201 - Duration: 0.094s - IP: 127.0.0.1 - User: fedegarcia30@gmail.com
2026-03-07 19:19:01,881 | INFO     | app | [OPTIONS] /api/v1/orders/create - Status: 200 - Duration: 0.0s - IP: 127.0.0.1 - User: Anonymous
2026-03-07 19:19:02,283 | INFO     | app | No recipe found for rice ID 5, no stock adjustment needed.
2026-03-07 19:19:02,286 | INFO     | app | Order #3517 created successfully for client #426 (10 PAX, Arroz: Verduras)
2026-03-07 19:19:02,286 | INFO     | app | [POST] /api/v1/orders/create - Status: 201 - Duration: 0.088s - IP: 127.0.0.1 - User: fedegarcia30@gmail.com
2026-03-07 19:19:02,447 | INFO     | app | [OPTIONS] /api/v1/pedidos - Status: 200 - Duration: 0.0s - IP: 127.0.0.1 - User: Anonymous
2026-03-07 19:19:02,602 | INFO     | app | [OPTIONS] /api/v1/availability/check - Status: 200 - Duration: 0.0s - IP: 127.0.0.1 - User: Anonymous
2026-03-07 19:19:02,656 | INFO     | app | [GET] /api/v1/pedidos - Status: 200 - Duration: 0.053s - IP: 127.0.0.1 - User: fedegarcia30@gmail.com
2026-03-07 19:19:02,760 | INFO     | app | [POST] /api/v1/availability/check - Status: 200 - Duration: 0.003s - IP: 127.0.0.1 - User: fedegarcia30@gmail.com
2026-03-07 19:19:19,952 | INFO     | app | [OPTIONS] /api/v1/clients/lookup - Status: 200 - Duration: 0.0s - IP: 127.0.0.1 - User: Anonymous
2026-03-07 19:19:20,266 | INFO     | app | [POST] /api/v1/clients/lookup - Status: 200 - Duration: 0.004s - IP: 127.0.0.1 - User: fedegarcia30@gmail.com
2026-03-07 19:19:22,360 | INFO     | app | [OPTIONS] /api/v1/clients/lookup - Status: 200 - Duration: 0.0s - IP: 127.0.0.1 - User: Anonymous
2026-03-07 19:19:22,674 | INFO     | app | [POST] /api/v1/clients/lookup - Status: 200 - Duration: 0.006s - IP: 127.0.0.1 - User: fedegarcia30@gmail.com
2026-03-07 19:19:26,459 | INFO     | app | [OPTIONS] /api/v1/clients/lookup - Status: 200 - Duration: 0.0s - IP: 127.0.0.1 - User: Anonymous
2026-03-07 19:19:26,785 | INFO     | app | [POST] /api/v1/clients/lookup - Status: 200 - Duration: 0.009s - IP: 127.0.0.1 - User: fedegarcia30@gmail.com
2026-03-07 19:19:30,105 | INFO     | app | [OPTIONS] /api/v1/rices - Status: 200 - Duration: 0.0s - IP: 127.0.0.1 - User: Anonymous
2026-03-07 19:19:30,416 | INFO     | app | [OPTIONS] /api/v1/rices - Status: 200 - Duration: 0.0s - IP: 127.0.0.1 - User: Anonymous
2026-03-07 19:19:30,425 | INFO     | app | [GET] /api/v1/rices - Status: 200 - Duration: 0.007s - IP: 127.0.0.1 - User: fedegarcia30@gmail.com
2026-03-07 19:19:30,731 | INFO     | app | [GET] /api/v1/rices - Status: 200 - Duration: 0.004s - IP: 127.0.0.1 - User: fedegarcia30@gmail.com
2026-03-07 19:19:37,487 | INFO     | app | [OPTIONS] /api/v1/rices - Status: 200 - Duration: 0.0s - IP: 127.0.0.1 - User: Anonymous
2026-03-07 19:19:37,487 | INFO     | app | [OPTIONS] /api/v1/rices - Status: 200 - Duration: 0.0s - IP: 127.0.0.1 - User: Anonymous
2026-03-07 19:19:37,754 | INFO     | app | [GET] /api/v1/rices - Status: 200 - Duration: 0.003s - IP: 127.0.0.1 - User: fedegarcia30@gmail.com
2026-03-07 19:19:37,802 | INFO     | app | [GET] /api/v1/rices - Status: 200 - Duration: 0.006s - IP: 127.0.0.1 - User: fedegarcia30@gmail.com
2026-03-07 19:19:47,856 | INFO     | app | [OPTIONS] /api/v1/orders/create - Status: 200 - Duration: 0.001s - IP: 127.0.0.1 - User: Anonymous
2026-03-07 19:19:48,250 | INFO     | app | No recipe found for rice ID 5, no stock adjustment needed.
2026-03-07 19:19:48,251 | INFO     | app | Order #3518 created successfully for client #931 (10 PAX, Arroz: Verduras)
2026-03-07 19:19:48,252 | INFO     | app | [POST] /api/v1/orders/create - Status: 201 - Duration: 0.078s - IP: 127.0.0.1 - User: fedegarcia30@gmail.com
2026-03-07 19:19:48,427 | INFO     | app | [OPTIONS] /api/v1/pedidos - Status: 200 - Duration: 0.0s - IP: 127.0.0.1 - User: Anonymous
2026-03-07 19:19:48,562 | INFO     | app | [OPTIONS] /api/v1/availability/check - Status: 200 - Duration: 0.0s - IP: 127.0.0.1 - User: Anonymous
2026-03-07 19:19:48,609 | INFO     | app | [GET] /api/v1/pedidos - Status: 200 - Duration: 0.045s - IP: 127.0.0.1 - User: fedegarcia30@gmail.com
2026-03-07 19:19:48,752 | INFO     | app | [POST] /api/v1/availability/check - Status: 200 - Duration: 0.004s - IP: 127.0.0.1 - User: fedegarcia30@gmail.com
2026-03-07 19:20:09,275 | INFO     | app | [OPTIONS] /api/v1/clients/lookup - Status: 200 - Duration: 0.0s - IP: 127.0.0.1 - User: Anonymous
2026-03-07 19:20:09,596 | INFO     | app | [POST] /api/v1/clients/lookup - Status: 200 - Duration: 0.007s - IP: 127.0.0.1 - User: fedegarcia30@gmail.com
2026-03-07 19:20:12,539 | INFO     | app | [OPTIONS] /api/v1/rices - Status: 200 - Duration: 0.001s - IP: 127.0.0.1 - User: Anonymous
2026-03-07 19:20:12,852 | INFO     | app | [OPTIONS] /api/v1/rices - Status: 200 - Duration: 0.0s - IP: 127.0.0.1 - User: Anonymous
2026-03-07 19:20:12,859 | INFO     | app | [GET] /api/v1/rices - Status: 200 - Duration: 0.006s - IP: 127.0.0.1 - User: fedegarcia30@gmail.com
2026-03-07 19:20:13,165 | INFO     | app | [GET] /api/v1/rices - Status: 200 - Duration: 0.004s - IP: 127.0.0.1 - User: fedegarcia30@gmail.com
2026-03-07 19:20:21,411 | INFO     | app | [OPTIONS] /api/v1/orders/create - Status: 200 - Duration: 0.0s - IP: 127.0.0.1 - User: Anonymous
2026-03-07 19:20:21,732 | INFO     | app | No recipe found for rice ID 5, no stock adjustment needed.
2026-03-07 19:20:21,734 | INFO     | app | Order #3519 created successfully for client #122 (10 PAX, Arroz: Verduras)
2026-03-07 19:20:21,734 | INFO     | app | [POST] /api/v1/orders/create - Status: 201 - Duration: 0.077s - IP: 127.0.0.1 - User: fedegarcia30@gmail.com
2026-03-07 19:20:21,740 | INFO     | app | [OPTIONS] /api/v1/pedidos - Status: 200 - Duration: 0.0s - IP: 127.0.0.1 - User: Anonymous
2026-03-07 19:20:22,043 | INFO     | app | [OPTIONS] /api/v1/availability/check - Status: 200 - Duration: 0.0s - IP: 127.0.0.1 - User: Anonymous
2026-03-07 19:20:22,110 | INFO     | app | [GET] /api/v1/pedidos - Status: 200 - Duration: 0.066s - IP: 127.0.0.1 - User: fedegarcia30@gmail.com
2026-03-07 19:20:22,360 | INFO     | app | [POST] /api/v1/availability/check - Status: 200 - Duration: 0.003s - IP: 127.0.0.1 - User: fedegarcia30@gmail.com
2026-03-07 19:23:49,970 | INFO     | app | [OPTIONS] /api/v1/clients/lookup - Status: 200 - Duration: 0.0s - IP: 127.0.0.1 - User: Anonymous
2026-03-07 19:23:50,236 | INFO     | app | [POST] /api/v1/clients/lookup - Status: 200 - Duration: 0.004s - IP: 127.0.0.1 - User: fedegarcia30@gmail.com
2026-03-07 19:23:52,447 | INFO     | app | [OPTIONS] /api/v1/rices - Status: 200 - Duration: 0.0s - IP: 127.0.0.1 - User: Anonymous
2026-03-07 19:23:52,756 | INFO     | app | [OPTIONS] /api/v1/rices - Status: 200 - Duration: 0.001s - IP: 127.0.0.1 - User: Anonymous
2026-03-07 19:23:52,763 | INFO     | app | [GET] /api/v1/rices - Status: 200 - Duration: 0.007s - IP: 127.0.0.1 - User: fedegarcia30@gmail.com
2026-03-07 19:23:53,069 | INFO     | app | [GET] /api/v1/rices - Status: 200 - Duration: 0.003s - IP: 127.0.0.1 - User: fedegarcia30@gmail.com
2026-03-07 19:29:39,666 | INFO     | app | [OPTIONS] /api/v1/rices - Status: 200 - Duration: 0.0s - IP: 127.0.0.1 - User: Anonymous
2026-03-07 19:29:39,667 | INFO     | app | [OPTIONS] /api/v1/rices - Status: 200 - Duration: 0.001s - IP: 127.0.0.1 - User: Anonymous
2026-03-07 19:29:39,920 | INFO     | app | [GET] /api/v1/rices - Status: 200 - Duration: 0.004s - IP: 127.0.0.1 - User: fedegarcia30@gmail.com
2026-03-07 19:29:39,982 | INFO     | app | [GET] /api/v1/rices - Status: 200 - Duration: 0.004s - IP: 127.0.0.1 - User: fedegarcia30@gmail.com
2026-03-07 19:29:45,355 | INFO     | app | [OPTIONS] /api/v1/rices - Status: 200 - Duration: 0.001s - IP: 127.0.0.1 - User: Anonymous
2026-03-07 19:29:45,656 | INFO     | app | [OPTIONS] /api/v1/rices - Status: 200 - Duration: 0.0s - IP: 127.0.0.1 - User: Anonymous
2026-03-07 19:29:45,666 | INFO     | app | [GET] /api/v1/rices - Status: 200 - Duration: 0.005s - IP: 127.0.0.1 - User: fedegarcia30@gmail.com
2026-03-07 19:29:45,970 | INFO     | app | [GET] /api/v1/rices - Status: 200 - Duration: 0.003s - IP: 127.0.0.1 - User: fedegarcia30@gmail.com
2026-03-07 19:29:49,797 | INFO     | app | [OPTIONS] /api/v1/rices - Status: 200 - Duration: 0.0s - IP: 127.0.0.1 - User: Anonymous
2026-03-07 19:29:49,797 | INFO     | app | [OPTIONS] /api/v1/rices - Status: 200 - Duration: 0.0s - IP: 127.0.0.1 - User: Anonymous
2026-03-07 19:29:50,064 | INFO     | app | [GET] /api/v1/rices - Status: 200 - Duration: 0.005s - IP: 127.0.0.1 - User: fedegarcia30@gmail.com
2026-03-07 19:29:50,109 | INFO     | app | [GET] /api/v1/rices - Status: 200 - Duration: 0.004s - IP: 127.0.0.1 - User: fedegarcia30@gmail.com
2026-03-07 19:29:53,786 | INFO     | app | [OPTIONS] /api/v1/rices - Status: 200 - Duration: 0.001s - IP: 127.0.0.1 - User: Anonymous
2026-03-07 19:29:54,097 | INFO     | app | [OPTIONS] /api/v1/rices - Status: 200 - Duration: 0.0s - IP: 127.0.0.1 - User: Anonymous
2026-03-07 19:29:54,104 | INFO     | app | [GET] /api/v1/rices - Status: 200 - Duration: 0.006s - IP: 127.0.0.1 - User: fedegarcia30@gmail.com
2026-03-07 19:29:54,421 | INFO     | app | [GET] /api/v1/rices - Status: 200 - Duration: 0.005s - IP: 127.0.0.1 - User: fedegarcia30@gmail.com
2026-03-07 19:29:59,895 | INFO     | app | [OPTIONS] /api/v1/orders/create - Status: 200 - Duration: 0.0s - IP: 127.0.0.1 - User: Anonymous
2026-03-07 19:30:00,190 | INFO     | app | No recipe found for rice ID 8, no stock adjustment needed.
2026-03-07 19:30:00,191 | INFO     | app | Order #3520 created successfully for client #931 (2 PAX, Arroz: Alcachofas)
2026-03-07 19:30:00,191 | INFO     | app | [POST] /api/v1/orders/create - Status: 201 - Duration: 0.027s - IP: 127.0.0.1 - User: fedegarcia30@gmail.com
2026-03-07 19:30:00,207 | INFO     | app | [OPTIONS] /api/v1/orders/create - Status: 200 - Duration: 0.0s - IP: 127.0.0.1 - User: Anonymous
2026-03-07 19:30:00,520 | INFO     | app | No recipe found for rice ID 6, no stock adjustment needed.
2026-03-07 19:30:00,520 | INFO     | app | Order #3521 created successfully for client #931 (5 PAX, Arroz: Valenciana)
2026-03-07 19:30:00,521 | INFO     | app | [POST] /api/v1/orders/create - Status: 201 - Duration: 0.021s - IP: 127.0.0.1 - User: fedegarcia30@gmail.com
2026-03-07 19:30:00,525 | INFO     | app | [OPTIONS] /api/v1/orders/create - Status: 200 - Duration: 0.0s - IP: 127.0.0.1 - User: Anonymous
2026-03-07 19:30:00,863 | INFO     | app | No recipe found for rice ID 10, no stock adjustment needed.
2026-03-07 19:30:00,863 | INFO     | app | Order #3522 created successfully for client #931 (4 PAX, Arroz: Senyoret Test)
2026-03-07 19:30:00,864 | INFO     | app | [POST] /api/v1/orders/create - Status: 201 - Duration: 0.02s - IP: 127.0.0.1 - User: fedegarcia30@gmail.com
2026-03-07 19:30:01,094 | INFO     | app | [OPTIONS] /api/v1/orders/create - Status: 200 - Duration: 0.0s - IP: 127.0.0.1 - User: Anonymous
2026-03-07 19:30:01,193 | INFO     | app | No recipe found for rice ID 8, no stock adjustment needed.
2026-03-07 19:30:01,195 | INFO     | app | Order #3523 created successfully for client #931 (5 PAX, Arroz: Alcachofas)
2026-03-07 19:30:01,195 | INFO     | app | [POST] /api/v1/orders/create - Status: 201 - Duration: 0.023s - IP: 127.0.0.1 - User: fedegarcia30@gmail.com
2026-03-07 19:30:01,403 | INFO     | app | [OPTIONS] /api/v1/orders/create - Status: 200 - Duration: 0.0s - IP: 127.0.0.1 - User: Anonymous
2026-03-07 19:30:01,528 | INFO     | app | Stock subtracted for arroz: 600.0 gr. New total: 4400.0
2026-03-07 19:30:01,531 | INFO     | app | Stock subtracted for ajetes: 30.0 gr. New total: 4970.0
2026-03-07 19:30:01,532 | INFO     | app | Stock subtracted for caldo pescado: 1500.0 ml. New total: 3500.0
2026-03-07 19:30:01,533 | INFO     | app | Order #3524 created successfully for client #931 (6 PAX, Arroz: Pollo y pimientos)
2026-03-07 19:30:01,533 | INFO     | app | [POST] /api/v1/orders/create - Status: 201 - Duration: 0.023s - IP: 127.0.0.1 - User: fedegarcia30@gmail.com
2026-03-07 19:30:01,712 | INFO     | app | [OPTIONS] /api/v1/pedidos - Status: 200 - Duration: 0.0s - IP: 127.0.0.1 - User: Anonymous
2026-03-07 19:30:01,852 | INFO     | app | [OPTIONS] /api/v1/availability/check - Status: 200 - Duration: 0.0s - IP: 127.0.0.1 - User: Anonymous
2026-03-07 19:30:01,923 | INFO     | app | [GET] /api/v1/pedidos - Status: 200 - Duration: 0.07s - IP: 127.0.0.1 - User: fedegarcia30@gmail.com
2026-03-07 19:30:02,030 | INFO     | app | [POST] /api/v1/availability/check - Status: 200 - Duration: 0.006s - IP: 127.0.0.1 - User: fedegarcia30@gmail.com
2026-03-07 19:32:57,468 | INFO     | app | [OPTIONS] /api/v1/pedidos/calendar - Status: 200 - Duration: 0.0s - IP: 127.0.0.1 - User: Anonymous
2026-03-07 19:32:57,470 | INFO     | app | [OPTIONS] /api/v1/pedidos/calendar - Status: 200 - Duration: 0.0s - IP: 127.0.0.1 - User: Anonymous
2026-03-07 19:32:57,718 | INFO     | app | [GET] /api/v1/pedidos/calendar - Status: 200 - Duration: 0.005s - IP: 127.0.0.1 - User: fedegarcia30@gmail.com
2026-03-07 19:32:57,784 | INFO     | app | [GET] /api/v1/pedidos/calendar - Status: 200 - Duration: 0.004s - IP: 127.0.0.1 - User: fedegarcia30@gmail.com
2026-03-07 19:32:58,349 | INFO     | app | [OPTIONS] /api/v1/availability/check - Status: 200 - Duration: 0.0s - IP: 127.0.0.1 - User: Anonymous
2026-03-07 19:32:58,663 | INFO     | app | [OPTIONS] /api/v1/pedidos - Status: 200 - Duration: 0.0s - IP: 127.0.0.1 - User: Anonymous
2026-03-07 19:32:58,664 | INFO     | app | [OPTIONS] /api/v1/pedidos - Status: 200 - Duration: 0.0s - IP: 127.0.0.1 - User: Anonymous
2026-03-07 19:32:58,664 | INFO     | app | [OPTIONS] /api/v1/availability/check - Status: 200 - Duration: 0.0s - IP: 127.0.0.1 - User: Anonymous
2026-03-07 19:32:58,674 | INFO     | app | [POST] /api/v1/availability/check - Status: 200 - Duration: 0.008s - IP: 127.0.0.1 - User: fedegarcia30@gmail.com
2026-03-07 19:32:58,983 | INFO     | app | [GET] /api/v1/pedidos - Status: 200 - Duration: 0.007s - IP: 127.0.0.1 - User: fedegarcia30@gmail.com
2026-03-07 19:32:58,983 | INFO     | app | [GET] /api/v1/pedidos - Status: 200 - Duration: 0.007s - IP: 127.0.0.1 - User: fedegarcia30@gmail.com
2026-03-07 19:32:58,985 | INFO     | app | [POST] /api/v1/availability/check - Status: 200 - Duration: 0.006s - IP: 127.0.0.1 - User: fedegarcia30@gmail.com
2026-03-07 19:33:06,120 | INFO     | app | [OPTIONS] /api/v1/availability/check - Status: 200 - Duration: 0.0s - IP: 127.0.0.1 - User: Anonymous
2026-03-07 19:33:06,122 | INFO     | app | [OPTIONS] /api/v1/pedidos - Status: 200 - Duration: 0.0s - IP: 127.0.0.1 - User: Anonymous
2026-03-07 19:33:06,387 | INFO     | app | [POST] /api/v1/availability/check - Status: 200 - Duration: 0.004s - IP: 127.0.0.1 - User: fedegarcia30@gmail.com
2026-03-07 19:33:06,433 | INFO     | app | [GET] /api/v1/pedidos - Status: 200 - Duration: 0.003s - IP: 127.0.0.1 - User: fedegarcia30@gmail.com
2026-03-07 19:33:08,742 | INFO     | app | [OPTIONS] /api/v1/availability/check - Status: 200 - Duration: 0.0s - IP: 127.0.0.1 - User: Anonymous
2026-03-07 19:33:09,044 | INFO     | app | [OPTIONS] /api/v1/pedidos - Status: 200 - Duration: 0.001s - IP: 127.0.0.1 - User: Anonymous
2026-03-07 19:33:09,051 | INFO     | app | [POST] /api/v1/availability/check - Status: 200 - Duration: 0.005s - IP: 127.0.0.1 - User: fedegarcia30@gmail.com
2026-03-07 19:33:09,364 | INFO     | app | [GET] /api/v1/pedidos - Status: 200 - Duration: 0.012s - IP: 127.0.0.1 - User: fedegarcia30@gmail.com
2026-03-07 19:33:12,297 | INFO     | app | [OPTIONS] /api/v1/pedidos/calendar - Status: 200 - Duration: 0.0s - IP: 127.0.0.1 - User: Anonymous
2026-03-07 19:33:12,298 | INFO     | app | [OPTIONS] /api/v1/pedidos/calendar - Status: 200 - Duration: 0.0s - IP: 127.0.0.1 - User: Anonymous
2026-03-07 19:33:12,568 | INFO     | app | [GET] /api/v1/pedidos/calendar - Status: 200 - Duration: 0.006s - IP: 127.0.0.1 - User: fedegarcia30@gmail.com
2026-03-07 19:33:12,615 | INFO     | app | [GET] /api/v1/pedidos/calendar - Status: 200 - Duration: 0.005s - IP: 127.0.0.1 - User: fedegarcia30@gmail.com
2026-03-07 19:33:13,317 | INFO     | app | [OPTIONS] /api/v1/availability/check - Status: 200 - Duration: 0.0s - IP: 127.0.0.1 - User: Anonymous
2026-03-07 19:33:13,622 | INFO     | app | [OPTIONS] /api/v1/pedidos - Status: 200 - Duration: 0.0s - IP: 127.0.0.1 - User: Anonymous
2026-03-07 19:33:13,623 | INFO     | app | [OPTIONS] /api/v1/availability/check - Status: 200 - Duration: 0.0s - IP: 127.0.0.1 - User: Anonymous
2026-03-07 19:33:13,626 | INFO     | app | [OPTIONS] /api/v1/pedidos - Status: 200 - Duration: 0.0s - IP: 127.0.0.1 - User: Anonymous
2026-03-07 19:33:13,635 | INFO     | app | [POST] /api/v1/availability/check - Status: 200 - Duration: 0.009s - IP: 127.0.0.1 - User: fedegarcia30@gmail.com
2026-03-07 19:33:13,959 | INFO     | app | [POST] /api/v1/availability/check - Status: 200 - Duration: 0.012s - IP: 127.0.0.1 - User: fedegarcia30@gmail.com
2026-03-07 19:33:14,046 | INFO     | app | [GET] /api/v1/pedidos - Status: 200 - Duration: 0.098s - IP: 127.0.0.1 - User: fedegarcia30@gmail.com
2026-03-07 19:33:14,046 | INFO     | app | [GET] /api/v1/pedidos - Status: 200 - Duration: 0.101s - IP: 127.0.0.1 - User: fedegarcia30@gmail.com
2026-03-07 19:33:16,635 | INFO     | app | [OPTIONS] /api/v1/stats/dashboard - Status: 200 - Duration: 0.0s - IP: 127.0.0.1 - User: Anonymous
2026-03-07 19:33:16,636 | INFO     | app | [OPTIONS] /api/v1/stats/dashboard - Status: 200 - Duration: 0.0s - IP: 127.0.0.1 - User: Anonymous
2026-03-07 19:33:16,636 | INFO     | app | [OPTIONS] /api/v1/stats/expenses - Status: 200 - Duration: 0.0s - IP: 127.0.0.1 - User: Anonymous
2026-03-07 19:33:16,636 | INFO     | app | [OPTIONS] /api/v1/stats/expenses - Status: 200 - Duration: 0.0s - IP: 127.0.0.1 - User: Anonymous
2026-03-07 19:33:16,953 | INFO     | app | [GET] /api/v1/stats/dashboard - Status: 200 - Duration: 0.074s - IP: 127.0.0.1 - User: fedegarcia30@gmail.com
2026-03-07 19:33:16,984 | INFO     | app | [GET] /api/v1/stats/expenses - Status: 200 - Duration: 0.027s - IP: 127.0.0.1 - User: fedegarcia30@gmail.com
2026-03-07 19:33:16,985 | INFO     | app | [GET] /api/v1/stats/expenses - Status: 200 - Duration: 0.029s - IP: 127.0.0.1 - User: fedegarcia30@gmail.com
2026-03-07 19:33:17,044 | INFO     | app | [GET] /api/v1/stats/dashboard - Status: 200 - Duration: 0.089s - IP: 127.0.0.1 - User: fedegarcia30@gmail.com
2026-03-07 19:33:18,775 | INFO     | app | [OPTIONS] /api/v1/stats/dashboard - Status: 200 - Duration: 0.0s - IP: 127.0.0.1 - User: Anonymous
2026-03-07 19:33:19,090 | INFO     | app | [OPTIONS] /api/v1/stats/expenses - Status: 200 - Duration: 0.0s - IP: 127.0.0.1 - User: Anonymous
2026-03-07 19:33:19,158 | INFO     | app | [GET] /api/v1/stats/dashboard - Status: 200 - Duration: 0.065s - IP: 127.0.0.1 - User: fedegarcia30@gmail.com
2026-03-07 19:33:19,440 | INFO     | app | [GET] /api/v1/stats/expenses - Status: 200 - Duration: 0.027s - IP: 127.0.0.1 - User: fedegarcia30@gmail.com
2026-03-07 19:33:22,519 | INFO     | app | [OPTIONS] /api/v1/stats/dashboard - Status: 200 - Duration: 0.0s - IP: 127.0.0.1 - User: Anonymous
2026-03-07 19:33:22,520 | INFO     | app | [OPTIONS] /api/v1/stats/expenses - Status: 200 - Duration: 0.0s - IP: 127.0.0.1 - User: Anonymous
2026-03-07 19:33:22,827 | INFO     | app | [GET] /api/v1/stats/dashboard - Status: 200 - Duration: 0.046s - IP: 127.0.0.1 - User: fedegarcia30@gmail.com
2026-03-07 19:33:22,844 | INFO     | app | [GET] /api/v1/stats/expenses - Status: 200 - Duration: 0.016s - IP: 127.0.0.1 - User: fedegarcia30@gmail.com
2026-03-07 19:33:25,339 | INFO     | app | [OPTIONS] /api/v1/stats/dashboard - Status: 200 - Duration: 0.0s - IP: 127.0.0.1 - User: Anonymous
2026-03-07 19:33:25,655 | INFO     | app | [OPTIONS] /api/v1/stats/expenses - Status: 200 - Duration: 0.0s - IP: 127.0.0.1 - User: Anonymous
2026-03-07 19:33:25,726 | INFO     | app | [GET] /api/v1/stats/dashboard - Status: 200 - Duration: 0.07s - IP: 127.0.0.1 - User: fedegarcia30@gmail.com
2026-03-07 19:33:25,982 | INFO     | app | [GET] /api/v1/stats/expenses - Status: 200 - Duration: 0.016s - IP: 127.0.0.1 - User: fedegarcia30@gmail.com
2026-03-07 19:33:42,601 | INFO     | app | [OPTIONS] /api/v1/stats/dashboard - Status: 200 - Duration: 0.0s - IP: 127.0.0.1 - User: Anonymous
2026-03-07 19:33:42,603 | INFO     | app | [OPTIONS] /api/v1/stats/expenses - Status: 200 - Duration: 0.0s - IP: 127.0.0.1 - User: Anonymous
2026-03-07 19:33:42,932 | INFO     | app | [GET] /api/v1/stats/expenses - Status: 200 - Duration: 0.021s - IP: 127.0.0.1 - User: fedegarcia30@gmail.com
2026-03-07 19:33:42,954 | INFO     | app | [GET] /api/v1/stats/dashboard - Status: 200 - Duration: 0.088s - IP: 127.0.0.1 - User: fedegarcia30@gmail.com
2026-03-07 19:33:44,345 | INFO     | app | [OPTIONS] /api/v1/stats/dashboard - Status: 200 - Duration: 0.0s - IP: 127.0.0.1 - User: Anonymous
2026-03-07 19:33:44,649 | INFO     | app | [OPTIONS] /api/v1/stats/expenses - Status: 200 - Duration: 0.0s - IP: 127.0.0.1 - User: Anonymous
2026-03-07 19:33:44,756 | INFO     | app | [GET] /api/v1/stats/dashboard - Status: 200 - Duration: 0.106s - IP: 127.0.0.1 - User: fedegarcia30@gmail.com
2026-03-07 19:33:44,976 | INFO     | app | [GET] /api/v1/stats/expenses - Status: 200 - Duration: 0.016s - IP: 127.0.0.1 - User: fedegarcia30@gmail.com
2026-03-07 19:33:45,814 | INFO     | app | [OPTIONS] /api/v1/stats/dashboard - Status: 200 - Duration: 0.0s - IP: 127.0.0.1 - User: Anonymous
2026-03-07 19:33:45,816 | INFO     | app | [OPTIONS] /api/v1/stats/expenses - Status: 200 - Duration: 0.0s - IP: 127.0.0.1 - User: Anonymous
2026-03-07 19:33:46,142 | INFO     | app | [GET] /api/v1/stats/expenses - Status: 200 - Duration: 0.016s - IP: 127.0.0.1 - User: fedegarcia30@gmail.com
2026-03-07 19:33:46,223 | INFO     | app | [GET] /api/v1/stats/dashboard - Status: 200 - Duration: 0.147s - IP: 127.0.0.1 - User: fedegarcia30@gmail.com
2026-03-07 19:33:48,662 | INFO     | app | [OPTIONS] /api/v1/stats/dashboard - Status: 200 - Duration: 0.0s - IP: 127.0.0.1 - User: Anonymous
2026-03-07 19:33:48,976 | INFO     | app | [OPTIONS] /api/v1/stats/expenses - Status: 200 - Duration: 0.0s - IP: 127.0.0.1 - User: Anonymous
2026-03-07 19:33:49,029 | INFO     | app | [GET] /api/v1/stats/dashboard - Status: 200 - Duration: 0.053s - IP: 127.0.0.1 - User: fedegarcia30@gmail.com
2026-03-07 19:33:49,298 | INFO     | app | [GET] /api/v1/stats/expenses - Status: 200 - Duration: 0.015s - IP: 127.0.0.1 - User: fedegarcia30@gmail.com
2026-03-07 19:33:55,106 | INFO     | app | [OPTIONS] /api/v1/stats/dashboard - Status: 200 - Duration: 0.0s - IP: 127.0.0.1 - User: Anonymous
2026-03-07 19:33:55,106 | INFO     | app | [OPTIONS] /api/v1/stats/expenses - Status: 200 - Duration: 0.0s - IP: 127.0.0.1 - User: Anonymous
2026-03-07 19:33:55,415 | INFO     | app | [GET] /api/v1/stats/dashboard - Status: 200 - Duration: 0.049s - IP: 127.0.0.1 - User: fedegarcia30@gmail.com
2026-03-07 19:33:55,432 | INFO     | app | [GET] /api/v1/stats/expenses - Status: 200 - Duration: 0.017s - IP: 127.0.0.1 - User: fedegarcia30@gmail.com
2026-03-07 19:33:56,347 | INFO     | app | [OPTIONS] /api/v1/stats/dashboard - Status: 200 - Duration: 0.0s - IP: 127.0.0.1 - User: Anonymous
2026-03-07 19:33:56,651 | INFO     | app | [OPTIONS] /api/v1/stats/expenses - Status: 200 - Duration: 0.0s - IP: 127.0.0.1 - User: Anonymous
2026-03-07 19:33:56,706 | INFO     | app | [GET] /api/v1/stats/dashboard - Status: 200 - Duration: 0.053s - IP: 127.0.0.1 - User: fedegarcia30@gmail.com
2026-03-07 19:33:56,974 | INFO     | app | [GET] /api/v1/stats/expenses - Status: 200 - Duration: 0.013s - IP: 127.0.0.1 - User: fedegarcia30@gmail.com
2026-03-07 19:33:58,030 | INFO     | app | [OPTIONS] /api/v1/stats/dashboard - Status: 200 - Duration: 0.0s - IP: 127.0.0.1 - User: Anonymous
2026-03-07 19:33:58,032 | INFO     | app | [OPTIONS] /api/v1/stats/expenses - Status: 200 - Duration: 0.0s - IP: 127.0.0.1 - User: Anonymous
2026-03-07 19:33:58,336 | INFO     | app | [GET] /api/v1/stats/dashboard - Status: 200 - Duration: 0.056s - IP: 127.0.0.1 - User: fedegarcia30@gmail.com
2026-03-07 19:33:58,358 | INFO     | app | [GET] /api/v1/stats/expenses - Status: 200 - Duration: 0.018s - IP: 127.0.0.1 - User: fedegarcia30@gmail.com
2026-03-07 19:33:59,225 | INFO     | app | [OPTIONS] /api/v1/stats/dashboard - Status: 200 - Duration: 0.0s - IP: 127.0.0.1 - User: Anonymous
2026-03-07 19:33:59,537 | INFO     | app | [OPTIONS] /api/v1/stats/expenses - Status: 200 - Duration: 0.0s - IP: 127.0.0.1 - User: Anonymous
2026-03-07 19:33:59,589 | INFO     | app | [GET] /api/v1/stats/dashboard - Status: 200 - Duration: 0.049s - IP: 127.0.0.1 - User: fedegarcia30@gmail.com
2026-03-07 19:33:59,873 | INFO     | app | [GET] /api/v1/stats/expenses - Status: 200 - Duration: 0.024s - IP: 127.0.0.1 - User: fedegarcia30@gmail.com
2026-03-07 19:34:02,263 | INFO     | app | [OPTIONS] /api/v1/pedidos/calendar - Status: 200 - Duration: 0.001s - IP: 127.0.0.1 - User: Anonymous
2026-03-07 19:34:02,263 | INFO     | app | [OPTIONS] /api/v1/pedidos/calendar - Status: 200 - Duration: 0.0s - IP: 127.0.0.1 - User: Anonymous
2026-03-07 19:34:02,530 | INFO     | app | [GET] /api/v1/pedidos/calendar - Status: 200 - Duration: 0.005s - IP: 127.0.0.1 - User: fedegarcia30@gmail.com
2026-03-07 19:34:02,577 | INFO     | app | [GET] /api/v1/pedidos/calendar - Status: 200 - Duration: 0.005s - IP: 127.0.0.1 - User: fedegarcia30@gmail.com
2026-03-07 19:34:03,916 | INFO     | app | [OPTIONS] /api/v1/rices - Status: 200 - Duration: 0.0s - IP: 127.0.0.1 - User: Anonymous
2026-03-07 19:34:04,232 | INFO     | app | [OPTIONS] /api/v1/rices - Status: 200 - Duration: 0.0s - IP: 127.0.0.1 - User: Anonymous
2026-03-07 19:34:04,240 | INFO     | app | [GET] /api/v1/rices - Status: 200 - Duration: 0.006s - IP: 127.0.0.1 - User: fedegarcia30@gmail.com
2026-03-07 19:34:04,547 | INFO     | app | [GET] /api/v1/rices - Status: 200 - Duration: 0.004s - IP: 127.0.0.1 - User: fedegarcia30@gmail.com
2026-03-07 19:34:07,065 | INFO     | app | [OPTIONS] /api/v1/ingredients - Status: 200 - Duration: 0.0s - IP: 127.0.0.1 - User: Anonymous
2026-03-07 19:34:07,067 | INFO     | app | [OPTIONS] /api/v1/rices/1/recipe - Status: 200 - Duration: 0.002s - IP: 127.0.0.1 - User: Anonymous
2026-03-07 19:34:07,067 | INFO     | app | [OPTIONS] /api/v1/ingredients - Status: 200 - Duration: 0.0s - IP: 127.0.0.1 - User: Anonymous
2026-03-07 19:34:07,070 | INFO     | app | [OPTIONS] /api/v1/rices/1/recipe - Status: 200 - Duration: 0.0s - IP: 127.0.0.1 - User: Anonymous
2026-03-07 19:34:07,336 | INFO     | app | [GET] /api/v1/ingredients - Status: 200 - Duration: 0.005s - IP: 127.0.0.1 - User: fedegarcia30@gmail.com
2026-03-07 19:34:07,389 | INFO     | app | [GET] /api/v1/ingredients - Status: 200 - Duration: 0.011s - IP: 127.0.0.1 - User: fedegarcia30@gmail.com
2026-03-07 19:34:07,390 | INFO     | app | [GET] /api/v1/rices/1/recipe - Status: 200 - Duration: 0.012s - IP: 127.0.0.1 - User: fedegarcia30@gmail.com
2026-03-07 19:34:07,390 | INFO     | app | [GET] /api/v1/rices/1/recipe - Status: 200 - Duration: 0.011s - IP: 127.0.0.1 - User: fedegarcia30@gmail.com
2026-03-07 19:34:13,665 | INFO     | app | [OPTIONS] /api/v1/ingredients - Status: 200 - Duration: 0.0s - IP: 127.0.0.1 - User: Anonymous
2026-03-07 19:34:13,977 | INFO     | app | [OPTIONS] /api/v1/ingredients - Status: 200 - Duration: 0.0s - IP: 127.0.0.1 - User: Anonymous
2026-03-07 19:34:13,982 | INFO     | app | [GET] /api/v1/ingredients - Status: 200 - Duration: 0.005s - IP: 127.0.0.1 - User: fedegarcia30@gmail.com
2026-03-07 19:34:14,294 | INFO     | app | [GET] /api/v1/ingredients - Status: 200 - Duration: 0.006s - IP: 127.0.0.1 - User: fedegarcia30@gmail.com
2026-03-07 19:34:16,243 | INFO     | app | [OPTIONS] /api/v1/stats/dashboard - Status: 200 - Duration: 0.0s - IP: 127.0.0.1 - User: Anonymous
2026-03-07 19:34:16,244 | INFO     | app | [OPTIONS] /api/v1/stats/dashboard - Status: 200 - Duration: 0.0s - IP: 127.0.0.1 - User: Anonymous
2026-03-07 19:34:16,244 | INFO     | app | [OPTIONS] /api/v1/stats/expenses - Status: 200 - Duration: 0.0s - IP: 127.0.0.1 - User: Anonymous
2026-03-07 19:34:16,246 | INFO     | app | [OPTIONS] /api/v1/stats/expenses - Status: 200 - Duration: 0.0s - IP: 127.0.0.1 - User: Anonymous
2026-03-07 19:34:16,590 | INFO     | app | [GET] /api/v1/stats/expenses - Status: 200 - Duration: 0.032s - IP: 127.0.0.1 - User: fedegarcia30@gmail.com
2026-03-07 19:34:16,590 | INFO     | app | [GET] /api/v1/stats/expenses - Status: 200 - Duration: 0.036s - IP: 127.0.0.1 - User: fedegarcia30@gmail.com
2026-03-07 19:34:16,602 | INFO     | app | [GET] /api/v1/stats/dashboard - Status: 200 - Duration: 0.096s - IP: 127.0.0.1 - User: fedegarcia30@gmail.com
2026-03-07 19:34:16,664 | INFO     | app | [GET] /api/v1/stats/dashboard - Status: 200 - Duration: 0.109s - IP: 127.0.0.1 - User: fedegarcia30@gmail.com
2026-03-07 19:36:10,403 | INFO     | app | [OPTIONS] /api/v1/stats/dashboard - Status: 200 - Duration: 0.0s - IP: 127.0.0.1 - User: Anonymous
2026-03-07 19:36:10,404 | INFO     | app | [OPTIONS] /api/v1/stats/dashboard - Status: 200 - Duration: 0.0s - IP: 127.0.0.1 - User: Anonymous
2026-03-07 19:36:10,405 | INFO     | app | [OPTIONS] /api/v1/stats/expenses - Status: 200 - Duration: 0.0s - IP: 127.0.0.1 - User: Anonymous
2026-03-07 19:36:10,409 | INFO     | app | [OPTIONS] /api/v1/stats/expenses - Status: 200 - Duration: 0.0s - IP: 127.0.0.1 - User: Anonymous
2026-03-07 19:36:10,752 | INFO     | app | [GET] /api/v1/stats/dashboard - Status: 200 - Duration: 0.088s - IP: 127.0.0.1 - User: fedegarcia30@gmail.com
2026-03-07 19:36:10,754 | INFO     | app | [GET] /api/v1/stats/expenses - Status: 200 - Duration: 0.026s - IP: 127.0.0.1 - User: fedegarcia30@gmail.com
2026-03-07 19:36:10,755 | INFO     | app | [GET] /api/v1/stats/expenses - Status: 200 - Duration: 0.029s - IP: 127.0.0.1 - User: fedegarcia30@gmail.com
2026-03-07 19:36:10,809 | INFO     | app | [GET] /api/v1/stats/dashboard - Status: 200 - Duration: 0.098s - IP: 127.0.0.1 - User: fedegarcia30@gmail.com
2026-03-07 19:40:38,766 | INFO     | app | [OPTIONS] /api/v1/pedidos - Status: 200 - Duration: 0.0s - IP: 127.0.0.1 - User: Anonymous
2026-03-07 19:40:38,846 | INFO     | app | [OPTIONS] /api/v1/availability/check - Status: 200 - Duration: 0.0s - IP: 127.0.0.1 - User: Anonymous
2026-03-07 19:40:38,846 | INFO     | app | [OPTIONS] /api/v1/pedidos - Status: 200 - Duration: 0.0s - IP: 127.0.0.1 - User: Anonymous
2026-03-07 19:40:39,033 | INFO     | app | [GET] /api/v1/pedidos - Status: 200 - Duration: 0.005s - IP: 127.0.0.1 - User: fedegarcia30@gmail.com
2026-03-07 19:40:39,082 | INFO     | app | [POST] /api/v1/availability/check - Status: 200 - Duration: 0.006s - IP: 127.0.0.1 - User: fedegarcia30@gmail.com
2026-03-07 19:40:39,280 | INFO     | app | [GET] /api/v1/pedidos - Status: 200 - Duration: 0.112s - IP: 127.0.0.1 - User: fedegarcia30@gmail.com
2026-03-07 20:03:03,374 | INFO     | app | [OPTIONS] /api/v1/stats/expenses - Status: 200 - Duration: 0.0s - IP: 127.0.0.1 - User: Anonymous
2026-03-07 20:03:03,377 | INFO     | app | [OPTIONS] /api/v1/stats/expenses - Status: 200 - Duration: 0.0s - IP: 127.0.0.1 - User: Anonymous
2026-03-07 20:03:03,379 | INFO     | app | [OPTIONS] /api/v1/stats/dashboard - Status: 200 - Duration: 0.0s - IP: 127.0.0.1 - User: Anonymous
2026-03-07 20:03:03,453 | INFO     | app | [OPTIONS] /api/v1/stats/dashboard - Status: 200 - Duration: 0.0s - IP: 127.0.0.1 - User: Anonymous
2026-03-07 20:03:03,664 | INFO     | app | [GET] /api/v1/stats/expenses - Status: 200 - Duration: 0.024s - IP: 127.0.0.1 - User: fedegarcia30@gmail.com
2026-03-07 20:03:03,717 | INFO     | app | [GET] /api/v1/stats/expenses - Status: 200 - Duration: 0.031s - IP: 127.0.0.1 - User: fedegarcia30@gmail.com
2026-03-07 20:03:03,790 | INFO     | app | [GET] /api/v1/stats/dashboard - Status: 200 - Duration: 0.103s - IP: 127.0.0.1 - User: fedegarcia30@gmail.com
2026-03-07 20:03:03,794 | INFO     | app | [GET] /api/v1/stats/dashboard - Status: 200 - Duration: 0.107s - IP: 127.0.0.1 - User: fedegarcia30@gmail.com
2026-03-07 20:03:04,513 | INFO     | app | [OPTIONS] /api/v1/pedidos - Status: 200 - Duration: 0.0s - IP: 127.0.0.1 - User: Anonymous
2026-03-07 20:03:04,830 | INFO     | app | [OPTIONS] /api/v1/pedidos - Status: 200 - Duration: 0.0s - IP: 127.0.0.1 - User: Anonymous
2026-03-07 20:03:04,836 | INFO     | app | [GET] /api/v1/pedidos - Status: 200 - Duration: 0.006s - IP: 127.0.0.1 - User: fedegarcia30@gmail.com
2026-03-07 20:03:05,147 | INFO     | app | [GET] /api/v1/pedidos - Status: 200 - Duration: 0.003s - IP: 127.0.0.1 - User: fedegarcia30@gmail.com
2026-03-07 20:03:08,687 | INFO     | app | [OPTIONS] /api/v1/pedidos - Status: 200 - Duration: 0.0s - IP: 127.0.0.1 - User: Anonymous
2026-03-07 20:03:09,018 | INFO     | app | [GET] /api/v1/pedidos - Status: 200 - Duration: 0.068s - IP: 127.0.0.1 - User: fedegarcia30@gmail.com
2026-03-07 20:03:10,328 | INFO     | app | [OPTIONS] /api/v1/pedidos/calendar - Status: 200 - Duration: 0.0s - IP: 127.0.0.1 - User: Anonymous
2026-03-07 20:03:10,640 | INFO     | app | [OPTIONS] /api/v1/pedidos/calendar - Status: 200 - Duration: 0.0s - IP: 127.0.0.1 - User: Anonymous
2026-03-07 20:03:10,648 | INFO     | app | [GET] /api/v1/pedidos/calendar - Status: 200 - Duration: 0.007s - IP: 127.0.0.1 - User: fedegarcia30@gmail.com
2026-03-07 20:03:10,954 | INFO     | app | [GET] /api/v1/pedidos/calendar - Status: 200 - Duration: 0.009s - IP: 127.0.0.1 - User: fedegarcia30@gmail.com
2026-03-07 20:03:13,100 | INFO     | app | [OPTIONS] /api/v1/pedidos - Status: 200 - Duration: 0.0s - IP: 127.0.0.1 - User: Anonymous
2026-03-07 20:03:13,101 | INFO     | app | [OPTIONS] /api/v1/pedidos - Status: 200 - Duration: 0.0s - IP: 127.0.0.1 - User: Anonymous
2026-03-07 20:03:13,367 | INFO     | app | [GET] /api/v1/pedidos - Status: 200 - Duration: 0.003s - IP: 127.0.0.1 - User: fedegarcia30@gmail.com
2026-03-07 20:03:13,414 | INFO     | app | [GET] /api/v1/pedidos - Status: 200 - Duration: 0.003s - IP: 127.0.0.1 - User: fedegarcia30@gmail.com
2026-03-07 20:03:16,152 | INFO     | app | [OPTIONS] /api/v1/pedidos - Status: 200 - Duration: 0.0s - IP: 127.0.0.1 - User: Anonymous
2026-03-07 20:03:16,488 | INFO     | app | [GET] /api/v1/pedidos - Status: 200 - Duration: 0.02s - IP: 127.0.0.1 - User: fedegarcia30@gmail.com
2026-03-07 20:03:18,363 | INFO     | app | [OPTIONS] /api/v1/pedidos/calendar - Status: 200 - Duration: 0.0s - IP: 127.0.0.1 - User: Anonymous
2026-03-07 20:03:18,677 | INFO     | app | [OPTIONS] /api/v1/pedidos/calendar - Status: 200 - Duration: 0.0s - IP: 127.0.0.1 - User: Anonymous
2026-03-07 20:03:18,686 | INFO     | app | [GET] /api/v1/pedidos/calendar - Status: 200 - Duration: 0.007s - IP: 127.0.0.1 - User: fedegarcia30@gmail.com
2026-03-07 20:03:18,990 | INFO     | app | [GET] /api/v1/pedidos/calendar - Status: 200 - Duration: 0.005s - IP: 127.0.0.1 - User: fedegarcia30@gmail.com
2026-03-07 20:03:20,991 | INFO     | app | [OPTIONS] /api/v1/pedidos/calendar - Status: 200 - Duration: 0.0s - IP: 127.0.0.1 - User: Anonymous
2026-03-07 20:03:21,260 | INFO     | app | [GET] /api/v1/pedidos/calendar - Status: 200 - Duration: 0.004s - IP: 127.0.0.1 - User: fedegarcia30@gmail.com
2026-03-07 20:03:29,600 | INFO     | app | [OPTIONS] /api/v1/availability/check - Status: 200 - Duration: 0.0s - IP: 127.0.0.1 - User: Anonymous
2026-03-07 20:03:29,915 | INFO     | app | [OPTIONS] /api/v1/pedidos - Status: 200 - Duration: 0.0s - IP: 127.0.0.1 - User: Anonymous
2026-03-07 20:03:29,916 | INFO     | app | [OPTIONS] /api/v1/pedidos - Status: 200 - Duration: 0.0s - IP: 127.0.0.1 - User: Anonymous
2026-03-07 20:03:29,916 | INFO     | app | [OPTIONS] /api/v1/availability/check - Status: 200 - Duration: 0.0s - IP: 127.0.0.1 - User: Anonymous
2026-03-07 20:03:29,926 | INFO     | app | [POST] /api/v1/availability/check - Status: 200 - Duration: 0.01s - IP: 127.0.0.1 - User: fedegarcia30@gmail.com
2026-03-07 20:03:30,232 | INFO     | app | [GET] /api/v1/pedidos - Status: 200 - Duration: 0.008s - IP: 127.0.0.1 - User: fedegarcia30@gmail.com
2026-03-07 20:03:30,232 | INFO     | app | [GET] /api/v1/pedidos - Status: 200 - Duration: 0.006s - IP: 127.0.0.1 - User: fedegarcia30@gmail.com
2026-03-07 20:03:30,246 | INFO     | app | [POST] /api/v1/availability/check - Status: 200 - Duration: 0.009s - IP: 127.0.0.1 - User: fedegarcia30@gmail.com
2026-03-07 20:03:31,980 | INFO     | app | [OPTIONS] /api/v1/pedidos/calendar - Status: 200 - Duration: 0.0s - IP: 127.0.0.1 - User: Anonymous
2026-03-07 20:03:31,980 | INFO     | app | [OPTIONS] /api/v1/pedidos/calendar - Status: 200 - Duration: 0.0s - IP: 127.0.0.1 - User: Anonymous
2026-03-07 20:03:32,244 | INFO     | app | [GET] /api/v1/pedidos/calendar - Status: 200 - Duration: 0.004s - IP: 127.0.0.1 - User: fedegarcia30@gmail.com
2026-03-07 20:03:32,291 | INFO     | app | [GET] /api/v1/pedidos/calendar - Status: 200 - Duration: 0.005s - IP: 127.0.0.1 - User: fedegarcia30@gmail.com
2026-03-07 20:03:32,798 | INFO     | app | [OPTIONS] /api/v1/availability/check - Status: 200 - Duration: 0.0s - IP: 127.0.0.1 - User: Anonymous
2026-03-07 20:03:33,111 | INFO     | app | [OPTIONS] /api/v1/pedidos - Status: 200 - Duration: 0.0s - IP: 127.0.0.1 - User: Anonymous
2026-03-07 20:03:33,112 | INFO     | app | [OPTIONS] /api/v1/availability/check - Status: 200 - Duration: 0.001s - IP: 127.0.0.1 - User: Anonymous
2026-03-07 20:03:33,112 | INFO     | app | [OPTIONS] /api/v1/pedidos - Status: 200 - Duration: 0.0s - IP: 127.0.0.1 - User: Anonymous
2026-03-07 20:03:33,116 | INFO     | app | [POST] /api/v1/availability/check - Status: 200 - Duration: 0.004s - IP: 127.0.0.1 - User: fedegarcia30@gmail.com
2026-03-07 20:03:33,465 | INFO     | app | [POST] /api/v1/availability/check - Status: 200 - Duration: 0.009s - IP: 127.0.0.1 - User: fedegarcia30@gmail.com
2026-03-07 20:03:33,485 | INFO     | app | [GET] /api/v1/pedidos - Status: 200 - Duration: 0.029s - IP: 127.0.0.1 - User: fedegarcia30@gmail.com
2026-03-07 20:03:33,485 | INFO     | app | [GET] /api/v1/pedidos - Status: 200 - Duration: 0.031s - IP: 127.0.0.1 - User: fedegarcia30@gmail.com
2026-03-07 20:03:41,420 | INFO     | app | [OPTIONS] /api/v1/clients/lookup - Status: 200 - Duration: 0.0s - IP: 127.0.0.1 - User: Anonymous
2026-03-07 20:03:41,737 | INFO     | app | [POST] /api/v1/clients/lookup - Status: 200 - Duration: 0.005s - IP: 127.0.0.1 - User: fedegarcia30@gmail.com
2026-03-07 20:03:43,127 | INFO     | app | [OPTIONS] /api/v1/clients/lookup - Status: 200 - Duration: 0.001s - IP: 127.0.0.1 - User: Anonymous
2026-03-07 20:03:43,443 | INFO     | app | [POST] /api/v1/clients/lookup - Status: 200 - Duration: 0.004s - IP: 127.0.0.1 - User: fedegarcia30@gmail.com
2026-03-07 20:03:43,597 | INFO     | app | [OPTIONS] /api/v1/clients/lookup - Status: 200 - Duration: 0.0s - IP: 127.0.0.1 - User: Anonymous
2026-03-07 20:03:43,705 | INFO     | app | [OPTIONS] /api/v1/clients/lookup - Status: 200 - Duration: 0.0s - IP: 127.0.0.1 - User: Anonymous
2026-03-07 20:03:43,842 | INFO     | app | [POST] /api/v1/clients/lookup - Status: 200 - Duration: 0.01s - IP: 127.0.0.1 - User: fedegarcia30@gmail.com
2026-03-07 20:03:43,906 | INFO     | app | [OPTIONS] /api/v1/clients/lookup - Status: 200 - Duration: 0.0s - IP: 127.0.0.1 - User: Anonymous
2026-03-07 20:03:43,958 | INFO     | app | [POST] /api/v1/clients/lookup - Status: 200 - Duration: 0.005s - IP: 127.0.0.1 - User: fedegarcia30@gmail.com
2026-03-07 20:03:44,019 | INFO     | app | [POST] /api/v1/clients/lookup - Status: 200 - Duration: 0.005s - IP: 127.0.0.1 - User: fedegarcia30@gmail.com
2026-03-07 20:03:55,668 | INFO     | app | [OPTIONS] /api/v1/rices - Status: 200 - Duration: 0.0s - IP: 127.0.0.1 - User: Anonymous
2026-03-07 20:03:55,982 | INFO     | app | [OPTIONS] /api/v1/rices - Status: 200 - Duration: 0.0s - IP: 127.0.0.1 - User: Anonymous
2026-03-07 20:03:55,988 | INFO     | app | [GET] /api/v1/rices - Status: 200 - Duration: 0.004s - IP: 127.0.0.1 - User: fedegarcia30@gmail.com
2026-03-07 20:03:56,249 | INFO     | app | [GET] /api/v1/rices - Status: 200 - Duration: 0.004s - IP: 127.0.0.1 - User: fedegarcia30@gmail.com
2026-03-07 20:04:00,680 | INFO     | app | [OPTIONS] /api/v1/orders/create - Status: 200 - Duration: 0.001s - IP: 127.0.0.1 - User: Anonymous
2026-03-07 20:04:01,063 | INFO     | app | No recipe found for rice ID 19, no stock adjustment needed.
2026-03-07 20:04:01,064 | INFO     | app | Order #3525 created successfully for client #986 (5 PAX, Arroz: Arroz de Prueba)
2026-03-07 20:04:01,064 | INFO     | app | [POST] /api/v1/orders/create - Status: 201 - Duration: 0.069s - IP: 127.0.0.1 - User: fedegarcia30@gmail.com
2026-03-07 20:04:01,258 | INFO     | app | [OPTIONS] /api/v1/pedidos - Status: 200 - Duration: 0.0s - IP: 127.0.0.1 - User: Anonymous
2026-03-07 20:04:01,381 | INFO     | app | [OPTIONS] /api/v1/availability/check - Status: 200 - Duration: 0.0s - IP: 127.0.0.1 - User: Anonymous
2026-03-07 20:04:01,403 | INFO     | app | [GET] /api/v1/pedidos - Status: 200 - Duration: 0.021s - IP: 127.0.0.1 - User: fedegarcia30@gmail.com
2026-03-07 20:04:01,570 | INFO     | app | [POST] /api/v1/availability/check - Status: 200 - Duration: 0.002s - IP: 127.0.0.1 - User: fedegarcia30@gmail.com
2026-03-07 20:04:09,480 | INFO     | app | [OPTIONS] /api/v1/clients/lookup - Status: 200 - Duration: 0.0s - IP: 127.0.0.1 - User: Anonymous
2026-03-07 20:04:09,805 | INFO     | app | [POST] /api/v1/clients/lookup - Status: 200 - Duration: 0.006s - IP: 127.0.0.1 - User: fedegarcia30@gmail.com
2026-03-07 20:04:11,164 | INFO     | app | [OPTIONS] /api/v1/rices - Status: 200 - Duration: 0.0s - IP: 127.0.0.1 - User: Anonymous
2026-03-07 20:04:11,479 | INFO     | app | [OPTIONS] /api/v1/rices - Status: 200 - Duration: 0.0s - IP: 127.0.0.1 - User: Anonymous
2026-03-07 20:04:11,486 | INFO     | app | [GET] /api/v1/rices - Status: 200 - Duration: 0.006s - IP: 127.0.0.1 - User: fedegarcia30@gmail.com
2026-03-07 20:04:11,790 | INFO     | app | [GET] /api/v1/rices - Status: 200 - Duration: 0.004s - IP: 127.0.0.1 - User: fedegarcia30@gmail.com
2026-03-07 20:04:20,491 | INFO     | app | [OPTIONS] /api/v1/orders/create - Status: 200 - Duration: 0.0s - IP: 127.0.0.1 - User: Anonymous
2026-03-07 20:04:20,771 | INFO     | app | No recipe found for rice ID 8, no stock adjustment needed.
2026-03-07 20:04:20,772 | INFO     | app | Order #3526 created successfully for client #116 (5 PAX, Arroz: Alcachofas)
2026-03-07 20:04:20,772 | INFO     | app | [POST] /api/v1/orders/create - Status: 201 - Duration: 0.021s - IP: 127.0.0.1 - User: fedegarcia30@gmail.com
2026-03-07 20:04:20,812 | INFO     | app | [OPTIONS] /api/v1/pedidos - Status: 200 - Duration: 0.0s - IP: 127.0.0.1 - User: Anonymous
2026-03-07 20:04:21,090 | INFO     | app | [OPTIONS] /api/v1/availability/check - Status: 200 - Duration: 0.0s - IP: 127.0.0.1 - User: Anonymous
2026-03-07 20:04:21,116 | INFO     | app | [GET] /api/v1/pedidos - Status: 200 - Duration: 0.024s - IP: 127.0.0.1 - User: fedegarcia30@gmail.com
2026-03-07 20:04:21,123 | INFO     | app | [POST] /api/v1/availability/check - Status: 200 - Duration: 0.004s - IP: 127.0.0.1 - User: fedegarcia30@gmail.com
2026-03-07 20:04:22,746 | INFO     | app | [OPTIONS] /api/v1/pedidos - Status: 200 - Duration: 0.0s - IP: 127.0.0.1 - User: Anonymous
2026-03-07 20:04:23,054 | INFO     | app | [OPTIONS] /api/v1/pedidos - Status: 200 - Duration: 0.001s - IP: 127.0.0.1 - User: Anonymous
2026-03-07 20:04:23,062 | INFO     | app | [GET] /api/v1/pedidos - Status: 200 - Duration: 0.007s - IP: 127.0.0.1 - User: fedegarcia30@gmail.com
2026-03-07 20:04:23,376 | INFO     | app | [GET] /api/v1/pedidos - Status: 200 - Duration: 0.004s - IP: 127.0.0.1 - User: fedegarcia30@gmail.com
2026-03-07 20:04:27,129 | INFO     | app | [OPTIONS] /api/v1/pedidos - Status: 200 - Duration: 0.0s - IP: 127.0.0.1 - User: Anonymous
2026-03-07 20:04:27,396 | INFO     | app | [GET] /api/v1/pedidos - Status: 200 - Duration: 0.019s - IP: 127.0.0.1 - User: fedegarcia30@gmail.com
2026-03-07 20:14:54,250 | INFO     | app | [GET] /api/v1/auth/me - Status: 200 - Duration: 0.004s - IP: 47.60.38.242 - User: fedegarcia30@gmail.com
2026-03-07 20:14:54,383 | INFO     | app | [OPTIONS] /api/v1/availability/check - Status: 200 - Duration: 0.0s - IP: 47.60.38.242 - User: Anonymous
2026-03-07 20:14:54,501 | INFO     | app | [GET] /api/v1/stats/dashboard - Status: 200 - Duration: 0.077s - IP: 47.60.38.242 - User: fedegarcia30@gmail.com
2026-03-07 20:14:54,533 | INFO     | app | [OPTIONS] /api/v1/availability/check - Status: 200 - Duration: 0.0s - IP: 47.60.38.242 - User: Anonymous
2026-03-07 20:14:54,672 | INFO     | app | [GET] /api/v1/stats/expenses - Status: 200 - Duration: 0.02s - IP: 47.60.38.242 - User: fedegarcia30@gmail.com
2026-03-07 20:15:00,825 | INFO     | app | [GET] /api/v1/stats/dashboard - Status: 200 - Duration: 0.048s - IP: 47.60.38.242 - User: fedegarcia30@gmail.com
2026-03-07 20:15:00,928 | INFO     | app | [GET] /api/v1/stats/expenses - Status: 200 - Duration: 0.02s - IP: 47.60.38.242 - User: fedegarcia30@gmail.com
2026-03-07 20:15:02,523 | INFO     | app | [GET] /api/v1/pedidos/calendar - Status: 200 - Duration: 0.004s - IP: 47.60.38.242 - User: fedegarcia30@gmail.com
2026-03-07 20:15:04,805 | INFO     | app | [POST] /api/v1/availability/check - Status: 200 - Duration: 0.007s - IP: 47.60.38.242 - User: fedegarcia30@gmail.com
2026-03-07 20:15:05,103 | INFO     | app | [GET] /api/v1/pedidos - Status: 200 - Duration: 0.013s - IP: 47.60.38.242 - User: fedegarcia30@gmail.com
2026-03-07 20:15:42,612 | INFO     | app | [GET] /api/v1/clients/stats - Status: 200 - Duration: 0.025s - IP: 47.60.38.242 - User: fedegarcia30@gmail.com
2026-03-07 20:15:42,846 | INFO     | app | [GET] /api/v1/clients - Status: 200 - Duration: 0.005s - IP: 47.60.38.242 - User: fedegarcia30@gmail.com
2026-03-07 20:15:44,569 | INFO     | app | [GET] /api/v1/stats/dashboard - Status: 200 - Duration: 0.093s - IP: 47.60.38.242 - User: fedegarcia30@gmail.com
2026-03-07 20:15:44,962 | INFO     | app | [GET] /api/v1/stats/expenses - Status: 200 - Duration: 0.019s - IP: 47.60.38.242 - User: fedegarcia30@gmail.com
2026-03-07 20:15:48,209 | INFO     | app | [GET] /api/v1/rices - Status: 200 - Duration: 0.004s - IP: 47.60.38.242 - User: fedegarcia30@gmail.com
2026-03-07 20:15:49,527 | INFO     | app | [GET] /api/v1/ingredients - Status: 200 - Duration: 0.006s - IP: 47.60.38.242 - User: fedegarcia30@gmail.com
2026-03-07 20:15:51,386 | INFO     | app | [GET] /api/v1/pedidos - Status: 200 - Duration: 0.007s - IP: 47.60.38.242 - User: fedegarcia30@gmail.com
2026-03-07 20:15:52,805 | INFO     | app | [GET] /api/v1/pedidos/calendar - Status: 200 - Duration: 0.007s - IP: 47.60.38.242 - User: fedegarcia30@gmail.com
2026-03-07 20:15:54,623 | INFO     | app | [POST] /api/v1/availability/check - Status: 200 - Duration: 0.005s - IP: 47.60.38.242 - User: fedegarcia30@gmail.com
2026-03-07 20:15:54,767 | INFO     | app | [GET] /api/v1/pedidos - Status: 200 - Duration: 0.004s - IP: 47.60.38.242 - User: fedegarcia30@gmail.com
2026-03-07 21:25:49,225 | INFO     | app | [GET] /api/v1/auth/me - Status: 200 - Duration: 0.017s - IP: 95.61.163.88 - User: fedegarcia30@gmail.com
2026-03-07 21:25:49,273 | INFO     | app | [OPTIONS] /api/v1/availability/check - Status: 200 - Duration: 0.0s - IP: 95.61.163.88 - User: Anonymous
2026-03-07 21:25:49,276 | INFO     | app | [OPTIONS] /api/v1/availability/check - Status: 200 - Duration: 0.0s - IP: 95.61.163.88 - User: Anonymous
2026-03-07 21:25:49,319 | INFO     | app | [GET] /api/v1/stats/expenses - Status: 200 - Duration: 0.024s - IP: 95.61.163.88 - User: fedegarcia30@gmail.com
2026-03-07 21:25:49,374 | INFO     | app | [GET] /api/v1/stats/dashboard - Status: 200 - Duration: 0.081s - IP: 95.61.163.88 - User: fedegarcia30@gmail.com
2026-03-08 13:46:07,557 | INFO     | app | [GET] /api/v1/auth/me - Status: 200 - Duration: 0.34s - IP: 47.60.38.111 - User: fedegarcia30@gmail.com
2026-03-08 13:46:07,892 | INFO     | app | [OPTIONS] /api/v1/availability/check - Status: 200 - Duration: 0.0s - IP: 47.60.38.111 - User: Anonymous
2026-03-08 13:46:08,070 | INFO     | app | [OPTIONS] /api/v1/availability/check - Status: 200 - Duration: 0.0s - IP: 47.60.38.111 - User: Anonymous
2026-03-08 13:46:08,103 | INFO     | app | [GET] /api/v1/stats/dashboard - Status: 200 - Duration: 0.087s - IP: 47.60.38.111 - User: fedegarcia30@gmail.com
2026-03-08 13:46:08,152 | INFO     | app | [GET] /api/v1/stats/expenses - Status: 200 - Duration: 0.023s - IP: 47.60.38.111 - User: fedegarcia30@gmail.com
2026-03-08 13:46:10,029 | INFO     | app | [GET] /api/v1/pedidos/calendar - Status: 200 - Duration: 0.012s - IP: 47.60.38.111 - User: fedegarcia30@gmail.com
2026-03-08 13:46:18,798 | INFO     | app | [POST] /api/v1/availability/check - Status: 200 - Duration: 0.007s - IP: 47.60.38.111 - User: fedegarcia30@gmail.com
2026-03-08 13:46:18,995 | INFO     | app | [GET] /api/v1/pedidos - Status: 200 - Duration: 0.064s - IP: 47.60.38.111 - User: fedegarcia30@gmail.com
2026-03-08 13:46:39,077 | INFO     | app | [POST] /api/v1/clients/lookup - Status: 200 - Duration: 0.008s - IP: 47.60.38.111 - User: fedegarcia30@gmail.com
2026-03-08 13:46:45,688 | INFO     | app | [GET] /api/v1/rices - Status: 200 - Duration: 0.007s - IP: 47.60.38.111 - User: fedegarcia30@gmail.com
2026-03-08 13:47:01,474 | INFO     | app | No recipe found for rice ID 8, no stock adjustment needed.
2026-03-08 13:47:01,476 | INFO     | app | Order #3527 created successfully for client #122 (5 PAX, Arroz: Alcachofas)
2026-03-08 13:47:01,477 | INFO     | app | [POST] /api/v1/orders/create - Status: 201 - Duration: 0.027s - IP: 47.60.38.111 - User: fedegarcia30@gmail.com
2026-03-08 13:47:01,590 | INFO     | app | [GET] /api/v1/pedidos - Status: 200 - Duration: 0.065s - IP: 47.60.38.111 - User: fedegarcia30@gmail.com
2026-03-08 13:47:01,699 | INFO     | app | [POST] /api/v1/availability/check - Status: 200 - Duration: 0.005s - IP: 47.60.38.111 - User: fedegarcia30@gmail.com
2026-03-08 13:47:07,611 | INFO     | app | [GET] /api/v1/clients/stats - Status: 200 - Duration: 0.024s - IP: 47.60.38.111 - User: fedegarcia30@gmail.com
2026-03-08 13:47:07,808 | INFO     | app | [GET] /api/v1/clients - Status: 200 - Duration: 0.007s - IP: 47.60.38.111 - User: fedegarcia30@gmail.com
2026-03-08 13:47:11,534 | INFO     | app | [GET] /api/v1/rices - Status: 200 - Duration: 0.004s - IP: 47.60.38.111 - User: fedegarcia30@gmail.com
2026-03-08 13:47:16,434 | INFO     | app | [GET] /api/v1/ingredients - Status: 200 - Duration: 0.006s - IP: 47.60.38.111 - User: fedegarcia30@gmail.com
2026-03-08 13:47:16,666 | INFO     | app | [GET] /api/v1/rices/2/recipe - Status: 200 - Duration: 0.012s - IP: 47.60.38.111 - User: fedegarcia30@gmail.com
2026-03-08 14:38:18,338 | INFO     | app | [OPTIONS] /api/v1/availability/check - Status: 200 - Duration: 0.0s - IP: 127.0.0.1 - User: Anonymous
2026-03-08 14:38:18,338 | INFO     | app | [OPTIONS] /api/v1/pedidos - Status: 200 - Duration: 0.0s - IP: 127.0.0.1 - User: Anonymous
2026-03-08 14:38:18,339 | INFO     | app | [OPTIONS] /api/v1/pedidos - Status: 200 - Duration: 0.0s - IP: 127.0.0.1 - User: Anonymous
2026-03-08 14:38:18,341 | INFO     | app | [OPTIONS] /api/v1/availability/check - Status: 200 - Duration: 0.0s - IP: 127.0.0.1 - User: Anonymous
2026-03-08 14:38:18,594 | INFO     | app | [POST] /api/v1/availability/check - Status: 200 - Duration: 0.005s - IP: 127.0.0.1 - User: fedegarcia30@gmail.com
2026-03-08 14:38:18,662 | INFO     | app | [POST] /api/v1/availability/check - Status: 200 - Duration: 0.011s - IP: 127.0.0.1 - User: fedegarcia30@gmail.com
2026-03-08 14:38:18,702 | INFO     | app | [GET] /api/v1/pedidos - Status: 200 - Duration: 0.054s - IP: 127.0.0.1 - User: fedegarcia30@gmail.com
2026-03-08 14:38:18,705 | INFO     | app | [GET] /api/v1/pedidos - Status: 200 - Duration: 0.056s - IP: 127.0.0.1 - User: fedegarcia30@gmail.com
2026-03-08 14:55:47,483 | INFO     | app | [GET] /api/v1/auth/me - Status: 200 - Duration: 0.005s - IP: 192.168.1.1 - User: fedegarcia30@gmail.com
2026-03-08 14:55:47,570 | INFO     | app | [OPTIONS] /api/v1/availability/check - Status: 200 - Duration: 0.0s - IP: 192.168.1.1 - User: Anonymous
2026-03-08 14:55:47,649 | INFO     | app | [OPTIONS] /api/v1/availability/check - Status: 200 - Duration: 0.0s - IP: 192.168.1.1 - User: Anonymous
2026-03-08 14:55:47,685 | INFO     | app | [GET] /api/v1/stats/expenses - Status: 200 - Duration: 0.022s - IP: 192.168.1.1 - User: fedegarcia30@gmail.com
2026-03-08 14:55:47,757 | INFO     | app | [GET] /api/v1/stats/dashboard - Status: 200 - Duration: 0.111s - IP: 192.168.1.1 - User: fedegarcia30@gmail.com
2026-03-08 14:55:59,002 | INFO     | app | [GET] /api/v1/pedidos/calendar - Status: 200 - Duration: 0.004s - IP: 192.168.1.1 - User: fedegarcia30@gmail.com
2026-03-08 14:56:00,518 | INFO     | app | [POST] /api/v1/availability/check - Status: 200 - Duration: 0.005s - IP: 192.168.1.1 - User: fedegarcia30@gmail.com
2026-03-08 14:56:00,803 | INFO     | app | [GET] /api/v1/pedidos - Status: 200 - Duration: 0.072s - IP: 192.168.1.1 - User: fedegarcia30@gmail.com
2026-03-08 14:56:55,923 | INFO     | app | [GET] /api/v1/rices - Status: 200 - Duration: 0.005s - IP: 192.168.1.1 - User: fedegarcia30@gmail.com
2026-03-08 14:57:25,748 | INFO     | app | [GET] /api/v1/ingredients - Status: 200 - Duration: 0.003s - IP: 192.168.1.1 - User: fedegarcia30@gmail.com
2026-03-08 14:57:26,721 | INFO     | app | [GET] /api/v1/stats/dashboard - Status: 200 - Duration: 0.074s - IP: 192.168.1.1 - User: fedegarcia30@gmail.com
2026-03-08 14:57:26,740 | INFO     | app | [GET] /api/v1/stats/expenses - Status: 200 - Duration: 0.017s - IP: 192.168.1.1 - User: fedegarcia30@gmail.com
2026-03-08 14:57:27,802 | INFO     | app | [GET] /api/v1/pedidos - Status: 200 - Duration: 0.005s - IP: 192.168.1.1 - User: fedegarcia30@gmail.com
2026-03-08 14:59:47,314 | INFO     | app | [GET] /api/v1/pedidos/calendar - Status: 200 - Duration: 0.005s - IP: 192.168.1.1 - User: fedegarcia30@gmail.com
2026-03-08 14:59:50,479 | INFO     | app | [GET] /api/v1/pedidos - Status: 200 - Duration: 0.009s - IP: 192.168.1.1 - User: fedegarcia30@gmail.com
2026-03-08 14:59:54,016 | INFO     | app | [GET] /api/v1/pedidos - Status: 200 - Duration: 0.021s - IP: 192.168.1.1 - User: fedegarcia30@gmail.com
2026-03-08 15:03:10,711 | INFO     | app | [GET] /api/v1/stats/expenses - Status: 200 - Duration: 0.018s - IP: 192.168.1.1 - User: fedegarcia30@gmail.com
2026-03-08 15:03:10,713 | INFO     | app | [GET] /api/v1/stats/dashboard - Status: 200 - Duration: 0.083s - IP: 192.168.1.1 - User: fedegarcia30@gmail.com
2026-03-08 15:03:11,819 | INFO     | app | [GET] /api/v1/pedidos - Status: 200 - Duration: 0.004s - IP: 192.168.1.1 - User: fedegarcia30@gmail.com
2026-03-08 15:03:16,120 | INFO     | app | [GET] /api/v1/pedidos - Status: 200 - Duration: 0.021s - IP: 192.168.1.1 - User: fedegarcia30@gmail.com
2026-03-08 15:03:48,128 | INFO     | app | [OPTIONS] /api/v1/auth/me - Status: 200 - Duration: 0.0s - IP: 127.0.0.1 - User: Anonymous
2026-03-08 15:03:48,395 | INFO     | app | [GET] /api/v1/auth/me - Status: 200 - Duration: 0.004s - IP: 127.0.0.1 - User: fedegarcia30@gmail.com
2026-03-08 15:03:48,494 | INFO     | app | [OPTIONS] /api/v1/availability/check - Status: 200 - Duration: 0.001s - IP: 127.0.0.1 - User: Anonymous
2026-03-08 15:03:48,808 | INFO     | app | [OPTIONS] /api/v1/availability/check - Status: 200 - Duration: 0.0s - IP: 127.0.0.1 - User: Anonymous
2026-03-08 15:03:48,810 | INFO     | app | [OPTIONS] /api/v1/availability/check - Status: 200 - Duration: 0.0s - IP: 127.0.0.1 - User: Anonymous
2026-03-08 15:03:48,811 | INFO     | app | [OPTIONS] /api/v1/availability/check - Status: 200 - Duration: 0.0s - IP: 127.0.0.1 - User: Anonymous
2026-03-08 15:03:48,813 | INFO     | app | [OPTIONS] /api/v1/availability/check - Status: 200 - Duration: 0.0s - IP: 127.0.0.1 - User: Anonymous
2026-03-08 15:03:49,119 | INFO     | app | [OPTIONS] /api/v1/availability/check - Status: 200 - Duration: 0.0s - IP: 127.0.0.1 - User: Anonymous
2026-03-08 15:03:49,121 | INFO     | app | [OPTIONS] /api/v1/availability/check - Status: 200 - Duration: 0.0s - IP: 127.0.0.1 - User: Anonymous
2026-03-08 15:03:49,121 | INFO     | app | [OPTIONS] /api/v1/availability/check - Status: 200 - Duration: 0.0s - IP: 127.0.0.1 - User: Anonymous
2026-03-08 15:03:49,123 | INFO     | app | [OPTIONS] /api/v1/stats/dashboard - Status: 200 - Duration: 0.0s - IP: 127.0.0.1 - User: Anonymous
2026-03-08 15:03:49,446 | INFO     | app | [OPTIONS] /api/v1/stats/expenses - Status: 200 - Duration: 0.0s - IP: 127.0.0.1 - User: Anonymous
2026-03-08 15:03:49,447 | INFO     | app | [OPTIONS] /api/v1/stats/expenses - Status: 200 - Duration: 0.0s - IP: 127.0.0.1 - User: Anonymous
2026-03-08 15:03:49,539 | INFO     | app | [GET] /api/v1/stats/dashboard - Status: 200 - Duration: 0.095s - IP: 127.0.0.1 - User: fedegarcia30@gmail.com
2026-03-08 15:03:49,706 | INFO     | app | [GET] /api/v1/stats/expenses - Status: 200 - Duration: 0.015s - IP: 127.0.0.1 - User: fedegarcia30@gmail.com
2026-03-08 15:03:49,863 | INFO     | app | [GET] /api/v1/stats/dashboard - Status: 200 - Duration: 0.096s - IP: 127.0.0.1 - User: fedegarcia30@gmail.com
2026-03-08 15:03:49,864 | INFO     | app | [GET] /api/v1/stats/expenses - Status: 200 - Duration: 0.015s - IP: 127.0.0.1 - User: fedegarcia30@gmail.com
2026-03-08 15:03:51,876 | INFO     | app | [OPTIONS] /api/v1/pedidos - Status: 200 - Duration: 0.0s - IP: 127.0.0.1 - User: Anonymous
2026-03-08 15:03:52,195 | INFO     | app | [OPTIONS] /api/v1/pedidos - Status: 200 - Duration: 0.0s - IP: 127.0.0.1 - User: Anonymous
2026-03-08 15:03:52,204 | INFO     | app | [GET] /api/v1/pedidos - Status: 200 - Duration: 0.007s - IP: 127.0.0.1 - User: fedegarcia30@gmail.com
2026-03-08 15:03:52,526 | INFO     | app | [GET] /api/v1/pedidos - Status: 200 - Duration: 0.006s - IP: 127.0.0.1 - User: fedegarcia30@gmail.com
2026-03-08 15:04:00,010 | INFO     | app | [OPTIONS] /api/v1/pedidos - Status: 200 - Duration: 0.0s - IP: 127.0.0.1 - User: Anonymous
2026-03-08 15:04:00,287 | INFO     | app | [GET] /api/v1/pedidos - Status: 200 - Duration: 0.033s - IP: 127.0.0.1 - User: fedegarcia30@gmail.com
2026-03-08 15:04:12,173 | INFO     | app | [OPTIONS] /api/v1/pedidos/3506/status - Status: 200 - Duration: 0.0s - IP: 127.0.0.1 - User: Anonymous
2026-03-08 15:04:12,556 | INFO     | app | Pedido #3506 status updated to 'entregado'
2026-03-08 15:04:12,561 | INFO     | app | [PATCH] /api/v1/pedidos/3506/status - Status: 200 - Duration: 0.073s - IP: 127.0.0.1 - User: fedegarcia30@gmail.com
2026-03-08 15:06:11,260 | INFO     | app | [OPTIONS] /api/v1/pedidos/calendar - Status: 200 - Duration: 0.0s - IP: 127.0.0.1 - User: Anonymous
2026-03-08 15:06:11,261 | INFO     | app | [OPTIONS] /api/v1/pedidos/calendar - Status: 200 - Duration: 0.0s - IP: 127.0.0.1 - User: Anonymous
2026-03-08 15:06:11,530 | INFO     | app | [GET] /api/v1/pedidos/calendar - Status: 200 - Duration: 0.01s - IP: 127.0.0.1 - User: fedegarcia30@gmail.com
2026-03-08 15:06:11,596 | INFO     | app | [GET] /api/v1/pedidos/calendar - Status: 200 - Duration: 0.013s - IP: 127.0.0.1 - User: fedegarcia30@gmail.com
2026-03-08 15:06:12,841 | INFO     | app | [OPTIONS] /api/v1/availability/check - Status: 200 - Duration: 0.0s - IP: 127.0.0.1 - User: Anonymous
2026-03-08 15:06:13,150 | INFO     | app | [OPTIONS] /api/v1/pedidos - Status: 200 - Duration: 0.0s - IP: 127.0.0.1 - User: Anonymous
2026-03-08 15:06:13,150 | INFO     | app | [OPTIONS] /api/v1/availability/check - Status: 200 - Duration: 0.0s - IP: 127.0.0.1 - User: Anonymous
2026-03-08 15:06:13,153 | INFO     | app | [OPTIONS] /api/v1/pedidos - Status: 200 - Duration: 0.001s - IP: 127.0.0.1 - User: Anonymous
2026-03-08 15:06:13,172 | INFO     | app | [POST] /api/v1/availability/check - Status: 200 - Duration: 0.014s - IP: 127.0.0.1 - User: fedegarcia30@gmail.com
2026-03-08 15:06:13,498 | INFO     | app | [POST] /api/v1/availability/check - Status: 200 - Duration: 0.019s - IP: 127.0.0.1 - User: fedegarcia30@gmail.com
2026-03-08 15:06:13,546 | INFO     | app | [GET] /api/v1/pedidos - Status: 200 - Duration: 0.066s - IP: 127.0.0.1 - User: fedegarcia30@gmail.com
2026-03-08 15:06:13,550 | INFO     | app | [GET] /api/v1/pedidos - Status: 200 - Duration: 0.071s - IP: 127.0.0.1 - User: fedegarcia30@gmail.com
2026-03-08 15:06:21,329 | INFO     | app | [OPTIONS] /api/v1/clients/lookup - Status: 200 - Duration: 0.0s - IP: 127.0.0.1 - User: Anonymous
2026-03-08 15:06:21,598 | INFO     | app | [POST] /api/v1/clients/lookup - Status: 200 - Duration: 0.004s - IP: 127.0.0.1 - User: fedegarcia30@gmail.com
2026-03-08 15:06:24,336 | INFO     | app | [OPTIONS] /api/v1/rices - Status: 200 - Duration: 0.0s - IP: 127.0.0.1 - User: Anonymous
2026-03-08 15:06:24,643 | INFO     | app | [OPTIONS] /api/v1/rices - Status: 200 - Duration: 0.0s - IP: 127.0.0.1 - User: Anonymous
2026-03-08 15:06:24,709 | INFO     | app | [GET] /api/v1/rices - Status: 200 - Duration: 0.004s - IP: 127.0.0.1 - User: fedegarcia30@gmail.com
2026-03-08 15:06:24,959 | INFO     | app | [GET] /api/v1/rices - Status: 200 - Duration: 0.004s - IP: 127.0.0.1 - User: fedegarcia30@gmail.com
2026-03-08 15:06:54,783 | INFO     | app | [OPTIONS] /api/v1/clients/663 - Status: 200 - Duration: 0.0s - IP: 127.0.0.1 - User: Anonymous
2026-03-08 15:06:55,098 | INFO     | app | Client #663 (Alberto Betenc) updated successfully
2026-03-08 15:06:55,099 | INFO     | app | [PUT] /api/v1/clients/663 - Status: 200 - Duration: 0.054s - IP: 127.0.0.1 - User: fedegarcia30@gmail.com
2026-03-08 15:07:01,128 | INFO     | app | [OPTIONS] /api/v1/rices - Status: 200 - Duration: 0.0s - IP: 127.0.0.1 - User: Anonymous
2026-03-08 15:07:01,438 | INFO     | app | [OPTIONS] /api/v1/rices - Status: 200 - Duration: 0.0s - IP: 127.0.0.1 - User: Anonymous
2026-03-08 15:07:01,446 | INFO     | app | [GET] /api/v1/rices - Status: 200 - Duration: 0.008s - IP: 127.0.0.1 - User: fedegarcia30@gmail.com
2026-03-08 15:07:01,752 | INFO     | app | [GET] /api/v1/rices - Status: 200 - Duration: 0.005s - IP: 127.0.0.1 - User: fedegarcia30@gmail.com
2026-03-08 15:07:25,310 | INFO     | app | [OPTIONS] /api/v1/orders/create - Status: 200 - Duration: 0.0s - IP: 127.0.0.1 - User: Anonymous
2026-03-08 15:07:25,606 | INFO     | app | No recipe found for rice ID 8, no stock adjustment needed.
2026-03-08 15:07:25,607 | INFO     | app | Order #3528 created successfully for client #663 (6 PAX, Arroz: Alcachofas)
2026-03-08 15:07:25,609 | INFO     | app | [POST] /api/v1/orders/create - Status: 201 - Duration: 0.033s - IP: 127.0.0.1 - User: fedegarcia30@gmail.com
2026-03-08 15:07:25,616 | INFO     | app | [OPTIONS] /api/v1/pedidos - Status: 200 - Duration: 0.0s - IP: 127.0.0.1 - User: Anonymous
2026-03-08 15:07:25,932 | INFO     | app | [OPTIONS] /api/v1/availability/check - Status: 200 - Duration: 0.0s - IP: 127.0.0.1 - User: Anonymous
2026-03-08 15:07:25,969 | INFO     | app | [GET] /api/v1/pedidos - Status: 200 - Duration: 0.036s - IP: 127.0.0.1 - User: fedegarcia30@gmail.com
2026-03-08 15:07:26,245 | INFO     | app | [POST] /api/v1/availability/check - Status: 200 - Duration: 0.005s - IP: 127.0.0.1 - User: fedegarcia30@gmail.com
2026-03-08 15:07:47,920 | INFO     | app | [GET] /api/v1/stats/dashboard - Status: 200 - Duration: 0.075s - IP: 192.168.1.1 - User: fedegarcia30@gmail.com
2026-03-08 15:07:47,945 | INFO     | app | [GET] /api/v1/stats/expenses - Status: 200 - Duration: 0.017s - IP: 192.168.1.1 - User: fedegarcia30@gmail.com
2026-03-08 15:07:48,661 | INFO     | app | [GET] /api/v1/pedidos - Status: 200 - Duration: 0.004s - IP: 192.168.1.1 - User: fedegarcia30@gmail.com
2026-03-08 15:07:52,817 | INFO     | app | [GET] /api/v1/pedidos - Status: 200 - Duration: 0.023s - IP: 192.168.1.1 - User: fedegarcia30@gmail.com
2026-03-08 15:08:04,859 | INFO     | app | [OPTIONS] /api/v1/pedidos - Status: 200 - Duration: 0.0s - IP: 127.0.0.1 - User: Anonymous
2026-03-08 15:08:04,862 | INFO     | app | [OPTIONS] /api/v1/pedidos - Status: 200 - Duration: 0.001s - IP: 127.0.0.1 - User: Anonymous
2026-03-08 15:08:05,140 | INFO     | app | [GET] /api/v1/pedidos - Status: 200 - Duration: 0.007s - IP: 127.0.0.1 - User: fedegarcia30@gmail.com
2026-03-08 15:08:05,182 | INFO     | app | [GET] /api/v1/pedidos - Status: 200 - Duration: 0.004s - IP: 127.0.0.1 - User: fedegarcia30@gmail.com
2026-03-08 15:08:08,561 | INFO     | app | [OPTIONS] /api/v1/pedidos - Status: 200 - Duration: 0.0s - IP: 127.0.0.1 - User: Anonymous
2026-03-08 15:08:08,900 | INFO     | app | [GET] /api/v1/pedidos - Status: 200 - Duration: 0.027s - IP: 127.0.0.1 - User: fedegarcia30@gmail.com
2026-03-08 15:08:12,437 | INFO     | app | [OPTIONS] /api/v1/pedidos/3506/status - Status: 200 - Duration: 0.0s - IP: 127.0.0.1 - User: Anonymous
2026-03-08 15:08:12,806 | INFO     | app | Pedido #3506 status updated to 'listo'
2026-03-08 15:08:12,812 | INFO     | app | [PATCH] /api/v1/pedidos/3506/status - Status: 200 - Duration: 0.06s - IP: 127.0.0.1 - User: fedegarcia30@gmail.com
2026-03-08 15:08:14,663 | INFO     | app | [OPTIONS] /api/v1/pedidos/3506/status - Status: 200 - Duration: 0.0s - IP: 127.0.0.1 - User: Anonymous
2026-03-08 15:08:15,021 | INFO     | app | Pedido #3506 status updated to 'entregado'
2026-03-08 15:08:15,026 | INFO     | app | [PATCH] /api/v1/pedidos/3506/status - Status: 200 - Duration: 0.053s - IP: 127.0.0.1 - User: fedegarcia30@gmail.com
2026-03-08 15:08:16,217 | INFO     | app | [OPTIONS] /api/v1/pedidos/3506/status - Status: 200 - Duration: 0.0s - IP: 127.0.0.1 - User: Anonymous
2026-03-08 15:08:16,596 | INFO     | app | Pedido #3506 status updated to 'listo'
2026-03-08 15:08:16,599 | INFO     | app | [PATCH] /api/v1/pedidos/3506/status - Status: 200 - Duration: 0.067s - IP: 127.0.0.1 - User: fedegarcia30@gmail.com
2026-03-08 15:08:37,468 | INFO     | app | [OPTIONS] /api/v1/pedidos/3506/status - Status: 200 - Duration: 0.0s - IP: 127.0.0.1 - User: Anonymous
2026-03-08 15:08:37,793 | INFO     | app | Pedido #3506 status updated to 'entregado'
2026-03-08 15:08:37,795 | INFO     | app | [PATCH] /api/v1/pedidos/3506/status - Status: 200 - Duration: 0.013s - IP: 127.0.0.1 - User: fedegarcia30@gmail.com
2026-03-08 15:08:47,943 | INFO     | app | [OPTIONS] /api/v1/pedidos/3506/status - Status: 200 - Duration: 0.0s - IP: 127.0.0.1 - User: Anonymous
2026-03-08 15:08:48,273 | INFO     | app | Pedido #3506 status updated to 'listo'
2026-03-08 15:08:48,275 | INFO     | app | [PATCH] /api/v1/pedidos/3506/status - Status: 200 - Duration: 0.014s - IP: 127.0.0.1 - User: fedegarcia30@gmail.com
2026-03-08 15:09:58,650 | INFO     | app | [OPTIONS] /api/v1/pedidos - Status: 200 - Duration: 0.0s - IP: 127.0.0.1 - User: Anonymous
2026-03-08 15:09:58,933 | INFO     | app | [GET] /api/v1/pedidos - Status: 200 - Duration: 0.038s - IP: 127.0.0.1 - User: fedegarcia30@gmail.com
2026-03-08 15:10:02,514 | INFO     | app | [OPTIONS] /api/v1/pedidos - Status: 200 - Duration: 0.0s - IP: 127.0.0.1 - User: Anonymous
2026-03-08 15:10:02,882 | INFO     | app | [GET] /api/v1/pedidos - Status: 200 - Duration: 0.051s - IP: 127.0.0.1 - User: fedegarcia30@gmail.com
2026-03-08 15:10:08,268 | INFO     | app | [OPTIONS] /api/v1/pedidos - Status: 200 - Duration: 0.0s - IP: 127.0.0.1 - User: Anonymous
2026-03-08 15:10:08,615 | INFO     | app | [GET] /api/v1/pedidos - Status: 200 - Duration: 0.032s - IP: 127.0.0.1 - User: fedegarcia30@gmail.com
2026-03-08 15:10:17,656 | INFO     | app | [OPTIONS] /api/v1/pedidos - Status: 200 - Duration: 0.0s - IP: 127.0.0.1 - User: Anonymous
2026-03-08 15:10:17,997 | INFO     | app | [GET] /api/v1/pedidos - Status: 200 - Duration: 0.03s - IP: 127.0.0.1 - User: fedegarcia30@gmail.com
2026-03-08 15:11:21,041 | INFO     | app | [OPTIONS] /api/v1/pedidos/3506/status - Status: 200 - Duration: 0.0s - IP: 127.0.0.1 - User: Anonymous
2026-03-08 15:11:21,320 | INFO     | app | Pedido #3506 status updated to 'entregado'
2026-03-08 15:11:21,324 | INFO     | app | [PATCH] /api/v1/pedidos/3506/status - Status: 200 - Duration: 0.019s - IP: 127.0.0.1 - User: fedegarcia30@gmail.com
2026-03-08 15:11:27,357 | INFO     | app | [OPTIONS] /api/v1/pedidos/3506/status - Status: 200 - Duration: 0.0s - IP: 127.0.0.1 - User: Anonymous
2026-03-08 15:11:27,736 | INFO     | app | Pedido #3506 status updated to 'listo'
2026-03-08 15:11:27,740 | INFO     | app | [PATCH] /api/v1/pedidos/3506/status - Status: 200 - Duration: 0.073s - IP: 127.0.0.1 - User: fedegarcia30@gmail.com
2026-03-08 15:11:29,187 | INFO     | app | [OPTIONS] /api/v1/pedidos/3506/status - Status: 200 - Duration: 0.0s - IP: 127.0.0.1 - User: Anonymous
2026-03-08 15:11:29,513 | INFO     | app | Pedido #3506 status updated to 'entregado'
2026-03-08 15:11:29,515 | INFO     | app | [PATCH] /api/v1/pedidos/3506/status - Status: 200 - Duration: 0.014s - IP: 127.0.0.1 - User: fedegarcia30@gmail.com
2026-03-08 15:12:09,152 | INFO     | app | [GET] /api/v1/auth/me - Status: 200 - Duration: 0.004s - IP: 192.168.1.1 - User: fedegarcia30@gmail.com
2026-03-08 15:12:09,223 | INFO     | app | [OPTIONS] /api/v1/availability/check - Status: 200 - Duration: 0.0s - IP: 192.168.1.1 - User: Anonymous
2026-03-08 15:12:09,237 | INFO     | app | [GET] /api/v1/pedidos/calendar - Status: 200 - Duration: 0.006s - IP: 192.168.1.1 - User: fedegarcia30@gmail.com
2026-03-08 15:12:13,068 | INFO     | app | [GET] /api/v1/stats/expenses - Status: 200 - Duration: 0.015s - IP: 192.168.1.1 - User: fedegarcia30@gmail.com
2026-03-08 15:12:13,115 | INFO     | app | [GET] /api/v1/stats/dashboard - Status: 200 - Duration: 0.068s - IP: 192.168.1.1 - User: fedegarcia30@gmail.com
2026-03-08 15:12:13,921 | INFO     | app | [GET] /api/v1/pedidos - Status: 200 - Duration: 0.007s - IP: 192.168.1.1 - User: fedegarcia30@gmail.com
2026-03-08 15:12:17,636 | INFO     | app | [GET] /api/v1/pedidos - Status: 200 - Duration: 0.027s - IP: 192.168.1.1 - User: fedegarcia30@gmail.com
2026-03-08 15:12:24,430 | INFO     | app | Pedido #3501 status updated to 'entregado'
2026-03-08 15:12:24,433 | INFO     | app | [PATCH] /api/v1/pedidos/3501/status - Status: 200 - Duration: 0.075s - IP: 192.168.1.1 - User: fedegarcia30@gmail.com
2026-03-08 15:12:48,304 | INFO     | app | Pedido #3502 status updated to 'entregado'
2026-03-08 15:12:48,307 | INFO     | app | [PATCH] /api/v1/pedidos/3502/status - Status: 200 - Duration: 0.083s - IP: 192.168.1.1 - User: fedegarcia30@gmail.com
2026-03-08 15:12:55,861 | INFO     | app | [GET] /api/v1/ingredients - Status: 200 - Duration: 0.004s - IP: 192.168.1.1 - User: fedegarcia30@gmail.com
2026-03-08 15:12:57,242 | INFO     | app | [GET] /api/v1/pedidos - Status: 200 - Duration: 0.005s - IP: 192.168.1.1 - User: fedegarcia30@gmail.com
2026-03-08 15:13:00,384 | INFO     | app | [GET] /api/v1/pedidos - Status: 200 - Duration: 0.027s - IP: 192.168.1.1 - User: fedegarcia30@gmail.com
2026-03-08 15:14:04,447 | INFO     | app | [GET] /api/v1/auth/me - Status: 200 - Duration: 0.003s - IP: 192.168.1.1 - User: repartidor@repartidor.com
2026-03-08 15:14:04,498 | INFO     | app | [OPTIONS] /api/v1/availability/check - Status: 200 - Duration: 0.0s - IP: 192.168.1.1 - User: Anonymous
2026-03-08 15:14:04,617 | INFO     | app | [GET] /api/v1/pedidos - Status: 200 - Duration: 0.005s - IP: 192.168.1.1 - User: repartidor@repartidor.com
2026-03-08 15:14:08,314 | INFO     | app | [GET] /api/v1/pedidos - Status: 200 - Duration: 0.028s - IP: 192.168.1.1 - User: repartidor@repartidor.com
2026-03-08 15:15:30,217 | INFO     | app | [OPTIONS] /api/v1/auth/me - Status: 200 - Duration: 0.0s - IP: 127.0.0.1 - User: Anonymous
2026-03-08 15:15:30,485 | INFO     | app | [GET] /api/v1/auth/me - Status: 200 - Duration: 0.007s - IP: 127.0.0.1 - User: fedegarcia30@gmail.com
2026-03-08 15:15:30,528 | INFO     | app | [OPTIONS] /api/v1/availability/check - Status: 200 - Duration: 0.0s - IP: 127.0.0.1 - User: Anonymous
2026-03-08 15:15:30,836 | INFO     | app | [OPTIONS] /api/v1/availability/check - Status: 200 - Duration: 0.0s - IP: 127.0.0.1 - User: Anonymous
2026-03-08 15:15:30,837 | INFO     | app | [OPTIONS] /api/v1/availability/check - Status: 200 - Duration: 0.0s - IP: 127.0.0.1 - User: Anonymous
2026-03-08 15:15:31,160 | INFO     | app | [OPTIONS] /api/v1/availability/check - Status: 200 - Duration: 0.0s - IP: 127.0.0.1 - User: Anonymous
2026-03-08 15:15:31,161 | INFO     | app | [OPTIONS] /api/v1/pedidos/calendar - Status: 200 - Duration: 0.0s - IP: 127.0.0.1 - User: Anonymous
2026-03-08 15:15:31,415 | INFO     | app | [GET] /api/v1/pedidos/calendar - Status: 200 - Duration: 0.007s - IP: 127.0.0.1 - User: fedegarcia30@gmail.com
2026-03-08 15:15:31,484 | INFO     | app | [OPTIONS] /api/v1/pedidos/calendar - Status: 200 - Duration: 0.0s - IP: 127.0.0.1 - User: Anonymous
2026-03-08 15:15:31,494 | INFO     | app | [GET] /api/v1/pedidos/calendar - Status: 200 - Duration: 0.005s - IP: 127.0.0.1 - User: fedegarcia30@gmail.com
2026-03-08 15:15:31,886 | INFO     | app | [OPTIONS] /api/v1/pedidos - Status: 200 - Duration: 0.0s - IP: 127.0.0.1 - User: Anonymous
2026-03-08 15:15:31,889 | INFO     | app | [OPTIONS] /api/v1/pedidos - Status: 200 - Duration: 0.0s - IP: 127.0.0.1 - User: Anonymous
2026-03-08 15:15:32,156 | INFO     | app | [GET] /api/v1/pedidos - Status: 200 - Duration: 0.006s - IP: 127.0.0.1 - User: fedegarcia30@gmail.com
2026-03-08 15:15:32,201 | INFO     | app | [GET] /api/v1/pedidos - Status: 200 - Duration: 0.005s - IP: 127.0.0.1 - User: fedegarcia30@gmail.com
2026-03-08 15:15:35,160 | INFO     | app | [OPTIONS] /api/v1/pedidos - Status: 200 - Duration: 0.0s - IP: 127.0.0.1 - User: Anonymous
2026-03-08 15:15:35,499 | INFO     | app | [GET] /api/v1/pedidos - Status: 200 - Duration: 0.028s - IP: 127.0.0.1 - User: fedegarcia30@gmail.com
2026-03-08 15:15:50,649 | INFO     | app | [OPTIONS] /api/v1/pedidos/3506/status - Status: 200 - Duration: 0.0s - IP: 127.0.0.1 - User: Anonymous
2026-03-08 15:15:51,036 | INFO     | app | Pedido #3506 status updated to 'listo'
2026-03-08 15:15:51,040 | INFO     | app | [PATCH] /api/v1/pedidos/3506/status - Status: 200 - Duration: 0.07s - IP: 127.0.0.1 - User: fedegarcia30@gmail.com
2026-03-08 15:15:52,146 | INFO     | app | [OPTIONS] /api/v1/pedidos/3528/status - Status: 200 - Duration: 0.0s - IP: 127.0.0.1 - User: Anonymous
2026-03-08 15:15:52,538 | INFO     | app | Pedido #3528 status updated to 'entregado'
2026-03-08 15:15:52,544 | INFO     | app | [PATCH] /api/v1/pedidos/3528/status - Status: 200 - Duration: 0.025s - IP: 127.0.0.1 - User: fedegarcia30@gmail.com
2026-03-08 15:16:00,523 | INFO     | app | [OPTIONS] /api/v1/pedidos/3528/status - Status: 200 - Duration: 0.0s - IP: 127.0.0.1 - User: Anonymous
2026-03-08 15:16:00,854 | INFO     | app | Pedido #3528 status updated to 'listo'
2026-03-08 15:16:00,857 | INFO     | app | [PATCH] /api/v1/pedidos/3528/status - Status: 200 - Duration: 0.017s - IP: 127.0.0.1 - User: fedegarcia30@gmail.com
2026-03-08 15:20:07,612 | INFO     | app | [OPTIONS] /api/v1/availability/check - Status: 200 - Duration: 0.001s - IP: 127.0.0.1 - User: Anonymous
2026-03-08 15:20:07,614 | INFO     | app | [OPTIONS] /api/v1/pedidos - Status: 200 - Duration: 0.0s - IP: 127.0.0.1 - User: Anonymous
2026-03-08 15:20:07,617 | INFO     | app | [OPTIONS] /api/v1/availability/check - Status: 200 - Duration: 0.0s - IP: 127.0.0.1 - User: Anonymous
2026-03-08 15:20:07,620 | INFO     | app | [OPTIONS] /api/v1/pedidos - Status: 200 - Duration: 0.001s - IP: 127.0.0.1 - User: Anonymous
2026-03-08 15:20:07,876 | INFO     | app | [POST] /api/v1/availability/check - Status: 200 - Duration: 0.009s - IP: 127.0.0.1 - User: fedegarcia30@gmail.com
2026-03-08 15:20:07,938 | INFO     | app | [POST] /api/v1/availability/check - Status: 200 - Duration: 0.01s - IP: 127.0.0.1 - User: fedegarcia30@gmail.com
2026-03-08 15:20:07,949 | INFO     | app | [GET] /api/v1/pedidos - Status: 200 - Duration: 0.013s - IP: 127.0.0.1 - User: fedegarcia30@gmail.com
2026-03-08 15:20:07,950 | INFO     | app | [GET] /api/v1/pedidos - Status: 200 - Duration: 0.016s - IP: 127.0.0.1 - User: fedegarcia30@gmail.com
2026-03-08 15:20:11,181 | INFO     | app | [OPTIONS] /api/v1/availability/check - Status: 200 - Duration: 0.0s - IP: 127.0.0.1 - User: Anonymous
2026-03-08 15:20:11,487 | INFO     | app | [OPTIONS] /api/v1/pedidos - Status: 200 - Duration: 0.0s - IP: 127.0.0.1 - User: Anonymous
2026-03-08 15:20:11,503 | INFO     | app | [POST] /api/v1/availability/check - Status: 200 - Duration: 0.013s - IP: 127.0.0.1 - User: fedegarcia30@gmail.com
2026-03-08 15:20:11,836 | INFO     | app | [GET] /api/v1/pedidos - Status: 200 - Duration: 0.025s - IP: 127.0.0.1 - User: fedegarcia30@gmail.com
2026-03-08 15:20:55,750 | INFO     | app | [OPTIONS] /api/v1/pedidos/calendar - Status: 200 - Duration: 0.002s - IP: 127.0.0.1 - User: Anonymous
2026-03-08 15:20:55,750 | INFO     | app | [OPTIONS] /api/v1/pedidos/calendar - Status: 200 - Duration: 0.0s - IP: 127.0.0.1 - User: Anonymous
2026-03-08 15:20:56,021 | INFO     | app | [GET] /api/v1/pedidos/calendar - Status: 200 - Duration: 0.008s - IP: 127.0.0.1 - User: fedegarcia30@gmail.com
2026-03-08 15:20:56,064 | INFO     | app | [GET] /api/v1/pedidos/calendar - Status: 200 - Duration: 0.006s - IP: 127.0.0.1 - User: fedegarcia30@gmail.com
2026-03-08 15:20:56,187 | INFO     | app | [OPTIONS] /api/v1/availability/check - Status: 200 - Duration: 0.001s - IP: 127.0.0.1 - User: Anonymous
2026-03-08 15:20:56,496 | INFO     | app | [OPTIONS] /api/v1/pedidos - Status: 200 - Duration: 0.001s - IP: 127.0.0.1 - User: Anonymous
2026-03-08 15:20:56,497 | INFO     | app | [OPTIONS] /api/v1/availability/check - Status: 200 - Duration: 0.0s - IP: 127.0.0.1 - User: Anonymous
2026-03-08 15:20:56,497 | INFO     | app | [OPTIONS] /api/v1/pedidos - Status: 200 - Duration: 0.0s - IP: 127.0.0.1 - User: Anonymous
2026-03-08 15:20:56,509 | INFO     | app | [POST] /api/v1/availability/check - Status: 200 - Duration: 0.011s - IP: 127.0.0.1 - User: fedegarcia30@gmail.com
2026-03-08 15:20:56,816 | INFO     | app | [POST] /api/v1/availability/check - Status: 200 - Duration: 0.009s - IP: 127.0.0.1 - User: fedegarcia30@gmail.com
2026-03-08 15:20:56,817 | INFO     | app | [GET] /api/v1/pedidos - Status: 200 - Duration: 0.007s - IP: 127.0.0.1 - User: fedegarcia30@gmail.com
2026-03-08 15:20:56,818 | INFO     | app | [GET] /api/v1/pedidos - Status: 200 - Duration: 0.009s - IP: 127.0.0.1 - User: fedegarcia30@gmail.com
2026-03-08 15:20:57,934 | INFO     | app | [OPTIONS] /api/v1/pedidos/calendar - Status: 200 - Duration: 0.0s - IP: 127.0.0.1 - User: Anonymous
2026-03-08 15:20:57,934 | INFO     | app | [OPTIONS] /api/v1/pedidos/calendar - Status: 200 - Duration: 0.0s - IP: 127.0.0.1 - User: Anonymous
2026-03-08 15:20:58,198 | INFO     | app | [GET] /api/v1/pedidos/calendar - Status: 200 - Duration: 0.004s - IP: 127.0.0.1 - User: fedegarcia30@gmail.com
2026-03-08 15:20:58,247 | INFO     | app | [GET] /api/v1/pedidos/calendar - Status: 200 - Duration: 0.004s - IP: 127.0.0.1 - User: fedegarcia30@gmail.com
2026-03-08 15:20:59,380 | INFO     | app | [OPTIONS] /api/v1/availability/check - Status: 200 - Duration: 0.001s - IP: 127.0.0.1 - User: Anonymous
2026-03-08 15:20:59,693 | INFO     | app | [OPTIONS] /api/v1/pedidos - Status: 200 - Duration: 0.0s - IP: 127.0.0.1 - User: Anonymous
2026-03-08 15:20:59,695 | INFO     | app | [OPTIONS] /api/v1/availability/check - Status: 200 - Duration: 0.001s - IP: 127.0.0.1 - User: Anonymous
2026-03-08 15:20:59,697 | INFO     | app | [OPTIONS] /api/v1/pedidos - Status: 200 - Duration: 0.0s - IP: 127.0.0.1 - User: Anonymous
2026-03-08 15:20:59,714 | INFO     | app | [POST] /api/v1/availability/check - Status: 200 - Duration: 0.014s - IP: 127.0.0.1 - User: fedegarcia30@gmail.com
2026-03-08 15:21:00,042 | INFO     | app | [POST] /api/v1/availability/check - Status: 200 - Duration: 0.025s - IP: 127.0.0.1 - User: fedegarcia30@gmail.com
2026-03-08 15:21:00,122 | INFO     | app | [GET] /api/v1/pedidos - Status: 200 - Duration: 0.106s - IP: 127.0.0.1 - User: fedegarcia30@gmail.com
2026-03-08 15:21:00,126 | INFO     | app | [GET] /api/v1/pedidos - Status: 200 - Duration: 0.108s - IP: 127.0.0.1 - User: fedegarcia30@gmail.com
2026-03-08 15:21:27,801 | INFO     | app | [OPTIONS] /api/v1/pedidos/3506 - Status: 200 - Duration: 0.0s - IP: 127.0.0.1 - User: Anonymous
2026-03-08 15:21:28,097 | INFO     | app | Pedido #3506 properties updated successfully
2026-03-08 15:21:28,100 | INFO     | app | [PATCH] /api/v1/pedidos/3506 - Status: 200 - Duration: 0.05s - IP: 127.0.0.1 - User: fedegarcia30@gmail.com
2026-03-08 15:21:28,141 | INFO     | app | [OPTIONS] /api/v1/pedidos - Status: 200 - Duration: 0.0s - IP: 127.0.0.1 - User: Anonymous
2026-03-08 15:21:28,422 | INFO     | app | [OPTIONS] /api/v1/availability/check - Status: 200 - Duration: 0.0s - IP: 127.0.0.1 - User: Anonymous
2026-03-08 15:21:28,454 | INFO     | app | [GET] /api/v1/pedidos - Status: 200 - Duration: 0.03s - IP: 127.0.0.1 - User: fedegarcia30@gmail.com
2026-03-08 15:21:28,460 | INFO     | app | [POST] /api/v1/availability/check - Status: 200 - Duration: 0.005s - IP: 127.0.0.1 - User: fedegarcia30@gmail.com
2026-03-08 15:22:07,778 | INFO     | app | [OPTIONS] /api/v1/availability/check - Status: 200 - Duration: 0.0s - IP: 127.0.0.1 - User: Anonymous
2026-03-08 15:22:08,089 | INFO     | app | [OPTIONS] /api/v1/pedidos - Status: 200 - Duration: 0.0s - IP: 127.0.0.1 - User: Anonymous
2026-03-08 15:22:08,099 | INFO     | app | [POST] /api/v1/availability/check - Status: 200 - Duration: 0.009s - IP: 127.0.0.1 - User: fedegarcia30@gmail.com
2026-03-08 15:22:08,420 | INFO     | app | [GET] /api/v1/pedidos - Status: 200 - Duration: 0.009s - IP: 127.0.0.1 - User: fedegarcia30@gmail.com
2026-03-08 15:22:11,992 | INFO     | app | [OPTIONS] /api/v1/availability/check - Status: 200 - Duration: 0.0s - IP: 127.0.0.1 - User: Anonymous
2026-03-08 15:22:11,993 | INFO     | app | [OPTIONS] /api/v1/pedidos - Status: 200 - Duration: 0.0s - IP: 127.0.0.1 - User: Anonymous
2026-03-08 15:22:12,259 | INFO     | app | [POST] /api/v1/availability/check - Status: 200 - Duration: 0.006s - IP: 127.0.0.1 - User: fedegarcia30@gmail.com
2026-03-08 15:22:12,327 | INFO     | app | [GET] /api/v1/pedidos - Status: 200 - Duration: 0.027s - IP: 127.0.0.1 - User: fedegarcia30@gmail.com
2026-03-08 15:22:15,094 | INFO     | app | [OPTIONS] /api/v1/pedidos - Status: 200 - Duration: 0.0s - IP: 127.0.0.1 - User: Anonymous
2026-03-08 15:22:15,401 | INFO     | app | [OPTIONS] /api/v1/pedidos - Status: 200 - Duration: 0.0s - IP: 127.0.0.1 - User: Anonymous
2026-03-08 15:22:15,413 | INFO     | app | [GET] /api/v1/pedidos - Status: 200 - Duration: 0.008s - IP: 127.0.0.1 - User: fedegarcia30@gmail.com
2026-03-08 15:22:15,722 | INFO     | app | [GET] /api/v1/pedidos - Status: 200 - Duration: 0.009s - IP: 127.0.0.1 - User: fedegarcia30@gmail.com
2026-03-08 15:22:18,559 | INFO     | app | [OPTIONS] /api/v1/pedidos - Status: 200 - Duration: 0.0s - IP: 127.0.0.1 - User: Anonymous
2026-03-08 15:22:18,840 | INFO     | app | [GET] /api/v1/pedidos - Status: 200 - Duration: 0.03s - IP: 127.0.0.1 - User: fedegarcia30@gmail.com
2026-03-08 15:22:24,361 | INFO     | app | [OPTIONS] /api/v1/pedidos/calendar - Status: 200 - Duration: 0.0s - IP: 127.0.0.1 - User: Anonymous
2026-03-08 15:22:24,676 | INFO     | app | [OPTIONS] /api/v1/pedidos/calendar - Status: 200 - Duration: 0.0s - IP: 127.0.0.1 - User: Anonymous
2026-03-08 15:22:24,690 | INFO     | app | [GET] /api/v1/pedidos/calendar - Status: 200 - Duration: 0.014s - IP: 127.0.0.1 - User: fedegarcia30@gmail.com
2026-03-08 15:22:24,994 | INFO     | app | [GET] /api/v1/pedidos/calendar - Status: 200 - Duration: 0.009s - IP: 127.0.0.1 - User: fedegarcia30@gmail.com
2026-03-08 15:22:26,652 | INFO     | app | [OPTIONS] /api/v1/availability/check - Status: 200 - Duration: 0.0s - IP: 127.0.0.1 - User: Anonymous
2026-03-08 15:22:26,653 | INFO     | app | [OPTIONS] /api/v1/availability/check - Status: 200 - Duration: 0.0s - IP: 127.0.0.1 - User: Anonymous
2026-03-08 15:22:26,654 | INFO     | app | [OPTIONS] /api/v1/pedidos - Status: 200 - Duration: 0.001s - IP: 127.0.0.1 - User: Anonymous
2026-03-08 15:22:26,656 | INFO     | app | [OPTIONS] /api/v1/pedidos - Status: 200 - Duration: 0.0s - IP: 127.0.0.1 - User: Anonymous
2026-03-08 15:22:26,923 | INFO     | app | [POST] /api/v1/availability/check - Status: 200 - Duration: 0.007s - IP: 127.0.0.1 - User: fedegarcia30@gmail.com
2026-03-08 15:22:26,993 | INFO     | app | [POST] /api/v1/availability/check - Status: 200 - Duration: 0.015s - IP: 127.0.0.1 - User: fedegarcia30@gmail.com
2026-03-08 15:22:27,046 | INFO     | app | [GET] /api/v1/pedidos - Status: 200 - Duration: 0.068s - IP: 127.0.0.1 - User: fedegarcia30@gmail.com
2026-03-08 15:22:27,047 | INFO     | app | [GET] /api/v1/pedidos - Status: 200 - Duration: 0.067s - IP: 127.0.0.1 - User: fedegarcia30@gmail.com
2026-03-08 15:23:17,591 | INFO     | app | [OPTIONS] /api/v1/pedidos - Status: 200 - Duration: 0.0s - IP: 127.0.0.1 - User: Anonymous
2026-03-08 15:23:17,905 | INFO     | app | [OPTIONS] /api/v1/pedidos - Status: 200 - Duration: 0.0s - IP: 127.0.0.1 - User: Anonymous
2026-03-08 15:23:17,917 | INFO     | app | [GET] /api/v1/pedidos - Status: 200 - Duration: 0.009s - IP: 127.0.0.1 - User: fedegarcia30@gmail.com
2026-03-08 15:23:18,223 | INFO     | app | [GET] /api/v1/pedidos - Status: 200 - Duration: 0.008s - IP: 127.0.0.1 - User: fedegarcia30@gmail.com
2026-03-08 15:23:21,489 | INFO     | app | [OPTIONS] /api/v1/pedidos - Status: 200 - Duration: 0.0s - IP: 127.0.0.1 - User: Anonymous
2026-03-08 15:23:21,799 | INFO     | app | [GET] /api/v1/pedidos - Status: 200 - Duration: 0.045s - IP: 127.0.0.1 - User: fedegarcia30@gmail.com
2026-03-08 15:23:53,513 | INFO     | app | [OPTIONS] /api/v1/auth/me - Status: 200 - Duration: 0.0s - IP: 127.0.0.1 - User: Anonymous
2026-03-08 15:23:53,840 | INFO     | app | [GET] /api/v1/auth/me - Status: 200 - Duration: 0.005s - IP: 127.0.0.1 - User: fedegarcia30@gmail.com
2026-03-08 15:23:54,095 | INFO     | app | [OPTIONS] /api/v1/availability/check - Status: 200 - Duration: 0.0s - IP: 127.0.0.1 - User: Anonymous
2026-03-08 15:23:54,188 | INFO     | app | [OPTIONS] /api/v1/availability/check - Status: 200 - Duration: 0.001s - IP: 127.0.0.1 - User: Anonymous
2026-03-08 15:23:54,189 | INFO     | app | [OPTIONS] /api/v1/availability/check - Status: 200 - Duration: 0.001s - IP: 127.0.0.1 - User: Anonymous
2026-03-08 15:23:54,405 | INFO     | app | [OPTIONS] /api/v1/availability/check - Status: 200 - Duration: 0.001s - IP: 127.0.0.1 - User: Anonymous
2026-03-08 15:23:54,513 | INFO     | app | [OPTIONS] /api/v1/pedidos/calendar - Status: 200 - Duration: 0.0s - IP: 127.0.0.1 - User: Anonymous
2026-03-08 15:23:54,518 | INFO     | app | [OPTIONS] /api/v1/pedidos/calendar - Status: 200 - Duration: 0.0s - IP: 127.0.0.1 - User: Anonymous
2026-03-08 15:23:54,730 | INFO     | app | [GET] /api/v1/pedidos/calendar - Status: 200 - Duration: 0.006s - IP: 127.0.0.1 - User: fedegarcia30@gmail.com
2026-03-08 15:23:54,836 | INFO     | app | [GET] /api/v1/pedidos/calendar - Status: 200 - Duration: 0.008s - IP: 127.0.0.1 - User: fedegarcia30@gmail.com
2026-03-08 15:23:55,162 | INFO     | app | [OPTIONS] /api/v1/pedidos - Status: 200 - Duration: 0.0s - IP: 127.0.0.1 - User: Anonymous
2026-03-08 15:23:55,468 | INFO     | app | [OPTIONS] /api/v1/pedidos - Status: 200 - Duration: 0.0s - IP: 127.0.0.1 - User: Anonymous
2026-03-08 15:23:55,485 | INFO     | app | [GET] /api/v1/pedidos - Status: 200 - Duration: 0.013s - IP: 127.0.0.1 - User: fedegarcia30@gmail.com
2026-03-08 15:23:55,793 | INFO     | app | [GET] /api/v1/pedidos - Status: 200 - Duration: 0.005s - IP: 127.0.0.1 - User: fedegarcia30@gmail.com
2026-03-08 15:26:37,060 | INFO     | app | [OPTIONS] /api/v1/stats/dashboard - Status: 200 - Duration: 0.0s - IP: 127.0.0.1 - User: Anonymous
2026-03-08 15:26:37,061 | INFO     | app | [OPTIONS] /api/v1/stats/dashboard - Status: 200 - Duration: 0.0s - IP: 127.0.0.1 - User: Anonymous
2026-03-08 15:26:37,062 | INFO     | app | [OPTIONS] /api/v1/stats/expenses - Status: 200 - Duration: 0.0s - IP: 127.0.0.1 - User: Anonymous
2026-03-08 15:26:37,063 | INFO     | app | [OPTIONS] /api/v1/stats/expenses - Status: 200 - Duration: 0.0s - IP: 127.0.0.1 - User: Anonymous
2026-03-08 15:26:37,422 | INFO     | app | [GET] /api/v1/stats/expenses - Status: 200 - Duration: 0.052s - IP: 127.0.0.1 - User: fedegarcia30@gmail.com
2026-03-08 15:26:37,433 | INFO     | app | [GET] /api/v1/stats/expenses - Status: 200 - Duration: 0.061s - IP: 127.0.0.1 - User: fedegarcia30@gmail.com
2026-03-08 15:26:37,472 | INFO     | app | [GET] /api/v1/stats/dashboard - Status: 200 - Duration: 0.147s - IP: 127.0.0.1 - User: fedegarcia30@gmail.com
2026-03-08 15:26:37,531 | INFO     | app | [GET] /api/v1/stats/dashboard - Status: 200 - Duration: 0.16s - IP: 127.0.0.1 - User: fedegarcia30@gmail.com
2026-03-08 15:26:38,341 | INFO     | app | [OPTIONS] /api/v1/pedidos/calendar - Status: 200 - Duration: 0.0s - IP: 127.0.0.1 - User: Anonymous
2026-03-08 15:26:38,647 | INFO     | app | [OPTIONS] /api/v1/pedidos/calendar - Status: 200 - Duration: 0.0s - IP: 127.0.0.1 - User: Anonymous
2026-03-08 15:26:38,655 | INFO     | app | [GET] /api/v1/pedidos/calendar - Status: 200 - Duration: 0.006s - IP: 127.0.0.1 - User: fedegarcia30@gmail.com
2026-03-08 15:26:38,965 | INFO     | app | [GET] /api/v1/pedidos/calendar - Status: 200 - Duration: 0.009s - IP: 127.0.0.1 - User: fedegarcia30@gmail.com
2026-03-08 15:26:40,179 | INFO     | app | [OPTIONS] /api/v1/pedidos - Status: 200 - Duration: 0.0s - IP: 127.0.0.1 - User: Anonymous
2026-03-08 15:26:40,181 | INFO     | app | [OPTIONS] /api/v1/pedidos - Status: 200 - Duration: 0.001s - IP: 127.0.0.1 - User: Anonymous
2026-03-08 15:26:40,441 | INFO     | app | [GET] /api/v1/pedidos - Status: 200 - Duration: 0.002s - IP: 127.0.0.1 - User: fedegarcia30@gmail.com
2026-03-08 15:26:40,506 | INFO     | app | [GET] /api/v1/pedidos - Status: 200 - Duration: 0.004s - IP: 127.0.0.1 - User: fedegarcia30@gmail.com
2026-03-08 15:26:43,493 | INFO     | app | [OPTIONS] /api/v1/pedidos - Status: 200 - Duration: 0.0s - IP: 127.0.0.1 - User: Anonymous
2026-03-08 15:26:43,833 | INFO     | app | [GET] /api/v1/pedidos - Status: 200 - Duration: 0.026s - IP: 127.0.0.1 - User: fedegarcia30@gmail.com
2026-03-08 15:26:50,613 | INFO     | app | [OPTIONS] /api/v1/pedidos/calendar - Status: 200 - Duration: 0.0s - IP: 127.0.0.1 - User: Anonymous
2026-03-08 15:26:50,914 | INFO     | app | [OPTIONS] /api/v1/pedidos/calendar - Status: 200 - Duration: 0.0s - IP: 127.0.0.1 - User: Anonymous
2026-03-08 15:26:50,931 | INFO     | app | [GET] /api/v1/pedidos/calendar - Status: 200 - Duration: 0.011s - IP: 127.0.0.1 - User: fedegarcia30@gmail.com
2026-03-08 15:26:51,230 | INFO     | app | [GET] /api/v1/pedidos/calendar - Status: 200 - Duration: 0.007s - IP: 127.0.0.1 - User: fedegarcia30@gmail.com
2026-03-08 15:27:14,904 | INFO     | app | [OPTIONS] /api/v1/availability/check - Status: 200 - Duration: 0.0s - IP: 127.0.0.1 - User: Anonymous
2026-03-08 15:27:14,905 | INFO     | app | [OPTIONS] /api/v1/pedidos - Status: 200 - Duration: 0.0s - IP: 127.0.0.1 - User: Anonymous
2026-03-08 15:27:14,907 | INFO     | app | [OPTIONS] /api/v1/availability/check - Status: 200 - Duration: 0.0s - IP: 127.0.0.1 - User: Anonymous
2026-03-08 15:27:14,911 | INFO     | app | [OPTIONS] /api/v1/pedidos - Status: 200 - Duration: 0.0s - IP: 127.0.0.1 - User: Anonymous
2026-03-08 15:27:15,176 | INFO     | app | [POST] /api/v1/availability/check - Status: 200 - Duration: 0.008s - IP: 127.0.0.1 - User: fedegarcia30@gmail.com
2026-03-08 15:27:15,232 | INFO     | app | [POST] /api/v1/availability/check - Status: 200 - Duration: 0.015s - IP: 127.0.0.1 - User: fedegarcia30@gmail.com
2026-03-08 15:27:15,304 | INFO     | app | [GET] /api/v1/pedidos - Status: 200 - Duration: 0.088s - IP: 127.0.0.1 - User: fedegarcia30@gmail.com
2026-03-08 15:27:15,311 | INFO     | app | [GET] /api/v1/pedidos - Status: 200 - Duration: 0.076s - IP: 127.0.0.1 - User: fedegarcia30@gmail.com
2026-03-08 15:27:22,052 | INFO     | app | [OPTIONS] /api/v1/pedidos - Status: 200 - Duration: 0.0s - IP: 127.0.0.1 - User: Anonymous
2026-03-08 15:27:22,367 | INFO     | app | [OPTIONS] /api/v1/pedidos - Status: 200 - Duration: 0.0s - IP: 127.0.0.1 - User: Anonymous
2026-03-08 15:27:22,384 | INFO     | app | [GET] /api/v1/pedidos - Status: 200 - Duration: 0.013s - IP: 127.0.0.1 - User: fedegarcia30@gmail.com
2026-03-08 15:27:22,685 | INFO     | app | [GET] /api/v1/pedidos - Status: 200 - Duration: 0.008s - IP: 127.0.0.1 - User: fedegarcia30@gmail.com
2026-03-08 15:27:23,860 | INFO     | app | [OPTIONS] /api/v1/availability/check - Status: 200 - Duration: 0.0s - IP: 127.0.0.1 - User: Anonymous
2026-03-08 15:27:23,861 | INFO     | app | [OPTIONS] /api/v1/pedidos - Status: 200 - Duration: 0.0s - IP: 127.0.0.1 - User: Anonymous
2026-03-08 15:27:23,864 | INFO     | app | [OPTIONS] /api/v1/availability/check - Status: 200 - Duration: 0.0s - IP: 127.0.0.1 - User: Anonymous
2026-03-08 15:27:23,865 | INFO     | app | [OPTIONS] /api/v1/pedidos - Status: 200 - Duration: 0.0s - IP: 127.0.0.1 - User: Anonymous
2026-03-08 15:27:24,129 | INFO     | app | [POST] /api/v1/availability/check - Status: 200 - Duration: 0.006s - IP: 127.0.0.1 - User: fedegarcia30@gmail.com
2026-03-08 15:27:24,186 | INFO     | app | [GET] /api/v1/pedidos - Status: 200 - Duration: 0.012s - IP: 127.0.0.1 - User: fedegarcia30@gmail.com
2026-03-08 15:27:24,186 | INFO     | app | [GET] /api/v1/pedidos - Status: 200 - Duration: 0.013s - IP: 127.0.0.1 - User: fedegarcia30@gmail.com
2026-03-08 15:27:24,188 | INFO     | app | [POST] /api/v1/availability/check - Status: 200 - Duration: 0.016s - IP: 127.0.0.1 - User: fedegarcia30@gmail.com
2026-03-08 15:27:25,277 | INFO     | app | [OPTIONS] /api/v1/pedidos - Status: 200 - Duration: 0.0s - IP: 127.0.0.1 - User: Anonymous
2026-03-08 15:27:25,586 | INFO     | app | [OPTIONS] /api/v1/pedidos - Status: 200 - Duration: 0.0s - IP: 127.0.0.1 - User: Anonymous
2026-03-08 15:27:25,593 | INFO     | app | [GET] /api/v1/pedidos - Status: 200 - Duration: 0.005s - IP: 127.0.0.1 - User: fedegarcia30@gmail.com
2026-03-08 15:27:25,896 | INFO     | app | [GET] /api/v1/pedidos - Status: 200 - Duration: 0.004s - IP: 127.0.0.1 - User: fedegarcia30@gmail.com
2026-03-08 15:27:28,503 | INFO     | app | [OPTIONS] /api/v1/pedidos - Status: 200 - Duration: 0.0s - IP: 127.0.0.1 - User: Anonymous
2026-03-08 15:27:28,791 | INFO     | app | [GET] /api/v1/pedidos - Status: 200 - Duration: 0.025s - IP: 127.0.0.1 - User: fedegarcia30@gmail.com
2026-03-08 15:27:50,038 | INFO     | app | [OPTIONS] /api/v1/pedidos - Status: 200 - Duration: 0.001s - IP: 127.0.0.1 - User: Anonymous
2026-03-08 15:27:50,389 | INFO     | app | [GET] /api/v1/pedidos - Status: 200 - Duration: 0.008s - IP: 127.0.0.1 - User: fedegarcia30@gmail.com
2026-03-08 15:27:52,307 | INFO     | app | [OPTIONS] /api/v1/pedidos - Status: 200 - Duration: 0.0s - IP: 127.0.0.1 - User: Anonymous
2026-03-08 15:27:52,654 | INFO     | app | [GET] /api/v1/pedidos - Status: 200 - Duration: 0.036s - IP: 127.0.0.1 - User: fedegarcia30@gmail.com
2026-03-08 15:27:58,573 | INFO     | app | [OPTIONS] /api/v1/pedidos/calendar - Status: 200 - Duration: 0.0s - IP: 127.0.0.1 - User: Anonymous
2026-03-08 15:27:58,878 | INFO     | app | [OPTIONS] /api/v1/pedidos/calendar - Status: 200 - Duration: 0.0s - IP: 127.0.0.1 - User: Anonymous
2026-03-08 15:27:58,889 | INFO     | app | [GET] /api/v1/pedidos/calendar - Status: 200 - Duration: 0.01s - IP: 127.0.0.1 - User: fedegarcia30@gmail.com
2026-03-08 15:27:59,195 | INFO     | app | [GET] /api/v1/pedidos/calendar - Status: 200 - Duration: 0.008s - IP: 127.0.0.1 - User: fedegarcia30@gmail.com
2026-03-08 15:28:13,276 | INFO     | app | [GET] /api/v1/auth/me - Status: 200 - Duration: 0.007s - IP: 192.168.1.1 - User: repartidor@repartidor.com
2026-03-08 15:28:13,315 | INFO     | app | [OPTIONS] /api/v1/availability/check - Status: 200 - Duration: 0.0s - IP: 192.168.1.1 - User: Anonymous
2026-03-08 15:28:13,341 | INFO     | app | [GET] /api/v1/pedidos - Status: 200 - Duration: 0.009s - IP: 192.168.1.1 - User: repartidor@repartidor.com
2026-03-08 15:28:14,421 | INFO     | app | [GET] /api/v1/auth/me - Status: 200 - Duration: 0.007s - IP: 192.168.1.1 - User: repartidor@repartidor.com
2026-03-08 15:28:14,471 | INFO     | app | [OPTIONS] /api/v1/availability/check - Status: 200 - Duration: 0.0s - IP: 192.168.1.1 - User: Anonymous
2026-03-08 15:28:14,494 | INFO     | app | [GET] /api/v1/pedidos - Status: 200 - Duration: 0.011s - IP: 192.168.1.1 - User: repartidor@repartidor.com
2026-03-08 15:28:19,634 | INFO     | app | [GET] /api/v1/stats/expenses - Status: 200 - Duration: 0.019s - IP: 192.168.1.1 - User: fedegarcia30@gmail.com
2026-03-08 15:28:19,636 | INFO     | app | [GET] /api/v1/stats/dashboard - Status: 200 - Duration: 0.089s - IP: 192.168.1.1 - User: fedegarcia30@gmail.com
2026-03-08 15:28:20,653 | INFO     | app | [GET] /api/v1/pedidos - Status: 200 - Duration: 0.005s - IP: 192.168.1.1 - User: fedegarcia30@gmail.com
2026-03-08 15:28:23,318 | INFO     | app | [GET] /api/v1/pedidos - Status: 200 - Duration: 0.029s - IP: 192.168.1.1 - User: fedegarcia30@gmail.com
2026-03-08 15:28:30,415 | INFO     | app | [OPTIONS] /api/v1/pedidos - Status: 200 - Duration: 0.0s - IP: 127.0.0.1 - User: Anonymous
2026-03-08 15:28:30,417 | INFO     | app | [OPTIONS] /api/v1/pedidos - Status: 200 - Duration: 0.0s - IP: 127.0.0.1 - User: Anonymous
2026-03-08 15:28:30,683 | INFO     | app | [GET] /api/v1/pedidos - Status: 200 - Duration: 0.006s - IP: 127.0.0.1 - User: fedegarcia30@gmail.com
2026-03-08 15:28:30,738 | INFO     | app | [GET] /api/v1/pedidos - Status: 200 - Duration: 0.012s - IP: 127.0.0.1 - User: fedegarcia30@gmail.com
2026-03-08 15:28:35,897 | INFO     | app | [GET] /api/v1/pedidos - Status: 200 - Duration: 0.04s - IP: 192.168.1.1 - User: repartidor@repartidor.com
2026-03-08 15:29:03,718 | INFO     | app | [GET] /api/v1/auth/me - Status: 200 - Duration: 0.007s - IP: 192.168.1.1 - User: fedegarcia30@gmail.com
2026-03-08 15:29:03,758 | INFO     | app | [OPTIONS] /api/v1/availability/check - Status: 200 - Duration: 0.0s - IP: 192.168.1.1 - User: Anonymous
2026-03-08 15:29:03,789 | INFO     | app | [GET] /api/v1/pedidos/calendar - Status: 200 - Duration: 0.008s - IP: 192.168.1.1 - User: fedegarcia30@gmail.com
2026-03-08 15:29:08,630 | INFO     | app | [GET] /api/v1/pedidos - Status: 200 - Duration: 0.004s - IP: 192.168.1.1 - User: fedegarcia30@gmail.com
2026-03-08 15:29:11,064 | INFO     | app | [GET] /api/v1/pedidos - Status: 200 - Duration: 0.03s - IP: 192.168.1.1 - User: fedegarcia30@gmail.com
2026-03-08 15:29:13,181 | INFO     | app | [GET] /api/v1/pedidos/calendar - Status: 200 - Duration: 0.004s - IP: 192.168.1.1 - User: fedegarcia30@gmail.com
2026-03-08 15:29:15,634 | INFO     | app | [POST] /api/v1/availability/check - Status: 200 - Duration: 0.01s - IP: 192.168.1.1 - User: fedegarcia30@gmail.com
2026-03-08 15:29:15,635 | INFO     | app | [GET] /api/v1/pedidos - Status: 200 - Duration: 0.01s - IP: 192.168.1.1 - User: fedegarcia30@gmail.com
2026-03-08 15:34:08,115 | INFO     | app | [GET] /api/v1/pedidos - Status: 200 - Duration: 0.006s - IP: 192.168.1.1 - User: fedegarcia30@gmail.com
2026-03-08 15:34:11,006 | INFO     | app | [GET] /api/v1/pedidos - Status: 200 - Duration: 0.039s - IP: 192.168.1.1 - User: fedegarcia30@gmail.com
2026-03-08 15:35:14,604 | INFO     | app | [GET] /api/v1/auth/me - Status: 200 - Duration: 0.003s - IP: 192.168.1.1 - User: fedegarcia30@gmail.com
2026-03-08 15:35:14,670 | INFO     | app | [OPTIONS] /api/v1/availability/check - Status: 200 - Duration: 0.0s - IP: 192.168.1.1 - User: Anonymous
2026-03-08 15:35:14,687 | INFO     | app | [GET] /api/v1/pedidos/calendar - Status: 200 - Duration: 0.004s - IP: 192.168.1.1 - User: fedegarcia30@gmail.com
2026-03-08 15:35:17,694 | INFO     | app | [GET] /api/v1/pedidos - Status: 200 - Duration: 0.005s - IP: 192.168.1.1 - User: fedegarcia30@gmail.com
2026-03-08 15:35:35,813 | INFO     | app | [GET] /api/v1/pedidos - Status: 200 - Duration: 0.03s - IP: 192.168.1.1 - User: fedegarcia30@gmail.com
2026-03-08 15:36:42,836 | INFO     | app | [GET] /api/v1/auth/me - Status: 200 - Duration: 0.003s - IP: 192.168.1.1 - User: fedegarcia30@gmail.com
2026-03-08 15:36:42,936 | INFO     | app | [OPTIONS] /api/v1/availability/check - Status: 200 - Duration: 0.0s - IP: 192.168.1.1 - User: Anonymous
2026-03-08 15:36:42,972 | INFO     | app | [GET] /api/v1/pedidos/calendar - Status: 200 - Duration: 0.005s - IP: 192.168.1.1 - User: fedegarcia30@gmail.com
2026-03-08 15:37:33,193 | INFO     | app | [OPTIONS] /api/v1/auth/me - Status: 200 - Duration: 0.0s - IP: 127.0.0.1 - User: Anonymous
2026-03-08 15:37:33,447 | INFO     | app | [GET] /api/v1/auth/me - Status: 200 - Duration: 0.005s - IP: 127.0.0.1 - User: repartidor@repartidor.com
2026-03-08 15:37:33,509 | INFO     | app | [OPTIONS] /api/v1/pedidos - Status: 200 - Duration: 0.0s - IP: 127.0.0.1 - User: Anonymous
2026-03-08 15:37:33,814 | INFO     | app | [OPTIONS] /api/v1/pedidos - Status: 200 - Duration: 0.0s - IP: 127.0.0.1 - User: Anonymous
2026-03-08 15:37:33,822 | INFO     | app | [GET] /api/v1/pedidos - Status: 200 - Duration: 0.006s - IP: 127.0.0.1 - User: repartidor@repartidor.com
2026-03-08 15:37:34,131 | INFO     | app | [GET] /api/v1/pedidos - Status: 200 - Duration: 0.005s - IP: 127.0.0.1 - User: repartidor@repartidor.com
2026-03-08 15:37:38,240 | INFO     | app | [OPTIONS] /api/v1/pedidos - Status: 200 - Duration: 0.0s - IP: 127.0.0.1 - User: Anonymous
2026-03-08 15:37:38,511 | INFO     | app | [GET] /api/v1/pedidos - Status: 200 - Duration: 0.025s - IP: 127.0.0.1 - User: repartidor@repartidor.com
2026-03-08 15:40:04,351 | INFO     | app | [OPTIONS] /api/v1/pedidos - Status: 200 - Duration: 0.0s - IP: 127.0.0.1 - User: Anonymous
2026-03-08 15:40:04,720 | INFO     | app | [GET] /api/v1/pedidos - Status: 200 - Duration: 0.124s - IP: 127.0.0.1 - User: repartidor@repartidor.com
2026-03-08 15:41:22,632 | INFO     | app | [OPTIONS] /api/v1/pedidos - Status: 200 - Duration: 0.0s - IP: 127.0.0.1 - User: Anonymous
2026-03-08 15:41:22,899 | INFO     | app | [GET] /api/v1/pedidos - Status: 200 - Duration: 0.005s - IP: 127.0.0.1 - User: repartidor@repartidor.com
2026-03-08 15:41:25,071 | INFO     | app | [OPTIONS] /api/v1/pedidos - Status: 200 - Duration: 0.0s - IP: 127.0.0.1 - User: Anonymous
2026-03-08 15:41:25,498 | INFO     | app | [GET] /api/v1/pedidos - Status: 200 - Duration: 0.105s - IP: 127.0.0.1 - User: repartidor@repartidor.com
2026-03-08 15:55:28,426 | INFO     | app | [OPTIONS] /api/v1/pedidos - Status: 200 - Duration: 0.0s - IP: 127.0.0.1 - User: Anonymous
2026-03-08 15:55:28,426 | INFO     | app | [OPTIONS] /api/v1/pedidos - Status: 200 - Duration: 0.0s - IP: 127.0.0.1 - User: Anonymous
2026-03-08 15:55:28,427 | INFO     | app | [OPTIONS] /api/v1/pedidos - Status: 200 - Duration: 0.0s - IP: 127.0.0.1 - User: Anonymous
2026-03-08 15:55:28,428 | INFO     | app | [OPTIONS] /api/v1/pedidos - Status: 200 - Duration: 0.0s - IP: 127.0.0.1 - User: Anonymous
2026-03-08 15:55:28,428 | INFO     | app | [OPTIONS] /api/v1/pedidos - Status: 200 - Duration: 0.0s - IP: 127.0.0.1 - User: Anonymous
2026-03-08 15:55:28,433 | INFO     | app | [OPTIONS] /api/v1/pedidos - Status: 200 - Duration: 0.0s - IP: 127.0.0.1 - User: Anonymous
2026-03-08 15:55:28,749 | INFO     | app | [OPTIONS] /api/v1/pedidos - Status: 200 - Duration: 0.0s - IP: 127.0.0.1 - User: Anonymous
2026-03-08 15:55:28,788 | INFO     | app | [GET] /api/v1/pedidos - Status: 200 - Duration: 0.033s - IP: 127.0.0.1 - User: repartidor@repartidor.com
2026-03-08 15:55:28,791 | INFO     | app | [GET] /api/v1/pedidos - Status: 200 - Duration: 0.041s - IP: 127.0.0.1 - User: repartidor@repartidor.com
2026-03-08 15:55:28,791 | INFO     | app | [GET] /api/v1/pedidos - Status: 200 - Duration: 0.039s - IP: 127.0.0.1 - User: repartidor@repartidor.com
2026-03-08 15:55:28,812 | INFO     | app | [GET] /api/v1/pedidos - Status: 200 - Duration: 0.06s - IP: 127.0.0.1 - User: repartidor@repartidor.com
2026-03-08 15:55:28,937 | INFO     | app | [GET] /api/v1/pedidos - Status: 200 - Duration: 0.187s - IP: 127.0.0.1 - User: repartidor@repartidor.com
2026-03-08 15:55:29,076 | INFO     | app | [GET] /api/v1/pedidos - Status: 200 - Duration: 0.01s - IP: 127.0.0.1 - User: repartidor@repartidor.com
2026-03-08 15:55:29,117 | INFO     | app | [GET] /api/v1/pedidos - Status: 200 - Duration: 0.008s - IP: 127.0.0.1 - User: repartidor@repartidor.com
2026-03-08 15:59:46,544 | INFO     | app | [OPTIONS] /api/v1/pedidos/3524/status - Status: 200 - Duration: 0.0s - IP: 127.0.0.1 - User: Anonymous
2026-03-08 15:59:46,850 | INFO     | app | Pedido #3524 status updated to 'entregado'
2026-03-08 15:59:46,854 | INFO     | app | [PATCH] /api/v1/pedidos/3524/status - Status: 200 - Duration: 0.047s - IP: 127.0.0.1 - User: repartidor@repartidor.com
2026-03-08 15:59:46,862 | INFO     | app | [OPTIONS] /api/v1/pedidos/3523/status - Status: 200 - Duration: 0.0s - IP: 127.0.0.1 - User: Anonymous
2026-03-08 15:59:47,226 | INFO     | app | Pedido #3523 status updated to 'entregado'
2026-03-08 15:59:47,230 | INFO     | app | [PATCH] /api/v1/pedidos/3523/status - Status: 200 - Duration: 0.055s - IP: 127.0.0.1 - User: repartidor@repartidor.com
2026-03-08 15:59:47,439 | INFO     | app | [OPTIONS] /api/v1/pedidos/3522/status - Status: 200 - Duration: 0.0s - IP: 127.0.0.1 - User: Anonymous
2026-03-08 15:59:47,564 | INFO     | app | Pedido #3522 status updated to 'entregado'
2026-03-08 15:59:47,568 | INFO     | app | [PATCH] /api/v1/pedidos/3522/status - Status: 200 - Duration: 0.019s - IP: 127.0.0.1 - User: repartidor@repartidor.com
2026-03-08 15:59:47,750 | INFO     | app | [OPTIONS] /api/v1/pedidos/3521/status - Status: 200 - Duration: 0.0s - IP: 127.0.0.1 - User: Anonymous
2026-03-08 15:59:47,928 | INFO     | app | Pedido #3521 status updated to 'entregado'
2026-03-08 15:59:47,930 | INFO     | app | [PATCH] /api/v1/pedidos/3521/status - Status: 200 - Duration: 0.043s - IP: 127.0.0.1 - User: repartidor@repartidor.com
2026-03-08 15:59:48,059 | INFO     | app | [OPTIONS] /api/v1/pedidos/3520/status - Status: 200 - Duration: 0.0s - IP: 127.0.0.1 - User: Anonymous
2026-03-08 15:59:48,300 | INFO     | app | Pedido #3520 status updated to 'entregado'
2026-03-08 15:59:48,305 | INFO     | app | [PATCH] /api/v1/pedidos/3520/status - Status: 200 - Duration: 0.061s - IP: 127.0.0.1 - User: repartidor@repartidor.com
2026-03-08 15:59:50,277 | INFO     | app | [OPTIONS] /api/v1/pedidos/3524/status - Status: 200 - Duration: 0.0s - IP: 127.0.0.1 - User: Anonymous
2026-03-08 15:59:50,623 | INFO     | app | Pedido #3524 status updated to 'listo'
2026-03-08 15:59:50,627 | INFO     | app | [PATCH] /api/v1/pedidos/3524/status - Status: 200 - Duration: 0.034s - IP: 127.0.0.1 - User: repartidor@repartidor.com
2026-03-08 15:59:50,857 | INFO     | app | [OPTIONS] /api/v1/pedidos/3523/status - Status: 200 - Duration: 0.0s - IP: 127.0.0.1 - User: Anonymous
2026-03-08 15:59:50,961 | INFO     | app | Pedido #3523 status updated to 'listo'
2026-03-08 15:59:50,964 | INFO     | app | [PATCH] /api/v1/pedidos/3523/status - Status: 200 - Duration: 0.015s - IP: 127.0.0.1 - User: repartidor@repartidor.com
2026-03-08 15:59:51,168 | INFO     | app | [OPTIONS] /api/v1/pedidos/3522/status - Status: 200 - Duration: 0.0s - IP: 127.0.0.1 - User: Anonymous
2026-03-08 15:59:51,292 | INFO     | app | Pedido #3522 status updated to 'listo'
2026-03-08 15:59:51,296 | INFO     | app | [PATCH] /api/v1/pedidos/3522/status - Status: 200 - Duration: 0.017s - IP: 127.0.0.1 - User: repartidor@repartidor.com
2026-03-08 15:59:51,478 | INFO     | app | [OPTIONS] /api/v1/pedidos/3521/status - Status: 200 - Duration: 0.0s - IP: 127.0.0.1 - User: Anonymous
2026-03-08 15:59:51,616 | INFO     | app | Pedido #3521 status updated to 'listo'
2026-03-08 15:59:51,619 | INFO     | app | [PATCH] /api/v1/pedidos/3521/status - Status: 200 - Duration: 0.014s - IP: 127.0.0.1 - User: repartidor@repartidor.com
2026-03-08 15:59:51,791 | INFO     | app | [OPTIONS] /api/v1/pedidos/3520/status - Status: 200 - Duration: 0.0s - IP: 127.0.0.1 - User: Anonymous
2026-03-08 15:59:51,990 | INFO     | app | Pedido #3520 status updated to 'listo'
2026-03-08 15:59:51,995 | INFO     | app | [PATCH] /api/v1/pedidos/3520/status - Status: 200 - Duration: 0.064s - IP: 127.0.0.1 - User: repartidor@repartidor.com
2026-03-08 15:59:54,577 | INFO     | app | [OPTIONS] /api/v1/pedidos/3519/status - Status: 200 - Duration: 0.0s - IP: 127.0.0.1 - User: Anonymous
2026-03-08 15:59:54,906 | INFO     | app | Pedido #3519 status updated to 'entregado'
2026-03-08 15:59:54,910 | INFO     | app | [PATCH] /api/v1/pedidos/3519/status - Status: 200 - Duration: 0.017s - IP: 127.0.0.1 - User: repartidor@repartidor.com
2026-03-08 16:00:00,705 | INFO     | app | [OPTIONS] /api/v1/pedidos/3519/status - Status: 200 - Duration: 0.0s - IP: 127.0.0.1 - User: Anonymous
2026-03-08 16:00:01,089 | INFO     | app | Pedido #3519 status updated to 'listo'
2026-03-08 16:00:01,091 | INFO     | app | [PATCH] /api/v1/pedidos/3519/status - Status: 200 - Duration: 0.071s - IP: 127.0.0.1 - User: repartidor@repartidor.com
2026-03-08 16:00:22,870 | INFO     | app | [GET] /api/v1/pedidos - Status: 200 - Duration: 0.065s - IP: 192.168.1.1 - User: repartidor@repartidor.com
2026-03-08 16:06:42,417 | INFO     | app | [OPTIONS] /api/v1/pedidos - Status: 200 - Duration: 0.001s - IP: 127.0.0.1 - User: Anonymous
2026-03-08 16:06:42,418 | INFO     | app | [OPTIONS] /api/v1/pedidos - Status: 200 - Duration: 0.0s - IP: 127.0.0.1 - User: Anonymous
2026-03-08 16:06:42,420 | INFO     | app | [OPTIONS] /api/v1/pedidos - Status: 200 - Duration: 0.0s - IP: 127.0.0.1 - User: Anonymous
2026-03-08 16:06:42,421 | INFO     | app | [OPTIONS] /api/v1/pedidos - Status: 200 - Duration: 0.0s - IP: 127.0.0.1 - User: Anonymous
2026-03-08 16:06:42,422 | INFO     | app | [OPTIONS] /api/v1/pedidos - Status: 200 - Duration: 0.0s - IP: 127.0.0.1 - User: Anonymous
2026-03-08 16:06:42,424 | INFO     | app | [OPTIONS] /api/v1/pedidos - Status: 200 - Duration: 0.001s - IP: 127.0.0.1 - User: Anonymous
2026-03-08 16:06:42,738 | INFO     | app | [OPTIONS] /api/v1/pedidos - Status: 200 - Duration: 0.0s - IP: 127.0.0.1 - User: Anonymous
2026-03-08 16:06:42,761 | INFO     | app | [GET] /api/v1/pedidos - Status: 200 - Duration: 0.021s - IP: 127.0.0.1 - User: repartidor@repartidor.com
2026-03-08 16:06:42,766 | INFO     | app | [GET] /api/v1/pedidos - Status: 200 - Duration: 0.024s - IP: 127.0.0.1 - User: repartidor@repartidor.com
2026-03-08 16:06:42,778 | INFO     | app | [GET] /api/v1/pedidos - Status: 200 - Duration: 0.014s - IP: 127.0.0.1 - User: repartidor@repartidor.com
2026-03-08 16:06:42,796 | INFO     | app | [GET] /api/v1/pedidos - Status: 200 - Duration: 0.037s - IP: 127.0.0.1 - User: repartidor@repartidor.com
2026-03-08 16:06:42,900 | INFO     | app | [GET] /api/v1/pedidos - Status: 200 - Duration: 0.149s - IP: 127.0.0.1 - User: repartidor@repartidor.com
2026-03-08 16:06:43,055 | INFO     | app | [GET] /api/v1/pedidos - Status: 200 - Duration: 0.005s - IP: 127.0.0.1 - User: repartidor@repartidor.com
2026-03-08 16:06:43,091 | INFO     | app | [GET] /api/v1/pedidos - Status: 200 - Duration: 0.011s - IP: 127.0.0.1 - User: repartidor@repartidor.com
2026-03-08 16:09:51,911 | INFO     | app | [OPTIONS] /api/v1/pedidos/3519/status - Status: 200 - Duration: 0.0s - IP: 127.0.0.1 - User: Anonymous
2026-03-08 16:09:52,176 | INFO     | app | Pedido #3519 status updated to 'entregado'
2026-03-08 16:09:52,184 | INFO     | app | [PATCH] /api/v1/pedidos/3519/status - Status: 200 - Duration: 0.025s - IP: 127.0.0.1 - User: repartidor@repartidor.com
2026-03-08 16:11:18,790 | INFO     | app | [OPTIONS] /api/v1/pedidos/3517/status - Status: 200 - Duration: 0.0s - IP: 127.0.0.1 - User: Anonymous
2026-03-08 16:11:19,069 | INFO     | app | Pedido #3517 status updated to 'entregado'
2026-03-08 16:11:19,073 | INFO     | app | [PATCH] /api/v1/pedidos/3517/status - Status: 200 - Duration: 0.02s - IP: 127.0.0.1 - User: repartidor@repartidor.com
2026-03-08 16:11:19,099 | INFO     | app | [OPTIONS] /api/v1/pedidos/3516/status - Status: 200 - Duration: 0.0s - IP: 127.0.0.1 - User: Anonymous
2026-03-08 16:11:19,478 | INFO     | app | Pedido #3516 status updated to 'entregado'
2026-03-08 16:11:19,482 | INFO     | app | [PATCH] /api/v1/pedidos/3516/status - Status: 200 - Duration: 0.086s - IP: 127.0.0.1 - User: repartidor@repartidor.com
2026-03-08 16:11:19,491 | INFO     | app | [OPTIONS] /api/v1/pedidos/3515/status - Status: 200 - Duration: 0.0s - IP: 127.0.0.1 - User: Anonymous
2026-03-08 16:11:19,812 | INFO     | app | Pedido #3515 status updated to 'entregado'
2026-03-08 16:11:19,816 | INFO     | app | [PATCH] /api/v1/pedidos/3515/status - Status: 200 - Duration: 0.018s - IP: 127.0.0.1 - User: repartidor@repartidor.com
2026-03-08 16:11:42,505 | INFO     | app | [OPTIONS] /api/v1/pedidos/2248/status - Status: 200 - Duration: 0.0s - IP: 127.0.0.1 - User: Anonymous
2026-03-08 16:11:42,839 | INFO     | app | Pedido #2248 status updated to 'entregado'
2026-03-08 16:11:42,844 | INFO     | app | [PATCH] /api/v1/pedidos/2248/status - Status: 200 - Duration: 0.021s - IP: 127.0.0.1 - User: repartidor@repartidor.com
2026-03-08 16:22:18,326 | INFO     | app | [OPTIONS] /api/v1/pedidos - Status: 200 - Duration: 0.0s - IP: 127.0.0.1 - User: Anonymous
2026-03-08 16:22:18,326 | INFO     | app | [OPTIONS] /api/v1/pedidos - Status: 200 - Duration: 0.0s - IP: 127.0.0.1 - User: Anonymous
2026-03-08 16:22:18,329 | INFO     | app | [OPTIONS] /api/v1/pedidos - Status: 200 - Duration: 0.0s - IP: 127.0.0.1 - User: Anonymous
2026-03-08 16:22:18,336 | INFO     | app | [OPTIONS] /api/v1/pedidos - Status: 200 - Duration: 0.0s - IP: 127.0.0.1 - User: Anonymous
2026-03-08 16:22:18,337 | INFO     | app | [OPTIONS] /api/v1/pedidos - Status: 200 - Duration: 0.0s - IP: 127.0.0.1 - User: Anonymous
2026-03-08 16:22:18,341 | INFO     | app | [OPTIONS] /api/v1/pedidos - Status: 200 - Duration: 0.0s - IP: 127.0.0.1 - User: Anonymous
2026-03-08 16:22:18,647 | INFO     | app | [OPTIONS] /api/v1/pedidos - Status: 200 - Duration: 0.0s - IP: 127.0.0.1 - User: Anonymous
2026-03-08 16:22:18,648 | INFO     | app | [OPTIONS] /api/v1/pedidos - Status: 200 - Duration: 0.0s - IP: 127.0.0.1 - User: Anonymous
2026-03-08 16:22:18,648 | INFO     | app | [OPTIONS] /api/v1/pedidos - Status: 200 - Duration: 0.0s - IP: 127.0.0.1 - User: Anonymous
2026-03-08 16:22:18,648 | INFO     | app | [OPTIONS] /api/v1/pedidos - Status: 200 - Duration: 0.0s - IP: 127.0.0.1 - User: Anonymous
2026-03-08 16:22:18,649 | INFO     | app | [OPTIONS] /api/v1/pedidos - Status: 200 - Duration: 0.0s - IP: 127.0.0.1 - User: Anonymous
2026-03-08 16:22:18,649 | INFO     | app | [OPTIONS] /api/v1/pedidos - Status: 200 - Duration: 0.0s - IP: 127.0.0.1 - User: Anonymous
2026-03-08 16:22:18,959 | INFO     | app | [OPTIONS] /api/v1/pedidos - Status: 200 - Duration: 0.001s - IP: 127.0.0.1 - User: Anonymous
2026-03-08 16:22:18,960 | INFO     | app | [OPTIONS] /api/v1/pedidos - Status: 200 - Duration: 0.0s - IP: 127.0.0.1 - User: Anonymous
2026-03-08 16:22:18,981 | INFO     | app | [GET] /api/v1/pedidos - Status: 200 - Duration: 0.02s - IP: 127.0.0.1 - User: fedegarcia30@gmail.com
2026-03-08 16:22:18,983 | INFO     | app | [GET] /api/v1/pedidos - Status: 200 - Duration: 0.021s - IP: 127.0.0.1 - User: fedegarcia30@gmail.com
2026-03-08 16:22:18,984 | INFO     | app | [GET] /api/v1/pedidos - Status: 200 - Duration: 0.023s - IP: 127.0.0.1 - User: fedegarcia30@gmail.com
2026-03-08 16:22:18,986 | INFO     | app | [GET] /api/v1/pedidos - Status: 200 - Duration: 0.019s - IP: 127.0.0.1 - User: fedegarcia30@gmail.com
2026-03-08 16:22:19,304 | INFO     | app | [GET] /api/v1/pedidos - Status: 200 - Duration: 0.022s - IP: 127.0.0.1 - User: fedegarcia30@gmail.com
2026-03-08 16:22:19,310 | INFO     | app | [GET] /api/v1/pedidos - Status: 200 - Duration: 0.013s - IP: 127.0.0.1 - User: fedegarcia30@gmail.com
2026-03-08 16:22:19,312 | INFO     | app | [GET] /api/v1/pedidos - Status: 200 - Duration: 0.014s - IP: 127.0.0.1 - User: fedegarcia30@gmail.com
2026-03-08 16:22:19,314 | INFO     | app | [GET] /api/v1/pedidos - Status: 200 - Duration: 0.013s - IP: 127.0.0.1 - User: fedegarcia30@gmail.com
2026-03-08 16:22:19,336 | INFO     | app | [GET] /api/v1/pedidos - Status: 200 - Duration: 0.032s - IP: 127.0.0.1 - User: fedegarcia30@gmail.com
2026-03-08 16:22:19,410 | INFO     | app | [GET] /api/v1/pedidos - Status: 200 - Duration: 0.129s - IP: 127.0.0.1 - User: fedegarcia30@gmail.com
2026-03-08 16:22:19,629 | INFO     | app | [GET] /api/v1/pedidos - Status: 200 - Duration: 0.009s - IP: 127.0.0.1 - User: fedegarcia30@gmail.com
2026-03-08 16:22:19,643 | INFO     | app | [GET] /api/v1/pedidos - Status: 200 - Duration: 0.009s - IP: 127.0.0.1 - User: fedegarcia30@gmail.com
2026-03-08 16:22:19,644 | INFO     | app | [GET] /api/v1/pedidos - Status: 200 - Duration: 0.008s - IP: 127.0.0.1 - User: fedegarcia30@gmail.com
2026-03-08 16:22:19,707 | INFO     | app | [GET] /api/v1/pedidos - Status: 200 - Duration: 0.088s - IP: 127.0.0.1 - User: fedegarcia30@gmail.com
2026-03-08 16:27:09,823 | INFO     | app | [OPTIONS] /api/v1/pedidos - Status: 200 - Duration: 0.001s - IP: 127.0.0.1 - User: Anonymous
2026-03-08 16:27:09,824 | INFO     | app | [OPTIONS] /api/v1/pedidos - Status: 200 - Duration: 0.0s - IP: 127.0.0.1 - User: Anonymous
2026-03-08 16:27:09,826 | INFO     | app | [OPTIONS] /api/v1/pedidos - Status: 200 - Duration: 0.0s - IP: 127.0.0.1 - User: Anonymous
2026-03-08 16:27:09,827 | INFO     | app | [OPTIONS] /api/v1/pedidos - Status: 200 - Duration: 0.0s - IP: 127.0.0.1 - User: Anonymous
2026-03-08 16:27:09,832 | INFO     | app | [OPTIONS] /api/v1/pedidos - Status: 200 - Duration: 0.0s - IP: 127.0.0.1 - User: Anonymous
2026-03-08 16:27:09,835 | INFO     | app | [OPTIONS] /api/v1/pedidos - Status: 200 - Duration: 0.0s - IP: 127.0.0.1 - User: Anonymous
2026-03-08 16:27:10,135 | INFO     | app | [OPTIONS] /api/v1/pedidos - Status: 200 - Duration: 0.0s - IP: 127.0.0.1 - User: Anonymous
2026-03-08 16:27:10,140 | INFO     | app | [OPTIONS] /api/v1/pedidos - Status: 200 - Duration: 0.001s - IP: 127.0.0.1 - User: Anonymous
2026-03-08 16:27:10,183 | INFO     | app | [GET] /api/v1/pedidos - Status: 200 - Duration: 0.034s - IP: 127.0.0.1 - User: fedegarcia30@gmail.com
2026-03-08 16:27:10,186 | INFO     | app | [GET] /api/v1/pedidos - Status: 200 - Duration: 0.043s - IP: 127.0.0.1 - User: fedegarcia30@gmail.com
2026-03-08 16:27:10,186 | INFO     | app | [GET] /api/v1/pedidos - Status: 200 - Duration: 0.026s - IP: 127.0.0.1 - User: fedegarcia30@gmail.com
2026-03-08 16:27:10,411 | INFO     | app | [GET] /api/v1/pedidos - Status: 200 - Duration: 0.241s - IP: 127.0.0.1 - User: fedegarcia30@gmail.com
2026-03-08 16:27:10,440 | INFO     | app | [OPTIONS] /api/v1/pedidos - Status: 200 - Duration: 0.0s - IP: 127.0.0.1 - User: Anonymous
2026-03-08 16:27:10,443 | INFO     | app | [OPTIONS] /api/v1/pedidos - Status: 200 - Duration: 0.0s - IP: 127.0.0.1 - User: Anonymous
2026-03-08 16:27:10,444 | INFO     | app | [OPTIONS] /api/v1/pedidos - Status: 200 - Duration: 0.0s - IP: 127.0.0.1 - User: Anonymous
2026-03-08 16:27:10,445 | INFO     | app | [OPTIONS] /api/v1/pedidos - Status: 200 - Duration: 0.0s - IP: 127.0.0.1 - User: Anonymous
2026-03-08 16:27:10,446 | INFO     | app | [OPTIONS] /api/v1/pedidos - Status: 200 - Duration: 0.001s - IP: 127.0.0.1 - User: Anonymous
2026-03-08 16:27:10,448 | INFO     | app | [OPTIONS] /api/v1/pedidos - Status: 200 - Duration: 0.0s - IP: 127.0.0.1 - User: Anonymous
2026-03-08 16:27:10,523 | INFO     | app | [GET] /api/v1/pedidos - Status: 200 - Duration: 0.037s - IP: 127.0.0.1 - User: fedegarcia30@gmail.com
2026-03-08 16:27:10,533 | INFO     | app | [GET] /api/v1/pedidos - Status: 200 - Duration: 0.029s - IP: 127.0.0.1 - User: fedegarcia30@gmail.com
2026-03-08 16:27:10,571 | INFO     | app | [GET] /api/v1/pedidos - Status: 200 - Duration: 0.109s - IP: 127.0.0.1 - User: fedegarcia30@gmail.com
2026-03-08 16:27:10,992 | INFO     | app | [OPTIONS] /api/v1/pedidos - Status: 200 - Duration: 0.0s - IP: 127.0.0.1 - User: Anonymous
2026-03-08 16:27:10,995 | INFO     | app | [OPTIONS] /api/v1/pedidos - Status: 200 - Duration: 0.0s - IP: 127.0.0.1 - User: Anonymous
2026-03-08 16:27:11,046 | INFO     | app | [GET] /api/v1/pedidos - Status: 200 - Duration: 0.044s - IP: 127.0.0.1 - User: repartidor@repartidor.com
2026-03-08 16:27:11,060 | INFO     | app | [GET] /api/v1/pedidos - Status: 200 - Duration: 0.051s - IP: 127.0.0.1 - User: repartidor@repartidor.com
2026-03-08 16:27:11,123 | INFO     | app | [GET] /api/v1/pedidos - Status: 200 - Duration: 0.09s - IP: 127.0.0.1 - User: repartidor@repartidor.com
2026-03-08 16:27:11,330 | INFO     | app | [GET] /api/v1/pedidos - Status: 200 - Duration: 0.021s - IP: 127.0.0.1 - User: repartidor@repartidor.com
2026-03-08 16:27:11,347 | INFO     | app | [GET] /api/v1/pedidos - Status: 200 - Duration: 0.021s - IP: 127.0.0.1 - User: repartidor@repartidor.com
2026-03-08 16:27:11,386 | INFO     | app | [GET] /api/v1/pedidos - Status: 200 - Duration: 0.016s - IP: 127.0.0.1 - User: repartidor@repartidor.com
2026-03-08 16:27:11,483 | INFO     | app | [GET] /api/v1/pedidos - Status: 200 - Duration: 0.465s - IP: 127.0.0.1 - User: repartidor@repartidor.com
2026-03-08 16:27:37,744 | INFO     | app | [GET] /api/v1/pedidos - Status: 200 - Duration: 27.231s - IP: 127.0.0.1 - User: fedegarcia30@gmail.com
2026-03-08 16:27:38,181 | INFO     | app | [GET] /api/v1/pedidos - Status: 200 - Duration: 26.796s - IP: 127.0.0.1 - User: repartidor@repartidor.com
2026-03-08 16:43:40,222 | INFO     | app | [OPTIONS] /api/v1/stats/dashboard - Status: 200 - Duration: 0.0s - IP: 127.0.0.1 - User: Anonymous
2026-03-08 16:43:40,224 | INFO     | app | [OPTIONS] /api/v1/stats/expenses - Status: 200 - Duration: 0.0s - IP: 127.0.0.1 - User: Anonymous
2026-03-08 16:43:40,224 | INFO     | app | [OPTIONS] /api/v1/stats/dashboard - Status: 200 - Duration: 0.0s - IP: 127.0.0.1 - User: Anonymous
2026-03-08 16:43:40,226 | INFO     | app | [OPTIONS] /api/v1/stats/expenses - Status: 200 - Duration: 0.0s - IP: 127.0.0.1 - User: Anonymous
2026-03-08 16:43:40,593 | INFO     | app | [OPTIONS] /api/v1/pedidos - Status: 200 - Duration: 0.0s - IP: 127.0.0.1 - User: Anonymous
2026-03-08 16:43:40,634 | INFO     | app | [GET] /api/v1/stats/expenses - Status: 200 - Duration: 0.102s - IP: 127.0.0.1 - User: fedegarcia30@gmail.com
2026-03-08 16:43:40,643 | INFO     | app | [GET] /api/v1/stats/expenses - Status: 200 - Duration: 0.092s - IP: 127.0.0.1 - User: fedegarcia30@gmail.com
2026-03-08 16:43:40,717 | INFO     | app | [GET] /api/v1/stats/dashboard - Status: 200 - Duration: 0.231s - IP: 127.0.0.1 - User: fedegarcia30@gmail.com
2026-03-08 16:43:40,763 | INFO     | app | [GET] /api/v1/stats/dashboard - Status: 200 - Duration: 0.228s - IP: 127.0.0.1 - User: fedegarcia30@gmail.com
2026-03-08 16:43:40,903 | INFO     | app | [OPTIONS] /api/v1/pedidos - Status: 200 - Duration: 0.0s - IP: 127.0.0.1 - User: Anonymous
2026-03-08 16:43:40,907 | INFO     | app | [OPTIONS] /api/v1/pedidos - Status: 200 - Duration: 0.0s - IP: 127.0.0.1 - User: Anonymous
2026-03-08 16:43:40,950 | INFO     | app | [OPTIONS] /api/v1/pedidos - Status: 200 - Duration: 0.0s - IP: 127.0.0.1 - User: Anonymous
2026-03-08 16:43:40,965 | INFO     | app | [OPTIONS] /api/v1/pedidos - Status: 200 - Duration: 0.0s - IP: 127.0.0.1 - User: Anonymous
2026-03-08 16:43:41,028 | INFO     | app | [OPTIONS] /api/v1/pedidos - Status: 200 - Duration: 0.0s - IP: 127.0.0.1 - User: Anonymous
2026-03-08 16:43:41,076 | INFO     | app | [OPTIONS] /api/v1/pedidos - Status: 200 - Duration: 0.0s - IP: 127.0.0.1 - User: Anonymous
2026-03-08 16:43:41,215 | INFO     | app | [OPTIONS] /api/v1/pedidos - Status: 200 - Duration: 0.0s - IP: 127.0.0.1 - User: Anonymous
2026-03-08 16:43:41,217 | INFO     | app | [OPTIONS] /api/v1/pedidos - Status: 200 - Duration: 0.0s - IP: 127.0.0.1 - User: Anonymous
2026-03-08 16:43:41,262 | INFO     | app | [OPTIONS] /api/v1/pedidos - Status: 200 - Duration: 0.0s - IP: 127.0.0.1 - User: Anonymous
2026-03-08 16:43:41,269 | INFO     | app | [OPTIONS] /api/v1/pedidos - Status: 200 - Duration: 0.0s - IP: 127.0.0.1 - User: Anonymous
2026-03-08 16:43:41,340 | INFO     | app | [OPTIONS] /api/v1/pedidos - Status: 200 - Duration: 0.0s - IP: 127.0.0.1 - User: Anonymous
2026-03-08 16:43:41,388 | INFO     | app | [OPTIONS] /api/v1/pedidos - Status: 200 - Duration: 0.001s - IP: 127.0.0.1 - User: Anonymous
2026-03-08 16:43:41,526 | INFO     | app | [OPTIONS] /api/v1/pedidos - Status: 200 - Duration: 0.0s - IP: 127.0.0.1 - User: Anonymous
2026-03-08 16:43:41,528 | INFO     | app | [OPTIONS] /api/v1/pedidos - Status: 200 - Duration: 0.0s - IP: 127.0.0.1 - User: Anonymous
2026-03-08 16:43:41,572 | INFO     | app | [OPTIONS] /api/v1/pedidos - Status: 200 - Duration: 0.0s - IP: 127.0.0.1 - User: Anonymous
2026-03-08 16:43:41,580 | INFO     | app | [GET] /api/v1/pedidos - Status: 200 - Duration: 0.004s - IP: 127.0.0.1 - User: fedegarcia30@gmail.com
2026-03-08 16:43:41,653 | INFO     | app | [GET] /api/v1/pedidos - Status: 200 - Duration: 0.004s - IP: 127.0.0.1 - User: fedegarcia30@gmail.com
2026-03-08 16:43:41,700 | INFO     | app | [GET] /api/v1/pedidos - Status: 200 - Duration: 0.004s - IP: 127.0.0.1 - User: fedegarcia30@gmail.com
2026-03-08 16:43:41,854 | INFO     | app | [GET] /api/v1/pedidos - Status: 200 - Duration: 0.016s - IP: 127.0.0.1 - User: fedegarcia30@gmail.com
2026-03-08 16:43:41,892 | INFO     | app | [GET] /api/v1/pedidos - Status: 200 - Duration: 0.008s - IP: 127.0.0.1 - User: fedegarcia30@gmail.com
2026-03-08 16:43:41,893 | INFO     | app | [GET] /api/v1/pedidos - Status: 200 - Duration: 0.008s - IP: 127.0.0.1 - User: fedegarcia30@gmail.com
2026-03-08 16:43:41,934 | INFO     | app | [GET] /api/v1/pedidos - Status: 200 - Duration: 0.097s - IP: 127.0.0.1 - User: fedegarcia30@gmail.com
2026-03-08 16:43:42,055 | INFO     | app | [GET] /api/v1/pedidos - Status: 200 - Duration: 0.006s - IP: 127.0.0.1 - User: fedegarcia30@gmail.com
2026-03-08 16:43:42,167 | INFO     | app | [GET] /api/v1/pedidos - Status: 200 - Duration: 0.006s - IP: 127.0.0.1 - User: fedegarcia30@gmail.com
2026-03-08 16:43:42,211 | INFO     | app | [GET] /api/v1/pedidos - Status: 200 - Duration: 0.009s - IP: 127.0.0.1 - User: fedegarcia30@gmail.com
2026-03-08 16:43:42,258 | INFO     | app | [GET] /api/v1/pedidos - Status: 200 - Duration: 0.02s - IP: 127.0.0.1 - User: fedegarcia30@gmail.com
2026-03-08 16:43:42,348 | INFO     | app | [GET] /api/v1/pedidos - Status: 200 - Duration: 0.144s - IP: 127.0.0.1 - User: fedegarcia30@gmail.com
2026-03-08 16:43:42,368 | INFO     | app | [GET] /api/v1/pedidos - Status: 200 - Duration: 0.007s - IP: 127.0.0.1 - User: fedegarcia30@gmail.com
2026-03-08 16:43:42,480 | INFO     | app | [GET] /api/v1/pedidos - Status: 200 - Duration: 0.008s - IP: 127.0.0.1 - User: fedegarcia30@gmail.com
2026-03-08 16:43:56,861 | INFO     | app | [GET] /api/v1/pedidos - Status: 200 - Duration: 14.901s - IP: 127.0.0.1 - User: fedegarcia30@gmail.com
2026-03-08 16:43:57,537 | INFO     | app | [GET] /api/v1/pedidos - Status: 200 - Duration: 15.019s - IP: 127.0.0.1 - User: fedegarcia30@gmail.com
2026-03-08 16:45:09,929 | INFO     | app | [OPTIONS] /api/v1/pedidos/3515 - Status: 200 - Duration: 0.0s - IP: 127.0.0.1 - User: Anonymous
2026-03-08 16:45:10,184 | INFO     | app | Pedido #3515 properties updated successfully
2026-03-08 16:45:10,188 | INFO     | app | [PATCH] /api/v1/pedidos/3515 - Status: 200 - Duration: 0.011s - IP: 127.0.0.1 - User: fedegarcia30@gmail.com
2026-03-08 16:45:10,240 | INFO     | app | [OPTIONS] /api/v1/pedidos/3516 - Status: 200 - Duration: 0.0s - IP: 127.0.0.1 - User: Anonymous
2026-03-08 16:45:10,509 | INFO     | app | Pedido #3516 properties updated successfully
2026-03-08 16:45:10,512 | INFO     | app | [PATCH] /api/v1/pedidos/3516 - Status: 200 - Duration: 0.009s - IP: 127.0.0.1 - User: fedegarcia30@gmail.com
2026-03-08 16:45:10,550 | INFO     | app | [OPTIONS] /api/v1/pedidos/3517 - Status: 200 - Duration: 0.0s - IP: 127.0.0.1 - User: Anonymous
2026-03-08 16:45:10,834 | INFO     | app | Pedido #3517 properties updated successfully
2026-03-08 16:45:10,837 | INFO     | app | [PATCH] /api/v1/pedidos/3517 - Status: 200 - Duration: 0.011s - IP: 127.0.0.1 - User: fedegarcia30@gmail.com
2026-03-08 16:45:37,646 | INFO     | app | [OPTIONS] /api/v1/stats/dashboard - Status: 200 - Duration: 0.0s - IP: 127.0.0.1 - User: Anonymous
2026-03-08 16:45:37,956 | INFO     | app | [OPTIONS] /api/v1/stats/expenses - Status: 200 - Duration: 0.0s - IP: 127.0.0.1 - User: Anonymous
2026-03-08 16:45:37,957 | INFO     | app | [OPTIONS] /api/v1/stats/dashboard - Status: 200 - Duration: 0.0s - IP: 127.0.0.1 - User: Anonymous
2026-03-08 16:45:37,958 | INFO     | app | [OPTIONS] /api/v1/stats/expenses - Status: 200 - Duration: 0.0s - IP: 127.0.0.1 - User: Anonymous
2026-03-08 16:45:38,105 | INFO     | app | [GET] /api/v1/stats/dashboard - Status: 200 - Duration: 0.144s - IP: 127.0.0.1 - User: fedegarcia30@gmail.com
2026-03-08 16:45:38,305 | INFO     | app | [GET] /api/v1/stats/expenses - Status: 200 - Duration: 0.038s - IP: 127.0.0.1 - User: fedegarcia30@gmail.com
2026-03-08 16:45:38,307 | INFO     | app | [GET] /api/v1/stats/expenses - Status: 200 - Duration: 0.039s - IP: 127.0.0.1 - User: fedegarcia30@gmail.com
2026-03-08 16:45:38,411 | INFO     | app | [GET] /api/v1/stats/dashboard - Status: 200 - Duration: 0.143s - IP: 127.0.0.1 - User: fedegarcia30@gmail.com
2026-03-08 16:45:39,170 | INFO     | app | [OPTIONS] /api/v1/pedidos - Status: 200 - Duration: 0.0s - IP: 127.0.0.1 - User: Anonymous
2026-03-08 16:45:39,170 | INFO     | app | [OPTIONS] /api/v1/pedidos - Status: 200 - Duration: 0.0s - IP: 127.0.0.1 - User: Anonymous
2026-03-08 16:45:39,170 | INFO     | app | [OPTIONS] /api/v1/pedidos - Status: 200 - Duration: 0.0s - IP: 127.0.0.1 - User: Anonymous
2026-03-08 16:45:39,172 | INFO     | app | [OPTIONS] /api/v1/pedidos - Status: 200 - Duration: 0.001s - IP: 127.0.0.1 - User: Anonymous
2026-03-08 16:45:39,172 | INFO     | app | [OPTIONS] /api/v1/pedidos - Status: 200 - Duration: 0.0s - IP: 127.0.0.1 - User: Anonymous
2026-03-08 16:45:39,172 | INFO     | app | [OPTIONS] /api/v1/pedidos - Status: 200 - Duration: 0.0s - IP: 127.0.0.1 - User: Anonymous
2026-03-08 16:45:39,481 | INFO     | app | [OPTIONS] /api/v1/pedidos - Status: 200 - Duration: 0.0s - IP: 127.0.0.1 - User: Anonymous
2026-03-08 16:45:39,482 | INFO     | app | [OPTIONS] /api/v1/pedidos - Status: 200 - Duration: 0.002s - IP: 127.0.0.1 - User: Anonymous
2026-03-08 16:45:39,483 | INFO     | app | [OPTIONS] /api/v1/pedidos - Status: 200 - Duration: 0.0s - IP: 127.0.0.1 - User: Anonymous
2026-03-08 16:45:39,484 | INFO     | app | [OPTIONS] /api/v1/pedidos - Status: 200 - Duration: 0.0s - IP: 127.0.0.1 - User: Anonymous
2026-03-08 16:45:39,486 | INFO     | app | [OPTIONS] /api/v1/pedidos - Status: 200 - Duration: 0.0s - IP: 127.0.0.1 - User: Anonymous
2026-03-08 16:45:39,487 | INFO     | app | [OPTIONS] /api/v1/pedidos - Status: 200 - Duration: 0.0s - IP: 127.0.0.1 - User: Anonymous
2026-03-08 16:45:39,807 | INFO     | app | [OPTIONS] /api/v1/pedidos - Status: 200 - Duration: 0.0s - IP: 127.0.0.1 - User: Anonymous
2026-03-08 16:45:39,808 | INFO     | app | [OPTIONS] /api/v1/pedidos - Status: 200 - Duration: 0.001s - IP: 127.0.0.1 - User: Anonymous
2026-03-08 16:45:39,808 | INFO     | app | [OPTIONS] /api/v1/pedidos - Status: 200 - Duration: 0.0s - IP: 127.0.0.1 - User: Anonymous
2026-03-08 16:45:39,810 | INFO     | app | [OPTIONS] /api/v1/pedidos - Status: 200 - Duration: 0.0s - IP: 127.0.0.1 - User: Anonymous
2026-03-08 16:45:39,826 | INFO     | app | [GET] /api/v1/pedidos - Status: 200 - Duration: 0.015s - IP: 127.0.0.1 - User: fedegarcia30@gmail.com
2026-03-08 16:45:39,828 | INFO     | app | [GET] /api/v1/pedidos - Status: 200 - Duration: 0.02s - IP: 127.0.0.1 - User: fedegarcia30@gmail.com
2026-03-08 16:45:40,146 | INFO     | app | [GET] /api/v1/pedidos - Status: 200 - Duration: 0.016s - IP: 127.0.0.1 - User: fedegarcia30@gmail.com
2026-03-08 16:45:40,154 | INFO     | app | [GET] /api/v1/pedidos - Status: 200 - Duration: 0.019s - IP: 127.0.0.1 - User: fedegarcia30@gmail.com
2026-03-08 16:45:40,178 | INFO     | app | [GET] /api/v1/pedidos - Status: 200 - Duration: 0.047s - IP: 127.0.0.1 - User: fedegarcia30@gmail.com
2026-03-08 16:45:40,186 | INFO     | app | [GET] /api/v1/pedidos - Status: 200 - Duration: 0.033s - IP: 127.0.0.1 - User: fedegarcia30@gmail.com
2026-03-08 16:45:40,383 | INFO     | app | [GET] /api/v1/pedidos - Status: 200 - Duration: 0.255s - IP: 127.0.0.1 - User: fedegarcia30@gmail.com
2026-03-08 16:45:40,483 | INFO     | app | [GET] /api/v1/pedidos - Status: 200 - Duration: 0.013s - IP: 127.0.0.1 - User: fedegarcia30@gmail.com
2026-03-08 16:45:40,484 | INFO     | app | [GET] /api/v1/pedidos - Status: 200 - Duration: 0.011s - IP: 127.0.0.1 - User: fedegarcia30@gmail.com
2026-03-08 16:45:40,521 | INFO     | app | [GET] /api/v1/pedidos - Status: 200 - Duration: 0.019s - IP: 127.0.0.1 - User: fedegarcia30@gmail.com
2026-03-08 16:45:40,725 | INFO     | app | [GET] /api/v1/pedidos - Status: 200 - Duration: 0.236s - IP: 127.0.0.1 - User: fedegarcia30@gmail.com
2026-03-08 16:45:40,739 | INFO     | app | [GET] /api/v1/pedidos - Status: 200 - Duration: 0.037s - IP: 127.0.0.1 - User: fedegarcia30@gmail.com
2026-03-08 16:45:40,804 | INFO     | app | [GET] /api/v1/pedidos - Status: 200 - Duration: 0.011s - IP: 127.0.0.1 - User: fedegarcia30@gmail.com
2026-03-08 16:45:40,851 | INFO     | app | [GET] /api/v1/pedidos - Status: 200 - Duration: 0.01s - IP: 127.0.0.1 - User: fedegarcia30@gmail.com
2026-03-08 16:45:59,564 | INFO     | app | [GET] /api/v1/pedidos - Status: 200 - Duration: 19.419s - IP: 127.0.0.1 - User: fedegarcia30@gmail.com
2026-03-08 16:46:00,322 | INFO     | app | [GET] /api/v1/pedidos - Status: 200 - Duration: 19.527s - IP: 127.0.0.1 - User: fedegarcia30@gmail.com
2026-03-08 16:46:09,286 | INFO     | app | [OPTIONS] /api/v1/pedidos - Status: 200 - Duration: 0.002s - IP: 127.0.0.1 - User: Anonymous
2026-03-08 16:46:09,286 | INFO     | app | [OPTIONS] /api/v1/pedidos - Status: 200 - Duration: 0.0s - IP: 127.0.0.1 - User: Anonymous
2026-03-08 16:46:09,287 | INFO     | app | [OPTIONS] /api/v1/pedidos - Status: 200 - Duration: 0.0s - IP: 127.0.0.1 - User: Anonymous
2026-03-08 16:46:09,290 | INFO     | app | [OPTIONS] /api/v1/pedidos - Status: 200 - Duration: 0.0s - IP: 127.0.0.1 - User: Anonymous
2026-03-08 16:46:09,295 | INFO     | app | [OPTIONS] /api/v1/pedidos - Status: 200 - Duration: 0.001s - IP: 127.0.0.1 - User: Anonymous
2026-03-08 16:46:09,302 | INFO     | app | [OPTIONS] /api/v1/pedidos - Status: 200 - Duration: 0.0s - IP: 127.0.0.1 - User: Anonymous
2026-03-08 16:46:09,609 | INFO     | app | [OPTIONS] /api/v1/pedidos - Status: 200 - Duration: 0.0s - IP: 127.0.0.1 - User: Anonymous
2026-03-08 16:46:09,634 | INFO     | app | [GET] /api/v1/pedidos - Status: 200 - Duration: 0.023s - IP: 127.0.0.1 - User: fedegarcia30@gmail.com
2026-03-08 16:46:09,636 | INFO     | app | [GET] /api/v1/pedidos - Status: 200 - Duration: 0.023s - IP: 127.0.0.1 - User: fedegarcia30@gmail.com
2026-03-08 16:46:09,637 | INFO     | app | [GET] /api/v1/pedidos - Status: 200 - Duration: 0.026s - IP: 127.0.0.1 - User: fedegarcia30@gmail.com
2026-03-08 16:46:09,665 | INFO     | app | [GET] /api/v1/pedidos - Status: 200 - Duration: 0.05s - IP: 127.0.0.1 - User: fedegarcia30@gmail.com
2026-03-08 16:46:09,800 | INFO     | app | [GET] /api/v1/pedidos - Status: 200 - Duration: 0.185s - IP: 127.0.0.1 - User: fedegarcia30@gmail.com
2026-03-08 16:46:09,934 | INFO     | app | [GET] /api/v1/pedidos - Status: 200 - Duration: 0.005s - IP: 127.0.0.1 - User: fedegarcia30@gmail.com
2026-03-08 16:46:09,950 | INFO     | app | [GET] /api/v1/pedidos - Status: 200 - Duration: 0.004s - IP: 127.0.0.1 - User: fedegarcia30@gmail.com
2026-03-08 16:46:10,844 | INFO     | app | [OPTIONS] /api/v1/pedidos - Status: 200 - Duration: 0.0s - IP: 127.0.0.1 - User: Anonymous
2026-03-08 16:46:10,845 | INFO     | app | [OPTIONS] /api/v1/pedidos - Status: 200 - Duration: 0.0s - IP: 127.0.0.1 - User: Anonymous
2026-03-08 16:46:10,846 | INFO     | app | [OPTIONS] /api/v1/pedidos - Status: 200 - Duration: 0.0s - IP: 127.0.0.1 - User: Anonymous
2026-03-08 16:46:10,848 | INFO     | app | [OPTIONS] /api/v1/pedidos - Status: 200 - Duration: 0.0s - IP: 127.0.0.1 - User: Anonymous
2026-03-08 16:46:10,853 | INFO     | app | [OPTIONS] /api/v1/pedidos - Status: 200 - Duration: 0.0s - IP: 127.0.0.1 - User: Anonymous
2026-03-08 16:46:10,860 | INFO     | app | [OPTIONS] /api/v1/pedidos - Status: 200 - Duration: 0.0s - IP: 127.0.0.1 - User: Anonymous
2026-03-08 16:46:11,167 | INFO     | app | [OPTIONS] /api/v1/pedidos - Status: 200 - Duration: 0.0s - IP: 127.0.0.1 - User: Anonymous
2026-03-08 16:46:11,185 | INFO     | app | [GET] /api/v1/pedidos - Status: 200 - Duration: 0.016s - IP: 127.0.0.1 - User: repartidor@repartidor.com
2026-03-08 16:46:11,185 | INFO     | app | [GET] /api/v1/pedidos - Status: 200 - Duration: 0.014s - IP: 127.0.0.1 - User: repartidor@repartidor.com
2026-03-08 16:46:11,186 | INFO     | app | [GET] /api/v1/pedidos - Status: 200 - Duration: 0.018s - IP: 127.0.0.1 - User: repartidor@repartidor.com
2026-03-08 16:46:11,190 | INFO     | app | [GET] /api/v1/pedidos - Status: 200 - Duration: 0.017s - IP: 127.0.0.1 - User: repartidor@repartidor.com
2026-03-08 16:46:11,207 | INFO     | app | [GET] /api/v1/pedidos - Status: 200 - Duration: 0.015s - IP: 127.0.0.1 - User: repartidor@repartidor.com
2026-03-08 16:46:11,522 | INFO     | app | [GET] /api/v1/pedidos - Status: 200 - Duration: 0.027s - IP: 127.0.0.1 - User: repartidor@repartidor.com
2026-03-08 16:46:11,643 | INFO     | app | [GET] /api/v1/pedidos - Status: 200 - Duration: 0.149s - IP: 127.0.0.1 - User: repartidor@repartidor.com
2026-03-08 16:46:41,000 | INFO     | app | [OPTIONS] /api/v1/pedidos - Status: 200 - Duration: 0.0s - IP: 127.0.0.1 - User: Anonymous
2026-03-08 16:46:41,000 | INFO     | app | [OPTIONS] /api/v1/pedidos - Status: 200 - Duration: 0.0s - IP: 127.0.0.1 - User: Anonymous
2026-03-08 16:46:41,002 | INFO     | app | [OPTIONS] /api/v1/pedidos - Status: 200 - Duration: 0.0s - IP: 127.0.0.1 - User: Anonymous
2026-03-08 16:46:41,002 | INFO     | app | [OPTIONS] /api/v1/pedidos - Status: 200 - Duration: 0.0s - IP: 127.0.0.1 - User: Anonymous
2026-03-08 16:46:41,004 | INFO     | app | [OPTIONS] /api/v1/pedidos - Status: 200 - Duration: 0.001s - IP: 127.0.0.1 - User: Anonymous
2026-03-08 16:46:41,005 | INFO     | app | [OPTIONS] /api/v1/pedidos - Status: 200 - Duration: 0.0s - IP: 127.0.0.1 - User: Anonymous
2026-03-08 16:46:41,132 | INFO     | app | [OPTIONS] /api/v1/pedidos - Status: 200 - Duration: 0.0s - IP: 127.0.0.1 - User: Anonymous
2026-03-08 16:46:41,322 | INFO     | app | [OPTIONS] /api/v1/pedidos - Status: 200 - Duration: 0.0s - IP: 127.0.0.1 - User: Anonymous
2026-03-08 16:46:41,326 | INFO     | app | [OPTIONS] /api/v1/pedidos - Status: 200 - Duration: 0.0s - IP: 127.0.0.1 - User: Anonymous
2026-03-08 16:46:41,344 | INFO     | app | [GET] /api/v1/pedidos - Status: 200 - Duration: 0.021s - IP: 127.0.0.1 - User: fedegarcia30@gmail.com
2026-03-08 16:46:41,347 | INFO     | app | [GET] /api/v1/pedidos - Status: 200 - Duration: 0.025s - IP: 127.0.0.1 - User: fedegarcia30@gmail.com
2026-03-08 16:46:41,350 | INFO     | app | [GET] /api/v1/pedidos - Status: 200 - Duration: 0.025s - IP: 127.0.0.1 - User: fedegarcia30@gmail.com
2026-03-08 16:46:41,444 | INFO     | app | [OPTIONS] /api/v1/pedidos - Status: 200 - Duration: 0.0s - IP: 127.0.0.1 - User: Anonymous
2026-03-08 16:46:41,445 | INFO     | app | [OPTIONS] /api/v1/pedidos - Status: 200 - Duration: 0.0s - IP: 127.0.0.1 - User: Anonymous
2026-03-08 16:46:41,445 | INFO     | app | [OPTIONS] /api/v1/pedidos - Status: 200 - Duration: 0.0s - IP: 127.0.0.1 - User: Anonymous
2026-03-08 16:46:41,448 | INFO     | app | [OPTIONS] /api/v1/pedidos - Status: 200 - Duration: 0.0s - IP: 127.0.0.1 - User: Anonymous
2026-03-08 16:46:41,452 | INFO     | app | [OPTIONS] /api/v1/pedidos - Status: 200 - Duration: 0.0s - IP: 127.0.0.1 - User: Anonymous
2026-03-08 16:46:41,456 | INFO     | app | [OPTIONS] /api/v1/pedidos - Status: 200 - Duration: 0.0s - IP: 127.0.0.1 - User: Anonymous
2026-03-08 16:46:41,482 | INFO     | app | [GET] /api/v1/pedidos - Status: 200 - Duration: 0.157s - IP: 127.0.0.1 - User: fedegarcia30@gmail.com
2026-03-08 16:46:41,654 | INFO     | app | [GET] /api/v1/pedidos - Status: 200 - Duration: 0.011s - IP: 127.0.0.1 - User: fedegarcia30@gmail.com
2026-03-08 16:46:41,674 | INFO     | app | [GET] /api/v1/pedidos - Status: 200 - Duration: 0.017s - IP: 127.0.0.1 - User: fedegarcia30@gmail.com
2026-03-08 16:46:41,681 | INFO     | app | [GET] /api/v1/pedidos - Status: 200 - Duration: 0.038s - IP: 127.0.0.1 - User: fedegarcia30@gmail.com
2026-03-08 16:46:41,770 | INFO     | app | [OPTIONS] /api/v1/pedidos - Status: 200 - Duration: 0.0s - IP: 127.0.0.1 - User: Anonymous
2026-03-08 16:46:41,798 | INFO     | app | [GET] /api/v1/pedidos - Status: 200 - Duration: 0.029s - IP: 127.0.0.1 - User: repartidor@repartidor.com
2026-03-08 16:46:41,803 | INFO     | app | [GET] /api/v1/pedidos - Status: 200 - Duration: 0.031s - IP: 127.0.0.1 - User: repartidor@repartidor.com
2026-03-08 16:46:41,817 | INFO     | app | [GET] /api/v1/pedidos - Status: 200 - Duration: 0.033s - IP: 127.0.0.1 - User: repartidor@repartidor.com
2026-03-08 16:46:41,850 | INFO     | app | [GET] /api/v1/pedidos - Status: 200 - Duration: 0.05s - IP: 127.0.0.1 - User: repartidor@repartidor.com
2026-03-08 16:46:42,021 | INFO     | app | [GET] /api/v1/pedidos - Status: 200 - Duration: 0.25s - IP: 127.0.0.1 - User: repartidor@repartidor.com
2026-03-08 16:46:42,098 | INFO     | app | [GET] /api/v1/pedidos - Status: 200 - Duration: 0.008s - IP: 127.0.0.1 - User: repartidor@repartidor.com
2026-03-08 16:46:42,132 | INFO     | app | [GET] /api/v1/pedidos - Status: 200 - Duration: 0.01s - IP: 127.0.0.1 - User: repartidor@repartidor.com
2026-03-08 16:46:58,996 | INFO     | app | [GET] /api/v1/pedidos - Status: 200 - Duration: 17.331s - IP: 127.0.0.1 - User: fedegarcia30@gmail.com
2026-03-08 16:46:59,453 | INFO     | app | [GET] /api/v1/pedidos - Status: 200 - Duration: 17.331s - IP: 127.0.0.1 - User: repartidor@repartidor.com
2026-03-08 16:47:06,605 | INFO     | app | [OPTIONS] /api/v1/pedidos/3515 - Status: 200 - Duration: 0.0s - IP: 127.0.0.1 - User: Anonymous
2026-03-08 16:47:06,873 | INFO     | app | Pedido #3515 properties updated successfully
2026-03-08 16:47:06,876 | INFO     | app | [PATCH] /api/v1/pedidos/3515 - Status: 200 - Duration: 0.009s - IP: 127.0.0.1 - User: fedegarcia30@gmail.com
2026-03-08 16:47:06,914 | INFO     | app | [OPTIONS] /api/v1/pedidos/3516 - Status: 200 - Duration: 0.0s - IP: 127.0.0.1 - User: Anonymous
2026-03-08 16:47:07,202 | INFO     | app | Pedido #3516 properties updated successfully
2026-03-08 16:47:07,206 | INFO     | app | [PATCH] /api/v1/pedidos/3516 - Status: 200 - Duration: 0.012s - IP: 127.0.0.1 - User: fedegarcia30@gmail.com
2026-03-08 16:47:07,272 | INFO     | app | [OPTIONS] /api/v1/pedidos/3517 - Status: 200 - Duration: 0.0s - IP: 127.0.0.1 - User: Anonymous
2026-03-08 16:47:07,530 | INFO     | app | Pedido #3517 properties updated successfully
2026-03-08 16:47:07,533 | INFO     | app | [PATCH] /api/v1/pedidos/3517 - Status: 200 - Duration: 0.009s - IP: 127.0.0.1 - User: fedegarcia30@gmail.com
2026-03-08 16:50:02,915 | INFO     | app | [OPTIONS] /api/v1/stats/dashboard - Status: 200 - Duration: 0.0s - IP: 127.0.0.1 - User: Anonymous
2026-03-08 16:50:02,916 | INFO     | app | [OPTIONS] /api/v1/stats/expenses - Status: 200 - Duration: 0.0s - IP: 127.0.0.1 - User: Anonymous
2026-03-08 16:50:02,916 | INFO     | app | [OPTIONS] /api/v1/stats/dashboard - Status: 200 - Duration: 0.0s - IP: 127.0.0.1 - User: Anonymous
2026-03-08 16:50:02,917 | INFO     | app | [OPTIONS] /api/v1/stats/expenses - Status: 200 - Duration: 0.0s - IP: 127.0.0.1 - User: Anonymous
2026-03-08 16:50:03,266 | INFO     | app | [GET] /api/v1/stats/expenses - Status: 200 - Duration: 0.04s - IP: 127.0.0.1 - User: fedegarcia30@gmail.com
2026-03-08 16:50:03,269 | INFO     | app | [GET] /api/v1/stats/expenses - Status: 200 - Duration: 0.039s - IP: 127.0.0.1 - User: fedegarcia30@gmail.com
2026-03-08 16:50:03,300 | INFO     | app | [GET] /api/v1/stats/dashboard - Status: 200 - Duration: 0.12s - IP: 127.0.0.1 - User: fedegarcia30@gmail.com
2026-03-08 16:50:03,352 | INFO     | app | [GET] /api/v1/stats/dashboard - Status: 200 - Duration: 0.127s - IP: 127.0.0.1 - User: fedegarcia30@gmail.com
2026-03-08 16:50:04,236 | INFO     | app | [OPTIONS] /api/v1/pedidos - Status: 200 - Duration: 0.0s - IP: 127.0.0.1 - User: Anonymous
2026-03-08 16:50:04,550 | INFO     | app | [OPTIONS] /api/v1/pedidos - Status: 200 - Duration: 0.0s - IP: 127.0.0.1 - User: Anonymous
2026-03-08 16:50:04,550 | INFO     | app | [OPTIONS] /api/v1/pedidos - Status: 200 - Duration: 0.0s - IP: 127.0.0.1 - User: Anonymous
2026-03-08 16:50:04,550 | INFO     | app | [OPTIONS] /api/v1/pedidos - Status: 200 - Duration: 0.0s - IP: 127.0.0.1 - User: Anonymous
2026-03-08 16:50:04,550 | INFO     | app | [OPTIONS] /api/v1/pedidos - Status: 200 - Duration: 0.0s - IP: 127.0.0.1 - User: Anonymous
2026-03-08 16:50:04,552 | INFO     | app | [OPTIONS] /api/v1/pedidos - Status: 200 - Duration: 0.0s - IP: 127.0.0.1 - User: Anonymous
2026-03-08 16:50:04,554 | INFO     | app | [OPTIONS] /api/v1/pedidos - Status: 200 - Duration: 0.0s - IP: 127.0.0.1 - User: Anonymous
2026-03-08 16:50:04,864 | INFO     | app | [OPTIONS] /api/v1/pedidos - Status: 200 - Duration: 0.0s - IP: 127.0.0.1 - User: Anonymous
2026-03-08 16:50:04,865 | INFO     | app | [OPTIONS] /api/v1/pedidos - Status: 200 - Duration: 0.0s - IP: 127.0.0.1 - User: Anonymous
2026-03-08 16:50:04,865 | INFO     | app | [OPTIONS] /api/v1/pedidos - Status: 200 - Duration: 0.0s - IP: 127.0.0.1 - User: Anonymous
2026-03-08 16:50:04,865 | INFO     | app | [OPTIONS] /api/v1/pedidos - Status: 200 - Duration: 0.0s - IP: 127.0.0.1 - User: Anonymous
2026-03-08 16:50:04,867 | INFO     | app | [OPTIONS] /api/v1/pedidos - Status: 200 - Duration: 0.0s - IP: 127.0.0.1 - User: Anonymous
2026-03-08 16:50:04,867 | INFO     | app | [OPTIONS] /api/v1/pedidos - Status: 200 - Duration: 0.0s - IP: 127.0.0.1 - User: Anonymous
2026-03-08 16:50:05,176 | INFO     | app | [OPTIONS] /api/v1/pedidos - Status: 200 - Duration: 0.0s - IP: 127.0.0.1 - User: Anonymous
2026-03-08 16:50:05,176 | INFO     | app | [OPTIONS] /api/v1/pedidos - Status: 200 - Duration: 0.0s - IP: 127.0.0.1 - User: Anonymous
2026-03-08 16:50:05,176 | INFO     | app | [OPTIONS] /api/v1/pedidos - Status: 200 - Duration: 0.0s - IP: 127.0.0.1 - User: Anonymous
2026-03-08 16:50:05,187 | INFO     | app | [GET] /api/v1/pedidos - Status: 200 - Duration: 0.009s - IP: 127.0.0.1 - User: fedegarcia30@gmail.com
2026-03-08 16:50:05,189 | INFO     | app | [GET] /api/v1/pedidos - Status: 200 - Duration: 0.011s - IP: 127.0.0.1 - User: fedegarcia30@gmail.com
2026-03-08 16:50:05,192 | INFO     | app | [GET] /api/v1/pedidos - Status: 200 - Duration: 0.014s - IP: 127.0.0.1 - User: fedegarcia30@gmail.com
2026-03-08 16:50:05,515 | INFO     | app | [GET] /api/v1/pedidos - Status: 200 - Duration: 0.012s - IP: 127.0.0.1 - User: fedegarcia30@gmail.com
2026-03-08 16:50:05,515 | INFO     | app | [GET] /api/v1/pedidos - Status: 200 - Duration: 0.012s - IP: 127.0.0.1 - User: fedegarcia30@gmail.com
2026-03-08 16:50:05,533 | INFO     | app | [GET] /api/v1/pedidos - Status: 200 - Duration: 0.031s - IP: 127.0.0.1 - User: fedegarcia30@gmail.com
2026-03-08 16:50:05,539 | INFO     | app | [GET] /api/v1/pedidos - Status: 200 - Duration: 0.029s - IP: 127.0.0.1 - User: fedegarcia30@gmail.com
2026-03-08 16:50:05,648 | INFO     | app | [GET] /api/v1/pedidos - Status: 200 - Duration: 0.146s - IP: 127.0.0.1 - User: fedegarcia30@gmail.com
2026-03-08 16:50:05,885 | INFO     | app | [GET] /api/v1/pedidos - Status: 200 - Duration: 0.012s - IP: 127.0.0.1 - User: fedegarcia30@gmail.com
2026-03-08 16:50:05,887 | INFO     | app | [GET] /api/v1/pedidos - Status: 200 - Duration: 0.012s - IP: 127.0.0.1 - User: fedegarcia30@gmail.com
2026-03-08 16:50:05,905 | INFO     | app | [GET] /api/v1/pedidos - Status: 200 - Duration: 0.025s - IP: 127.0.0.1 - User: fedegarcia30@gmail.com
2026-03-08 16:50:05,972 | INFO     | app | [GET] /api/v1/pedidos - Status: 200 - Duration: 0.005s - IP: 127.0.0.1 - User: fedegarcia30@gmail.com
2026-03-08 16:50:06,015 | INFO     | app | [GET] /api/v1/pedidos - Status: 200 - Duration: 0.139s - IP: 127.0.0.1 - User: fedegarcia30@gmail.com
2026-03-08 16:50:06,206 | INFO     | app | [GET] /api/v1/pedidos - Status: 200 - Duration: 0.007s - IP: 127.0.0.1 - User: fedegarcia30@gmail.com
2026-03-08 16:50:11,800 | INFO     | app | [OPTIONS] /api/v1/pedidos/3524/status - Status: 200 - Duration: 0.0s - IP: 127.0.0.1 - User: Anonymous
2026-03-08 16:50:12,128 | INFO     | app | Pedido #3524 status updated to 'entregado'
2026-03-08 16:50:12,134 | INFO     | app | [PATCH] /api/v1/pedidos/3524/status - Status: 200 - Duration: 0.024s - IP: 127.0.0.1 - User: fedegarcia30@gmail.com
2026-03-08 16:50:12,448 | INFO     | app | [OPTIONS] /api/v1/pedidos/3523/status - Status: 200 - Duration: 0.0s - IP: 127.0.0.1 - User: Anonymous
2026-03-08 16:50:12,821 | INFO     | app | Pedido #3523 status updated to 'entregado'
2026-03-08 16:50:12,827 | INFO     | app | [PATCH] /api/v1/pedidos/3523/status - Status: 200 - Duration: 0.068s - IP: 127.0.0.1 - User: fedegarcia30@gmail.com
2026-03-08 16:50:13,147 | INFO     | app | [OPTIONS] /api/v1/pedidos/3522/status - Status: 200 - Duration: 0.0s - IP: 127.0.0.1 - User: Anonymous
2026-03-08 16:50:13,534 | INFO     | app | Pedido #3522 status updated to 'entregado'
2026-03-08 16:50:13,542 | INFO     | app | [PATCH] /api/v1/pedidos/3522/status - Status: 200 - Duration: 0.081s - IP: 127.0.0.1 - User: fedegarcia30@gmail.com
2026-03-08 16:50:13,868 | INFO     | app | [OPTIONS] /api/v1/pedidos/3521/status - Status: 200 - Duration: 0.0s - IP: 127.0.0.1 - User: Anonymous
2026-03-08 16:50:14,244 | INFO     | app | Pedido #3521 status updated to 'entregado'
2026-03-08 16:50:14,250 | INFO     | app | [PATCH] /api/v1/pedidos/3521/status - Status: 200 - Duration: 0.074s - IP: 127.0.0.1 - User: fedegarcia30@gmail.com
2026-03-08 16:50:14,563 | INFO     | app | [OPTIONS] /api/v1/pedidos/3520/status - Status: 200 - Duration: 0.0s - IP: 127.0.0.1 - User: Anonymous
2026-03-08 16:50:14,946 | INFO     | app | Pedido #3520 status updated to 'entregado'
2026-03-08 16:50:14,952 | INFO     | app | [PATCH] /api/v1/pedidos/3520/status - Status: 200 - Duration: 0.078s - IP: 127.0.0.1 - User: fedegarcia30@gmail.com
2026-03-08 16:50:17,643 | INFO     | app | [OPTIONS] /api/v1/pedidos/2251/status - Status: 200 - Duration: 0.0s - IP: 127.0.0.1 - User: Anonymous
2026-03-08 16:50:17,979 | INFO     | app | Pedido #2251 status updated to 'entregado'
2026-03-08 16:50:17,988 | INFO     | app | [PATCH] /api/v1/pedidos/2251/status - Status: 200 - Duration: 0.031s - IP: 127.0.0.1 - User: fedegarcia30@gmail.com
2026-03-08 16:50:19,863 | INFO     | app | [GET] /api/v1/pedidos - Status: 200 - Duration: 14.358s - IP: 127.0.0.1 - User: fedegarcia30@gmail.com
2026-03-08 16:50:20,625 | INFO     | app | [GET] /api/v1/pedidos - Status: 200 - Duration: 14.425s - IP: 127.0.0.1 - User: fedegarcia30@gmail.com
2026-03-08 16:50:23,881 | INFO     | app | [OPTIONS] /api/v1/pedidos/3527/status - Status: 200 - Duration: 0.0s - IP: 127.0.0.1 - User: Anonymous
2026-03-08 16:50:24,211 | INFO     | app | Pedido #3527 status updated to 'entregado'
2026-03-08 16:50:24,217 | INFO     | app | [PATCH] /api/v1/pedidos/3527/status - Status: 200 - Duration: 0.073s - IP: 127.0.0.1 - User: fedegarcia30@gmail.com
2026-03-08 16:50:35,983 | INFO     | app | [OPTIONS] /api/v1/stats/dashboard - Status: 200 - Duration: 0.0s - IP: 127.0.0.1 - User: Anonymous
2026-03-08 16:50:36,289 | INFO     | app | [OPTIONS] /api/v1/stats/expenses - Status: 200 - Duration: 0.0s - IP: 127.0.0.1 - User: Anonymous
2026-03-08 16:50:36,290 | INFO     | app | [OPTIONS] /api/v1/stats/dashboard - Status: 200 - Duration: 0.0s - IP: 127.0.0.1 - User: Anonymous
2026-03-08 16:50:36,290 | INFO     | app | [OPTIONS] /api/v1/stats/expenses - Status: 200 - Duration: 0.0s - IP: 127.0.0.1 - User: Anonymous
2026-03-08 16:50:36,402 | INFO     | app | [GET] /api/v1/stats/dashboard - Status: 200 - Duration: 0.111s - IP: 127.0.0.1 - User: fedegarcia30@gmail.com
2026-03-08 16:50:36,643 | INFO     | app | [GET] /api/v1/stats/expenses - Status: 200 - Duration: 0.03s - IP: 127.0.0.1 - User: fedegarcia30@gmail.com
2026-03-08 16:50:36,644 | INFO     | app | [GET] /api/v1/stats/expenses - Status: 200 - Duration: 0.03s - IP: 127.0.0.1 - User: fedegarcia30@gmail.com
2026-03-08 16:50:36,723 | INFO     | app | [GET] /api/v1/stats/dashboard - Status: 200 - Duration: 0.11s - IP: 127.0.0.1 - User: fedegarcia30@gmail.com
2026-03-08 16:50:37,354 | INFO     | app | [OPTIONS] /api/v1/pedidos - Status: 200 - Duration: 0.0s - IP: 127.0.0.1 - User: Anonymous
2026-03-08 16:50:37,355 | INFO     | app | [OPTIONS] /api/v1/pedidos - Status: 200 - Duration: 0.0s - IP: 127.0.0.1 - User: Anonymous
2026-03-08 16:50:37,355 | INFO     | app | [OPTIONS] /api/v1/pedidos - Status: 200 - Duration: 0.0s - IP: 127.0.0.1 - User: Anonymous
2026-03-08 16:50:37,355 | INFO     | app | [OPTIONS] /api/v1/pedidos - Status: 200 - Duration: 0.0s - IP: 127.0.0.1 - User: Anonymous
2026-03-08 16:50:37,357 | INFO     | app | [OPTIONS] /api/v1/pedidos - Status: 200 - Duration: 0.0s - IP: 127.0.0.1 - User: Anonymous
2026-03-08 16:50:37,357 | INFO     | app | [OPTIONS] /api/v1/pedidos - Status: 200 - Duration: 0.0s - IP: 127.0.0.1 - User: Anonymous
2026-03-08 16:50:37,661 | INFO     | app | [OPTIONS] /api/v1/pedidos - Status: 200 - Duration: 0.0s - IP: 127.0.0.1 - User: Anonymous
2026-03-08 16:50:37,662 | INFO     | app | [OPTIONS] /api/v1/pedidos - Status: 200 - Duration: 0.0s - IP: 127.0.0.1 - User: Anonymous
2026-03-08 16:50:37,663 | INFO     | app | [OPTIONS] /api/v1/pedidos - Status: 200 - Duration: 0.0s - IP: 127.0.0.1 - User: Anonymous
2026-03-08 16:50:37,667 | INFO     | app | [OPTIONS] /api/v1/pedidos - Status: 200 - Duration: 0.0s - IP: 127.0.0.1 - User: Anonymous
2026-03-08 16:50:37,668 | INFO     | app | [OPTIONS] /api/v1/pedidos - Status: 200 - Duration: 0.0s - IP: 127.0.0.1 - User: Anonymous
2026-03-08 16:50:37,671 | INFO     | app | [OPTIONS] /api/v1/pedidos - Status: 200 - Duration: 0.0s - IP: 127.0.0.1 - User: Anonymous
2026-03-08 16:50:37,967 | INFO     | app | [OPTIONS] /api/v1/pedidos - Status: 200 - Duration: 0.0s - IP: 127.0.0.1 - User: Anonymous
2026-03-08 16:50:37,968 | INFO     | app | [OPTIONS] /api/v1/pedidos - Status: 200 - Duration: 0.0s - IP: 127.0.0.1 - User: Anonymous
2026-03-08 16:50:37,970 | INFO     | app | [OPTIONS] /api/v1/pedidos - Status: 200 - Duration: 0.0s - IP: 127.0.0.1 - User: Anonymous
2026-03-08 16:50:37,974 | INFO     | app | [OPTIONS] /api/v1/pedidos - Status: 200 - Duration: 0.001s - IP: 127.0.0.1 - User: Anonymous
2026-03-08 16:50:37,985 | INFO     | app | [GET] /api/v1/pedidos - Status: 200 - Duration: 0.006s - IP: 127.0.0.1 - User: fedegarcia30@gmail.com
2026-03-08 16:50:37,985 | INFO     | app | [GET] /api/v1/pedidos - Status: 200 - Duration: 0.007s - IP: 127.0.0.1 - User: fedegarcia30@gmail.com
2026-03-08 16:50:38,297 | INFO     | app | [GET] /api/v1/pedidos - Status: 200 - Duration: 0.008s - IP: 127.0.0.1 - User: fedegarcia30@gmail.com
2026-03-08 16:50:38,298 | INFO     | app | [GET] /api/v1/pedidos - Status: 200 - Duration: 0.011s - IP: 127.0.0.1 - User: fedegarcia30@gmail.com
2026-03-08 16:50:38,314 | INFO     | app | [GET] /api/v1/pedidos - Status: 200 - Duration: 0.013s - IP: 127.0.0.1 - User: fedegarcia30@gmail.com
2026-03-08 16:50:38,325 | INFO     | app | [GET] /api/v1/pedidos - Status: 200 - Duration: 0.039s - IP: 127.0.0.1 - User: fedegarcia30@gmail.com
2026-03-08 16:50:38,527 | INFO     | app | [GET] /api/v1/pedidos - Status: 200 - Duration: 0.242s - IP: 127.0.0.1 - User: fedegarcia30@gmail.com
2026-03-08 16:50:38,624 | INFO     | app | [GET] /api/v1/pedidos - Status: 200 - Duration: 0.008s - IP: 127.0.0.1 - User: fedegarcia30@gmail.com
2026-03-08 16:50:38,625 | INFO     | app | [GET] /api/v1/pedidos - Status: 200 - Duration: 0.008s - IP: 127.0.0.1 - User: fedegarcia30@gmail.com
2026-03-08 16:50:38,639 | INFO     | app | [GET] /api/v1/pedidos - Status: 200 - Duration: 0.008s - IP: 127.0.0.1 - User: fedegarcia30@gmail.com
2026-03-08 16:50:38,778 | INFO     | app | [GET] /api/v1/pedidos - Status: 200 - Duration: 0.135s - IP: 127.0.0.1 - User: fedegarcia30@gmail.com
2026-03-08 16:50:38,862 | INFO     | app | [GET] /api/v1/pedidos - Status: 200 - Duration: 0.023s - IP: 127.0.0.1 - User: fedegarcia30@gmail.com
2026-03-08 16:50:38,949 | INFO     | app | [GET] /api/v1/pedidos - Status: 200 - Duration: 0.01s - IP: 127.0.0.1 - User: fedegarcia30@gmail.com
2026-03-08 16:50:38,951 | INFO     | app | [GET] /api/v1/pedidos - Status: 200 - Duration: 0.01s - IP: 127.0.0.1 - User: fedegarcia30@gmail.com
2026-03-08 16:50:50,808 | INFO     | app | [GET] /api/v1/pedidos - Status: 200 - Duration: 12.506s - IP: 127.0.0.1 - User: fedegarcia30@gmail.com
2026-03-08 16:50:51,276 | INFO     | app | [GET] /api/v1/pedidos - Status: 200 - Duration: 12.322s - IP: 127.0.0.1 - User: fedegarcia30@gmail.com
2026-03-08 16:50:56,818 | INFO     | app | [OPTIONS] /api/v1/pedidos/3527 - Status: 200 - Duration: 0.0s - IP: 127.0.0.1 - User: Anonymous
2026-03-08 16:50:57,087 | INFO     | app | Pedido #3527 properties updated successfully
2026-03-08 16:50:57,089 | INFO     | app | [PATCH] /api/v1/pedidos/3527 - Status: 200 - Duration: 0.007s - IP: 127.0.0.1 - User: fedegarcia30@gmail.com
2026-03-08 16:50:57,127 | INFO     | app | [OPTIONS] /api/v1/pedidos/3519 - Status: 200 - Duration: 0.0s - IP: 127.0.0.1 - User: Anonymous
2026-03-08 16:50:57,413 | INFO     | app | Pedido #3519 properties updated successfully
2026-03-08 16:50:57,416 | INFO     | app | [PATCH] /api/v1/pedidos/3519 - Status: 200 - Duration: 0.01s - IP: 127.0.0.1 - User: fedegarcia30@gmail.com
2026-03-08 16:51:32,586 | INFO     | app | [OPTIONS] /api/v1/pedidos/3515 - Status: 200 - Duration: 0.0s - IP: 127.0.0.1 - User: Anonymous
2026-03-08 16:51:32,914 | INFO     | app | Pedido #3515 properties updated successfully
2026-03-08 16:51:32,921 | INFO     | app | [PATCH] /api/v1/pedidos/3515 - Status: 200 - Duration: 0.016s - IP: 127.0.0.1 - User: fedegarcia30@gmail.com
2026-03-08 16:51:33,168 | INFO     | app | [OPTIONS] /api/v1/pedidos/3516 - Status: 200 - Duration: 0.0s - IP: 127.0.0.1 - User: Anonymous
2026-03-08 16:51:33,250 | INFO     | app | Pedido #3516 properties updated successfully
2026-03-08 16:51:33,255 | INFO     | app | [PATCH] /api/v1/pedidos/3516 - Status: 200 - Duration: 0.01s - IP: 127.0.0.1 - User: fedegarcia30@gmail.com
2026-03-08 16:51:33,478 | INFO     | app | [OPTIONS] /api/v1/pedidos/3517 - Status: 200 - Duration: 0.0s - IP: 127.0.0.1 - User: Anonymous
2026-03-08 16:51:33,578 | INFO     | app | Pedido #3517 properties updated successfully
2026-03-08 16:51:33,580 | INFO     | app | [PATCH] /api/v1/pedidos/3517 - Status: 200 - Duration: 0.007s - IP: 127.0.0.1 - User: fedegarcia30@gmail.com
2026-03-08 16:54:56,267 | INFO     | app | Logger initialized successfully at level INFO
2026-03-08 16:55:20,963 | INFO     | app | Logger initialized successfully at level INFO
2026-03-08 16:56:01,079 | INFO     | app | [OPTIONS] /api/v1/pedidos/3515 - Status: 200 - Duration: 0.001s - IP: 127.0.0.1 - User: Anonymous
2026-03-08 16:56:01,950 | INFO     | app | Pedido #3515 properties updated successfully
2026-03-08 16:56:01,961 | INFO     | app | [PATCH] /api/v1/pedidos/3515 - Status: 200 - Duration: 0.623s - IP: 127.0.0.1 - User: fedegarcia30@gmail.com
2026-03-08 16:56:01,968 | INFO     | app | [OPTIONS] /api/v1/pedidos/3516 - Status: 200 - Duration: 0.0s - IP: 127.0.0.1 - User: Anonymous
2026-03-08 16:56:02,288 | INFO     | app | Pedido #3516 properties updated successfully
2026-03-08 16:56:02,293 | INFO     | app | [PATCH] /api/v1/pedidos/3516 - Status: 200 - Duration: 0.01s - IP: 127.0.0.1 - User: fedegarcia30@gmail.com
2026-03-08 16:56:02,543 | INFO     | app | [OPTIONS] /api/v1/pedidos/3517 - Status: 200 - Duration: 0.0s - IP: 127.0.0.1 - User: Anonymous
2026-03-08 16:56:02,613 | INFO     | app | Pedido #3517 properties updated successfully
2026-03-08 16:56:02,618 | INFO     | app | [PATCH] /api/v1/pedidos/3517 - Status: 200 - Duration: 0.012s - IP: 127.0.0.1 - User: fedegarcia30@gmail.com
2026-03-08 16:56:04,833 | INFO     | app | [OPTIONS] /api/v1/pedidos/3527 - Status: 200 - Duration: 0.0s - IP: 127.0.0.1 - User: Anonymous
2026-03-08 16:56:05,163 | INFO     | app | Pedido #3527 properties updated successfully
2026-03-08 16:56:05,169 | INFO     | app | [PATCH] /api/v1/pedidos/3527 - Status: 200 - Duration: 0.017s - IP: 127.0.0.1 - User: fedegarcia30@gmail.com
2026-03-08 16:56:05,398 | INFO     | app | [OPTIONS] /api/v1/pedidos/3519 - Status: 200 - Duration: 0.0s - IP: 127.0.0.1 - User: Anonymous
2026-03-08 16:56:05,498 | INFO     | app | Pedido #3519 properties updated successfully
2026-03-08 16:56:05,500 | INFO     | app | [PATCH] /api/v1/pedidos/3519 - Status: 200 - Duration: 0.011s - IP: 127.0.0.1 - User: fedegarcia30@gmail.com
2026-03-08 16:56:06,802 | INFO     | app | [OPTIONS] /api/v1/pedidos/3515 - Status: 200 - Duration: 0.0s - IP: 127.0.0.1 - User: Anonymous
2026-03-08 16:56:07,195 | INFO     | app | Pedido #3515 properties updated successfully
2026-03-08 16:56:07,199 | INFO     | app | [PATCH] /api/v1/pedidos/3515 - Status: 200 - Duration: 0.066s - IP: 127.0.0.1 - User: fedegarcia30@gmail.com
2026-03-08 16:56:07,394 | INFO     | app | [OPTIONS] /api/v1/pedidos/3516 - Status: 200 - Duration: 0.0s - IP: 127.0.0.1 - User: Anonymous
2026-03-08 16:56:07,588 | INFO     | app | Pedido #3516 properties updated successfully
2026-03-08 16:56:07,591 | INFO     | app | [PATCH] /api/v1/pedidos/3516 - Status: 200 - Duration: 0.071s - IP: 127.0.0.1 - User: fedegarcia30@gmail.com
2026-03-08 16:56:07,704 | INFO     | app | [OPTIONS] /api/v1/pedidos/3517 - Status: 200 - Duration: 0.0s - IP: 127.0.0.1 - User: Anonymous
2026-03-08 16:56:07,917 | INFO     | app | Pedido #3517 properties updated successfully
2026-03-08 16:56:07,920 | INFO     | app | [PATCH] /api/v1/pedidos/3517 - Status: 200 - Duration: 0.015s - IP: 127.0.0.1 - User: fedegarcia30@gmail.com
2026-03-08 16:56:31,348 | INFO     | app | [OPTIONS] /api/v1/pedidos/3527 - Status: 200 - Duration: 0.0s - IP: 127.0.0.1 - User: Anonymous
2026-03-08 16:56:31,673 | INFO     | app | Pedido #3527 properties updated successfully
2026-03-08 16:56:31,677 | INFO     | app | [PATCH] /api/v1/pedidos/3527 - Status: 200 - Duration: 0.02s - IP: 127.0.0.1 - User: fedegarcia30@gmail.com
2026-03-08 16:56:31,919 | INFO     | app | [OPTIONS] /api/v1/pedidos/3519 - Status: 200 - Duration: 0.0s - IP: 127.0.0.1 - User: Anonymous
2026-03-08 16:56:32,072 | INFO     | app | Pedido #3519 properties updated successfully
2026-03-08 16:56:32,076 | INFO     | app | [PATCH] /api/v1/pedidos/3519 - Status: 200 - Duration: 0.08s - IP: 127.0.0.1 - User: fedegarcia30@gmail.com
2026-03-08 17:02:42,452 | INFO     | app | [OPTIONS] /api/v1/pedidos - Status: 200 - Duration: 0.0s - IP: 127.0.0.1 - User: Anonymous
2026-03-08 17:02:42,454 | INFO     | app | [OPTIONS] /api/v1/pedidos - Status: 200 - Duration: 0.0s - IP: 127.0.0.1 - User: Anonymous
2026-03-08 17:02:42,454 | INFO     | app | [OPTIONS] /api/v1/pedidos - Status: 200 - Duration: 0.0s - IP: 127.0.0.1 - User: Anonymous
2026-03-08 17:02:42,454 | INFO     | app | [OPTIONS] /api/v1/pedidos - Status: 200 - Duration: 0.0s - IP: 127.0.0.1 - User: Anonymous
2026-03-08 17:02:42,456 | INFO     | app | [OPTIONS] /api/v1/pedidos - Status: 200 - Duration: 0.0s - IP: 127.0.0.1 - User: Anonymous
2026-03-08 17:02:42,456 | INFO     | app | [OPTIONS] /api/v1/pedidos - Status: 200 - Duration: 0.0s - IP: 127.0.0.1 - User: Anonymous
2026-03-08 17:02:42,460 | INFO     | app | [OPTIONS] /api/v1/pedidos - Status: 200 - Duration: 0.0s - IP: 127.0.0.1 - User: Anonymous
2026-03-08 17:02:42,463 | INFO     | app | [OPTIONS] /api/v1/pedidos - Status: 200 - Duration: 0.001s - IP: 127.0.0.1 - User: Anonymous
2026-03-08 17:02:42,469 | INFO     | app | [OPTIONS] /api/v1/pedidos - Status: 200 - Duration: 0.0s - IP: 127.0.0.1 - User: Anonymous
2026-03-08 17:02:42,477 | INFO     | app | [OPTIONS] /api/v1/pedidos - Status: 200 - Duration: 0.0s - IP: 127.0.0.1 - User: Anonymous
2026-03-08 17:02:42,482 | INFO     | app | [OPTIONS] /api/v1/pedidos - Status: 200 - Duration: 0.0s - IP: 127.0.0.1 - User: Anonymous
2026-03-08 17:02:42,487 | INFO     | app | [OPTIONS] /api/v1/pedidos - Status: 200 - Duration: 0.0s - IP: 127.0.0.1 - User: Anonymous
2026-03-08 17:02:42,769 | INFO     | app | [OPTIONS] /api/v1/pedidos - Status: 200 - Duration: 0.0s - IP: 127.0.0.1 - User: Anonymous
2026-03-08 17:02:42,794 | INFO     | app | [OPTIONS] /api/v1/pedidos - Status: 200 - Duration: 0.0s - IP: 127.0.0.1 - User: Anonymous
2026-03-08 17:02:42,809 | INFO     | app | [GET] /api/v1/pedidos - Status: 200 - Duration: 0.031s - IP: 127.0.0.1 - User: repartidor@repartidor.com
2026-03-08 17:02:42,833 | INFO     | app | [GET] /api/v1/pedidos - Status: 200 - Duration: 0.056s - IP: 127.0.0.1 - User: repartidor@repartidor.com
2026-03-08 17:02:42,838 | INFO     | app | [GET] /api/v1/pedidos - Status: 200 - Duration: 0.047s - IP: 127.0.0.1 - User: repartidor@repartidor.com
2026-03-08 17:02:42,852 | INFO     | app | [GET] /api/v1/pedidos - Status: 200 - Duration: 0.039s - IP: 127.0.0.1 - User: fedegarcia30@gmail.com
2026-03-08 17:02:42,863 | INFO     | app | [GET] /api/v1/pedidos - Status: 200 - Duration: 0.057s - IP: 127.0.0.1 - User: fedegarcia30@gmail.com
2026-03-08 17:02:42,872 | INFO     | app | [GET] /api/v1/pedidos - Status: 200 - Duration: 0.054s - IP: 127.0.0.1 - User: fedegarcia30@gmail.com
2026-03-08 17:02:42,901 | INFO     | app | [GET] /api/v1/pedidos - Status: 200 - Duration: 0.119s - IP: 127.0.0.1 - User: repartidor@repartidor.com
2026-03-08 17:02:42,918 | INFO     | app | [GET] /api/v1/pedidos - Status: 200 - Duration: 0.08s - IP: 127.0.0.1 - User: fedegarcia30@gmail.com
2026-03-08 17:02:43,099 | INFO     | app | [GET] /api/v1/pedidos - Status: 200 - Duration: 0.018s - IP: 127.0.0.1 - User: repartidor@repartidor.com
2026-03-08 17:02:43,126 | INFO     | app | [GET] /api/v1/pedidos - Status: 200 - Duration: 0.017s - IP: 127.0.0.1 - User: fedegarcia30@gmail.com
2026-03-08 17:02:43,152 | INFO     | app | [GET] /api/v1/pedidos - Status: 200 - Duration: 0.015s - IP: 127.0.0.1 - User: repartidor@repartidor.com
2026-03-08 17:02:43,172 | INFO     | app | [GET] /api/v1/pedidos - Status: 200 - Duration: 0.395s - IP: 127.0.0.1 - User: repartidor@repartidor.com
2026-03-08 17:02:43,192 | INFO     | app | [GET] /api/v1/pedidos - Status: 200 - Duration: 0.012s - IP: 127.0.0.1 - User: fedegarcia30@gmail.com
2026-03-08 17:02:43,195 | INFO     | app | [GET] /api/v1/pedidos - Status: 200 - Duration: 0.361s - IP: 127.0.0.1 - User: fedegarcia30@gmail.com
2026-03-08 17:02:47,439 | INFO     | app | [OPTIONS] /api/v1/pedidos - Status: 200 - Duration: 0.0s - IP: 127.0.0.1 - User: Anonymous
2026-03-08 17:02:47,440 | INFO     | app | [OPTIONS] /api/v1/pedidos - Status: 200 - Duration: 0.0s - IP: 127.0.0.1 - User: Anonymous
2026-03-08 17:02:47,440 | INFO     | app | [OPTIONS] /api/v1/pedidos - Status: 200 - Duration: 0.0s - IP: 127.0.0.1 - User: Anonymous
2026-03-08 17:02:47,442 | INFO     | app | [OPTIONS] /api/v1/pedidos - Status: 200 - Duration: 0.0s - IP: 127.0.0.1 - User: Anonymous
2026-03-08 17:02:47,443 | INFO     | app | [OPTIONS] /api/v1/pedidos - Status: 200 - Duration: 0.001s - IP: 127.0.0.1 - User: Anonymous
2026-03-08 17:02:47,443 | INFO     | app | [OPTIONS] /api/v1/pedidos - Status: 200 - Duration: 0.0s - IP: 127.0.0.1 - User: Anonymous
2026-03-08 17:02:47,444 | INFO     | app | [OPTIONS] /api/v1/pedidos - Status: 200 - Duration: 0.0s - IP: 127.0.0.1 - User: Anonymous
2026-03-08 17:02:47,445 | INFO     | app | [OPTIONS] /api/v1/pedidos - Status: 200 - Duration: 0.001s - IP: 127.0.0.1 - User: Anonymous
2026-03-08 17:02:47,445 | INFO     | app | [OPTIONS] /api/v1/pedidos - Status: 200 - Duration: 0.0s - IP: 127.0.0.1 - User: Anonymous
2026-03-08 17:02:47,446 | INFO     | app | [OPTIONS] /api/v1/pedidos - Status: 200 - Duration: 0.0s - IP: 127.0.0.1 - User: Anonymous
2026-03-08 17:02:47,446 | INFO     | app | [OPTIONS] /api/v1/pedidos - Status: 200 - Duration: 0.0s - IP: 127.0.0.1 - User: Anonymous
2026-03-08 17:02:47,446 | INFO     | app | [OPTIONS] /api/v1/pedidos - Status: 200 - Duration: 0.0s - IP: 127.0.0.1 - User: Anonymous
2026-03-08 17:02:47,756 | INFO     | app | [OPTIONS] /api/v1/pedidos - Status: 200 - Duration: 0.0s - IP: 127.0.0.1 - User: Anonymous
2026-03-08 17:02:47,771 | INFO     | app | [GET] /api/v1/pedidos - Status: 200 - Duration: 0.01s - IP: 127.0.0.1 - User: repartidor@repartidor.com
2026-03-08 17:02:47,772 | INFO     | app | [GET] /api/v1/pedidos - Status: 200 - Duration: 0.013s - IP: 127.0.0.1 - User: repartidor@repartidor.com
2026-03-08 17:02:47,774 | INFO     | app | [OPTIONS] /api/v1/pedidos - Status: 200 - Duration: 0.0s - IP: 127.0.0.1 - User: Anonymous
2026-03-08 17:02:47,788 | INFO     | app | [GET] /api/v1/pedidos - Status: 200 - Duration: 0.015s - IP: 127.0.0.1 - User: repartidor@repartidor.com
2026-03-08 17:02:47,801 | INFO     | app | [GET] /api/v1/pedidos - Status: 200 - Duration: 0.019s - IP: 127.0.0.1 - User: repartidor@repartidor.com
2026-03-08 17:02:47,808 | INFO     | app | [GET] /api/v1/pedidos - Status: 200 - Duration: 0.019s - IP: 127.0.0.1 - User: fedegarcia30@gmail.com
2026-03-08 17:02:47,814 | INFO     | app | [GET] /api/v1/pedidos - Status: 200 - Duration: 0.022s - IP: 127.0.0.1 - User: fedegarcia30@gmail.com
2026-03-08 17:02:47,830 | INFO     | app | [GET] /api/v1/pedidos - Status: 200 - Duration: 0.018s - IP: 127.0.0.1 - User: fedegarcia30@gmail.com
2026-03-08 17:02:47,848 | INFO     | app | [GET] /api/v1/pedidos - Status: 200 - Duration: 0.039s - IP: 127.0.0.1 - User: fedegarcia30@gmail.com
2026-03-08 17:02:47,958 | INFO     | app | [GET] /api/v1/pedidos - Status: 200 - Duration: 0.196s - IP: 127.0.0.1 - User: repartidor@repartidor.com
2026-03-08 17:02:47,969 | INFO     | app | [GET] /api/v1/pedidos - Status: 200 - Duration: 0.171s - IP: 127.0.0.1 - User: fedegarcia30@gmail.com
2026-03-08 17:02:48,083 | INFO     | app | [GET] /api/v1/pedidos - Status: 200 - Duration: 0.016s - IP: 127.0.0.1 - User: repartidor@repartidor.com
2026-03-08 17:02:48,094 | INFO     | app | [GET] /api/v1/pedidos - Status: 200 - Duration: 0.011s - IP: 127.0.0.1 - User: repartidor@repartidor.com
2026-03-08 17:02:48,099 | INFO     | app | [GET] /api/v1/pedidos - Status: 200 - Duration: 0.009s - IP: 127.0.0.1 - User: fedegarcia30@gmail.com
2026-03-08 17:02:48,135 | INFO     | app | [GET] /api/v1/pedidos - Status: 200 - Duration: 0.003s - IP: 127.0.0.1 - User: fedegarcia30@gmail.com
2026-03-08 17:02:55,440 | INFO     | app | [OPTIONS] /api/v1/pedidos - Status: 200 - Duration: 0.001s - IP: 127.0.0.1 - User: Anonymous
2026-03-08 17:02:55,440 | INFO     | app | [OPTIONS] /api/v1/pedidos - Status: 200 - Duration: 0.0s - IP: 127.0.0.1 - User: Anonymous
2026-03-08 17:02:55,442 | INFO     | app | [OPTIONS] /api/v1/pedidos - Status: 200 - Duration: 0.0s - IP: 127.0.0.1 - User: Anonymous
2026-03-08 17:02:55,442 | INFO     | app | [OPTIONS] /api/v1/pedidos - Status: 200 - Duration: 0.0s - IP: 127.0.0.1 - User: Anonymous
2026-03-08 17:02:55,443 | INFO     | app | [OPTIONS] /api/v1/pedidos - Status: 200 - Duration: 0.0s - IP: 127.0.0.1 - User: Anonymous
2026-03-08 17:02:55,443 | INFO     | app | [OPTIONS] /api/v1/pedidos - Status: 200 - Duration: 0.0s - IP: 127.0.0.1 - User: Anonymous
2026-03-08 17:02:55,443 | INFO     | app | [OPTIONS] /api/v1/pedidos - Status: 200 - Duration: 0.0s - IP: 127.0.0.1 - User: Anonymous
2026-03-08 17:02:55,445 | INFO     | app | [OPTIONS] /api/v1/pedidos - Status: 200 - Duration: 0.0s - IP: 127.0.0.1 - User: Anonymous
2026-03-08 17:02:55,445 | INFO     | app | [OPTIONS] /api/v1/pedidos - Status: 200 - Duration: 0.0s - IP: 127.0.0.1 - User: Anonymous
2026-03-08 17:02:55,446 | INFO     | app | [OPTIONS] /api/v1/pedidos - Status: 200 - Duration: 0.0s - IP: 127.0.0.1 - User: Anonymous
2026-03-08 17:02:55,447 | INFO     | app | [OPTIONS] /api/v1/pedidos - Status: 200 - Duration: 0.001s - IP: 127.0.0.1 - User: Anonymous
2026-03-08 17:02:55,447 | INFO     | app | [OPTIONS] /api/v1/pedidos - Status: 200 - Duration: 0.0s - IP: 127.0.0.1 - User: Anonymous
2026-03-08 17:02:55,767 | INFO     | app | [OPTIONS] /api/v1/pedidos - Status: 200 - Duration: 0.0s - IP: 127.0.0.1 - User: Anonymous
2026-03-08 17:02:55,769 | INFO     | app | [OPTIONS] /api/v1/pedidos - Status: 200 - Duration: 0.001s - IP: 127.0.0.1 - User: Anonymous
2026-03-08 17:02:55,771 | INFO     | app | [OPTIONS] /api/v1/pedidos - Status: 200 - Duration: 0.0s - IP: 127.0.0.1 - User: Anonymous
2026-03-08 17:02:55,772 | INFO     | app | [OPTIONS] /api/v1/pedidos - Status: 200 - Duration: 0.0s - IP: 127.0.0.1 - User: Anonymous
2026-03-08 17:02:55,797 | INFO     | app | [GET] /api/v1/pedidos - Status: 200 - Duration: 0.026s - IP: 127.0.0.1 - User: repartidor@repartidor.com
2026-03-08 17:02:55,798 | INFO     | app | [GET] /api/v1/pedidos - Status: 200 - Duration: 0.028s - IP: 127.0.0.1 - User: repartidor@repartidor.com
2026-03-08 17:02:55,814 | INFO     | app | [GET] /api/v1/pedidos - Status: 200 - Duration: 0.032s - IP: 127.0.0.1 - User: fedegarcia30@gmail.com
2026-03-08 17:02:55,834 | INFO     | app | [GET] /api/v1/pedidos - Status: 200 - Duration: 0.019s - IP: 127.0.0.1 - User: fedegarcia30@gmail.com
2026-03-08 17:02:55,837 | INFO     | app | [GET] /api/v1/pedidos - Status: 200 - Duration: 0.028s - IP: 127.0.0.1 - User: fedegarcia30@gmail.com
2026-03-08 17:02:55,864 | INFO     | app | [GET] /api/v1/pedidos - Status: 200 - Duration: 0.072s - IP: 127.0.0.1 - User: repartidor@repartidor.com
2026-03-08 17:02:55,999 | INFO     | app | [GET] /api/v1/pedidos - Status: 200 - Duration: 0.232s - IP: 127.0.0.1 - User: repartidor@repartidor.com
2026-03-08 17:02:56,012 | INFO     | app | [GET] /api/v1/pedidos - Status: 200 - Duration: 0.194s - IP: 127.0.0.1 - User: fedegarcia30@gmail.com
2026-03-08 17:02:56,102 | INFO     | app | [GET] /api/v1/pedidos - Status: 200 - Duration: 0.008s - IP: 127.0.0.1 - User: repartidor@repartidor.com
2026-03-08 17:02:56,103 | INFO     | app | [GET] /api/v1/pedidos - Status: 200 - Duration: 0.01s - IP: 127.0.0.1 - User: repartidor@repartidor.com
2026-03-08 17:02:56,114 | INFO     | app | [GET] /api/v1/pedidos - Status: 200 - Duration: 0.007s - IP: 127.0.0.1 - User: fedegarcia30@gmail.com
2026-03-08 17:02:56,121 | INFO     | app | [GET] /api/v1/pedidos - Status: 200 - Duration: 0.026s - IP: 127.0.0.1 - User: fedegarcia30@gmail.com
2026-03-08 17:02:56,126 | INFO     | app | [GET] /api/v1/pedidos - Status: 200 - Duration: 0.008s - IP: 127.0.0.1 - User: repartidor@repartidor.com
2026-03-08 17:02:56,141 | INFO     | app | [GET] /api/v1/pedidos - Status: 200 - Duration: 0.009s - IP: 127.0.0.1 - User: fedegarcia30@gmail.com
2026-03-08 17:03:02,423 | INFO     | app | [OPTIONS] /api/v1/pedidos - Status: 200 - Duration: 0.0s - IP: 127.0.0.1 - User: Anonymous
2026-03-08 17:03:02,425 | INFO     | app | [OPTIONS] /api/v1/pedidos - Status: 200 - Duration: 0.0s - IP: 127.0.0.1 - User: Anonymous
2026-03-08 17:03:02,427 | INFO     | app | [OPTIONS] /api/v1/pedidos - Status: 200 - Duration: 0.0s - IP: 127.0.0.1 - User: Anonymous
2026-03-08 17:03:02,437 | INFO     | app | [OPTIONS] /api/v1/pedidos - Status: 200 - Duration: 0.0s - IP: 127.0.0.1 - User: Anonymous
2026-03-08 17:03:02,440 | INFO     | app | [OPTIONS] /api/v1/pedidos - Status: 200 - Duration: 0.0s - IP: 127.0.0.1 - User: Anonymous
2026-03-08 17:03:02,445 | INFO     | app | [OPTIONS] /api/v1/pedidos - Status: 200 - Duration: 0.0s - IP: 127.0.0.1 - User: Anonymous
2026-03-08 17:03:02,448 | INFO     | app | [OPTIONS] /api/v1/pedidos - Status: 200 - Duration: 0.0s - IP: 127.0.0.1 - User: Anonymous
2026-03-08 17:03:02,454 | INFO     | app | [OPTIONS] /api/v1/pedidos - Status: 200 - Duration: 0.0s - IP: 127.0.0.1 - User: Anonymous
2026-03-08 17:03:02,464 | INFO     | app | [OPTIONS] /api/v1/pedidos - Status: 200 - Duration: 0.0s - IP: 127.0.0.1 - User: Anonymous
2026-03-08 17:03:02,467 | INFO     | app | [OPTIONS] /api/v1/pedidos - Status: 200 - Duration: 0.0s - IP: 127.0.0.1 - User: Anonymous
2026-03-08 17:03:02,746 | INFO     | app | [OPTIONS] /api/v1/pedidos - Status: 200 - Duration: 0.0s - IP: 127.0.0.1 - User: Anonymous
2026-03-08 17:03:02,751 | INFO     | app | [OPTIONS] /api/v1/pedidos - Status: 200 - Duration: 0.0s - IP: 127.0.0.1 - User: Anonymous
2026-03-08 17:03:02,770 | INFO     | app | [GET] /api/v1/pedidos - Status: 200 - Duration: 0.016s - IP: 127.0.0.1 - User: fedegarcia30@gmail.com
2026-03-08 17:03:02,777 | INFO     | app | [OPTIONS] /api/v1/pedidos - Status: 200 - Duration: 0.0s - IP: 127.0.0.1 - User: Anonymous
2026-03-08 17:03:02,782 | INFO     | app | [OPTIONS] /api/v1/pedidos - Status: 200 - Duration: 0.0s - IP: 127.0.0.1 - User: Anonymous
2026-03-08 17:03:02,782 | INFO     | app | [GET] /api/v1/pedidos - Status: 200 - Duration: 0.021s - IP: 127.0.0.1 - User: fedegarcia30@gmail.com
2026-03-08 17:03:02,800 | INFO     | app | [GET] /api/v1/pedidos - Status: 200 - Duration: 0.032s - IP: 127.0.0.1 - User: fedegarcia30@gmail.com
2026-03-08 17:03:02,817 | INFO     | app | [GET] /api/v1/pedidos - Status: 200 - Duration: 0.023s - IP: 127.0.0.1 - User: repartidor@repartidor.com
2026-03-08 17:03:02,820 | INFO     | app | [GET] /api/v1/pedidos - Status: 200 - Duration: 0.032s - IP: 127.0.0.1 - User: repartidor@repartidor.com
2026-03-08 17:03:02,838 | INFO     | app | [GET] /api/v1/pedidos - Status: 200 - Duration: 0.036s - IP: 127.0.0.1 - User: repartidor@repartidor.com
2026-03-08 17:03:03,126 | INFO     | app | [GET] /api/v1/pedidos - Status: 200 - Duration: 0.054s - IP: 127.0.0.1 - User: fedegarcia30@gmail.com
2026-03-08 17:03:03,144 | INFO     | app | [GET] /api/v1/pedidos - Status: 200 - Duration: 0.039s - IP: 127.0.0.1 - User: fedegarcia30@gmail.com
2026-03-08 17:03:03,150 | INFO     | app | [GET] /api/v1/pedidos - Status: 200 - Duration: 0.038s - IP: 127.0.0.1 - User: fedegarcia30@gmail.com
2026-03-08 17:03:03,163 | INFO     | app | [GET] /api/v1/pedidos - Status: 200 - Duration: 0.026s - IP: 127.0.0.1 - User: repartidor@repartidor.com
2026-03-08 17:03:03,176 | INFO     | app | [GET] /api/v1/pedidos - Status: 200 - Duration: 0.035s - IP: 127.0.0.1 - User: repartidor@repartidor.com
2026-03-08 17:03:03,194 | INFO     | app | [GET] /api/v1/pedidos - Status: 200 - Duration: 0.085s - IP: 127.0.0.1 - User: repartidor@repartidor.com
2026-03-08 17:03:03,330 | INFO     | app | [GET] /api/v1/pedidos - Status: 200 - Duration: 0.276s - IP: 127.0.0.1 - User: fedegarcia30@gmail.com
2026-03-08 17:03:03,352 | INFO     | app | [GET] /api/v1/pedidos - Status: 200 - Duration: 0.264s - IP: 127.0.0.1 - User: repartidor@repartidor.com
2026-03-08 17:03:08,443 | INFO     | app | [OPTIONS] /api/v1/pedidos - Status: 200 - Duration: 0.0s - IP: 127.0.0.1 - User: Anonymous
2026-03-08 17:03:08,445 | INFO     | app | [OPTIONS] /api/v1/pedidos - Status: 200 - Duration: 0.0s - IP: 127.0.0.1 - User: Anonymous
2026-03-08 17:03:08,445 | INFO     | app | [OPTIONS] /api/v1/pedidos - Status: 200 - Duration: 0.0s - IP: 127.0.0.1 - User: Anonymous
2026-03-08 17:03:08,452 | INFO     | app | [OPTIONS] /api/v1/pedidos - Status: 200 - Duration: 0.0s - IP: 127.0.0.1 - User: Anonymous
2026-03-08 17:03:08,461 | INFO     | app | [OPTIONS] /api/v1/pedidos - Status: 200 - Duration: 0.0s - IP: 127.0.0.1 - User: Anonymous
2026-03-08 17:03:08,466 | INFO     | app | [OPTIONS] /api/v1/pedidos - Status: 200 - Duration: 0.0s - IP: 127.0.0.1 - User: Anonymous
2026-03-08 17:03:08,468 | INFO     | app | [OPTIONS] /api/v1/pedidos - Status: 200 - Duration: 0.0s - IP: 127.0.0.1 - User: Anonymous
2026-03-08 17:03:08,478 | INFO     | app | [OPTIONS] /api/v1/pedidos - Status: 200 - Duration: 0.0s - IP: 127.0.0.1 - User: Anonymous
2026-03-08 17:03:08,494 | INFO     | app | [OPTIONS] /api/v1/pedidos - Status: 200 - Duration: 0.0s - IP: 127.0.0.1 - User: Anonymous
2026-03-08 17:03:08,500 | INFO     | app | [OPTIONS] /api/v1/pedidos - Status: 200 - Duration: 0.0s - IP: 127.0.0.1 - User: Anonymous
2026-03-08 17:03:08,761 | INFO     | app | [OPTIONS] /api/v1/pedidos - Status: 200 - Duration: 0.0s - IP: 127.0.0.1 - User: Anonymous
2026-03-08 17:03:08,764 | INFO     | app | [OPTIONS] /api/v1/pedidos - Status: 200 - Duration: 0.0s - IP: 127.0.0.1 - User: Anonymous
2026-03-08 17:03:08,784 | INFO     | app | [GET] /api/v1/pedidos - Status: 200 - Duration: 0.014s - IP: 127.0.0.1 - User: fedegarcia30@gmail.com
2026-03-08 17:03:08,786 | INFO     | app | [GET] /api/v1/pedidos - Status: 200 - Duration: 0.01s - IP: 127.0.0.1 - User: fedegarcia30@gmail.com
2026-03-08 17:03:08,802 | INFO     | app | [OPTIONS] /api/v1/pedidos - Status: 200 - Duration: 0.0s - IP: 127.0.0.1 - User: Anonymous
2026-03-08 17:03:08,806 | INFO     | app | [OPTIONS] /api/v1/pedidos - Status: 200 - Duration: 0.0s - IP: 127.0.0.1 - User: Anonymous
2026-03-08 17:03:08,812 | INFO     | app | [GET] /api/v1/pedidos - Status: 200 - Duration: 0.02s - IP: 127.0.0.1 - User: fedegarcia30@gmail.com
2026-03-08 17:03:08,832 | INFO     | app | [GET] /api/v1/pedidos - Status: 200 - Duration: 0.023s - IP: 127.0.0.1 - User: repartidor@repartidor.com
2026-03-08 17:03:08,834 | INFO     | app | [GET] /api/v1/pedidos - Status: 200 - Duration: 0.018s - IP: 127.0.0.1 - User: repartidor@repartidor.com
2026-03-08 17:03:08,837 | INFO     | app | [GET] /api/v1/pedidos - Status: 200 - Duration: 0.014s - IP: 127.0.0.1 - User: repartidor@repartidor.com
2026-03-08 17:03:09,155 | INFO     | app | [GET] /api/v1/pedidos - Status: 200 - Duration: 0.024s - IP: 127.0.0.1 - User: fedegarcia30@gmail.com
2026-03-08 17:03:09,165 | INFO     | app | [GET] /api/v1/pedidos - Status: 200 - Duration: 0.025s - IP: 127.0.0.1 - User: fedegarcia30@gmail.com
2026-03-08 17:03:09,187 | INFO     | app | [GET] /api/v1/pedidos - Status: 200 - Duration: 0.025s - IP: 127.0.0.1 - User: repartidor@repartidor.com
2026-03-08 17:03:09,195 | INFO     | app | [GET] /api/v1/pedidos - Status: 200 - Duration: 0.027s - IP: 127.0.0.1 - User: repartidor@repartidor.com
2026-03-08 17:03:09,202 | INFO     | app | [GET] /api/v1/pedidos - Status: 200 - Duration: 0.122s - IP: 127.0.0.1 - User: fedegarcia30@gmail.com
2026-03-08 17:03:09,230 | INFO     | app | [GET] /api/v1/pedidos - Status: 200 - Duration: 0.08s - IP: 127.0.0.1 - User: repartidor@repartidor.com
2026-03-08 17:03:09,403 | INFO     | app | [GET] /api/v1/pedidos - Status: 200 - Duration: 0.328s - IP: 127.0.0.1 - User: fedegarcia30@gmail.com
2026-03-08 17:03:09,440 | INFO     | app | [GET] /api/v1/pedidos - Status: 200 - Duration: 0.297s - IP: 127.0.0.1 - User: repartidor@repartidor.com
2026-03-08 17:03:12,916 | INFO     | app | [GET] /api/v1/pedidos - Status: 200 - Duration: 16.77s - IP: 127.0.0.1 - User: fedegarcia30@gmail.com
2026-03-08 17:03:13,091 | INFO     | app | [GET] /api/v1/pedidos - Status: 200 - Duration: 16.961s - IP: 127.0.0.1 - User: repartidor@repartidor.com
2026-03-08 17:03:15,444 | INFO     | app | [OPTIONS] /api/v1/pedidos - Status: 200 - Duration: 0.0s - IP: 127.0.0.1 - User: Anonymous
2026-03-08 17:03:15,445 | INFO     | app | [OPTIONS] /api/v1/pedidos - Status: 200 - Duration: 0.0s - IP: 127.0.0.1 - User: Anonymous
2026-03-08 17:03:15,447 | INFO     | app | [OPTIONS] /api/v1/pedidos - Status: 200 - Duration: 0.0s - IP: 127.0.0.1 - User: Anonymous
2026-03-08 17:03:15,448 | INFO     | app | [OPTIONS] /api/v1/pedidos - Status: 200 - Duration: 0.001s - IP: 127.0.0.1 - User: Anonymous
2026-03-08 17:03:15,448 | INFO     | app | [OPTIONS] /api/v1/pedidos - Status: 200 - Duration: 0.0s - IP: 127.0.0.1 - User: Anonymous
2026-03-08 17:03:15,448 | INFO     | app | [OPTIONS] /api/v1/pedidos - Status: 200 - Duration: 0.0s - IP: 127.0.0.1 - User: Anonymous
2026-03-08 17:03:15,450 | INFO     | app | [OPTIONS] /api/v1/pedidos - Status: 200 - Duration: 0.001s - IP: 127.0.0.1 - User: Anonymous
2026-03-08 17:03:15,453 | INFO     | app | [OPTIONS] /api/v1/pedidos - Status: 200 - Duration: 0.0s - IP: 127.0.0.1 - User: Anonymous
2026-03-08 17:03:15,459 | INFO     | app | [OPTIONS] /api/v1/pedidos - Status: 200 - Duration: 0.0s - IP: 127.0.0.1 - User: Anonymous
2026-03-08 17:03:15,466 | INFO     | app | [OPTIONS] /api/v1/pedidos - Status: 200 - Duration: 0.001s - IP: 127.0.0.1 - User: Anonymous
2026-03-08 17:03:15,470 | INFO     | app | [OPTIONS] /api/v1/pedidos - Status: 200 - Duration: 0.0s - IP: 127.0.0.1 - User: Anonymous
2026-03-08 17:03:15,474 | INFO     | app | [OPTIONS] /api/v1/pedidos - Status: 200 - Duration: 0.0s - IP: 127.0.0.1 - User: Anonymous
2026-03-08 17:03:15,770 | INFO     | app | [OPTIONS] /api/v1/pedidos - Status: 200 - Duration: 0.0s - IP: 127.0.0.1 - User: Anonymous
2026-03-08 17:03:15,790 | INFO     | app | [OPTIONS] /api/v1/pedidos - Status: 200 - Duration: 0.0s - IP: 127.0.0.1 - User: Anonymous
2026-03-08 17:03:15,792 | INFO     | app | [GET] /api/v1/pedidos - Status: 200 - Duration: 0.021s - IP: 127.0.0.1 - User: fedegarcia30@gmail.com
2026-03-08 17:03:15,792 | INFO     | app | [GET] /api/v1/pedidos - Status: 200 - Duration: 0.02s - IP: 127.0.0.1 - User: fedegarcia30@gmail.com
2026-03-08 17:03:15,804 | INFO     | app | [GET] /api/v1/pedidos - Status: 200 - Duration: 0.023s - IP: 127.0.0.1 - User: fedegarcia30@gmail.com
2026-03-08 17:03:15,826 | INFO     | app | [GET] /api/v1/pedidos - Status: 200 - Duration: 0.026s - IP: 127.0.0.1 - User: repartidor@repartidor.com
2026-03-08 17:03:15,835 | INFO     | app | [GET] /api/v1/pedidos - Status: 200 - Duration: 0.042s - IP: 127.0.0.1 - User: repartidor@repartidor.com
2026-03-08 17:03:15,838 | INFO     | app | [GET] /api/v1/pedidos - Status: 200 - Duration: 0.035s - IP: 127.0.0.1 - User: repartidor@repartidor.com
2026-03-08 17:03:15,864 | INFO     | app | [GET] /api/v1/pedidos - Status: 200 - Duration: 0.089s - IP: 127.0.0.1 - User: fedegarcia30@gmail.com
2026-03-08 17:03:15,877 | INFO     | app | [GET] /api/v1/pedidos - Status: 200 - Duration: 0.061s - IP: 127.0.0.1 - User: repartidor@repartidor.com
2026-03-08 17:03:16,022 | INFO     | app | [GET] /api/v1/pedidos - Status: 200 - Duration: 0.212s - IP: 127.0.0.1 - User: repartidor@repartidor.com
2026-03-08 17:03:16,023 | INFO     | app | [GET] /api/v1/pedidos - Status: 200 - Duration: 0.25s - IP: 127.0.0.1 - User: fedegarcia30@gmail.com
2026-03-08 17:03:16,084 | INFO     | app | [GET] /api/v1/pedidos - Status: 200 - Duration: 0.006s - IP: 127.0.0.1 - User: fedegarcia30@gmail.com
2026-03-08 17:03:16,116 | INFO     | app | [GET] /api/v1/pedidos - Status: 200 - Duration: 0.007s - IP: 127.0.0.1 - User: repartidor@repartidor.com
2026-03-08 17:03:16,128 | INFO     | app | [GET] /api/v1/pedidos - Status: 200 - Duration: 0.008s - IP: 127.0.0.1 - User: fedegarcia30@gmail.com
2026-03-08 17:03:16,160 | INFO     | app | [GET] /api/v1/pedidos - Status: 200 - Duration: 0.006s - IP: 127.0.0.1 - User: repartidor@repartidor.com
2026-03-08 17:03:30,420 | INFO     | app | [OPTIONS] /api/v1/pedidos - Status: 200 - Duration: 0.001s - IP: 127.0.0.1 - User: Anonymous
2026-03-08 17:03:30,421 | INFO     | app | [OPTIONS] /api/v1/pedidos - Status: 200 - Duration: 0.0s - IP: 127.0.0.1 - User: Anonymous
2026-03-08 17:03:30,422 | INFO     | app | [OPTIONS] /api/v1/pedidos - Status: 200 - Duration: 0.0s - IP: 127.0.0.1 - User: Anonymous
2026-03-08 17:03:30,422 | INFO     | app | [OPTIONS] /api/v1/pedidos - Status: 200 - Duration: 0.0s - IP: 127.0.0.1 - User: Anonymous
2026-03-08 17:03:30,424 | INFO     | app | [OPTIONS] /api/v1/pedidos - Status: 200 - Duration: 0.0s - IP: 127.0.0.1 - User: Anonymous
2026-03-08 17:03:30,428 | INFO     | app | [OPTIONS] /api/v1/pedidos - Status: 200 - Duration: 0.0s - IP: 127.0.0.1 - User: Anonymous
2026-03-08 17:03:30,438 | INFO     | app | [OPTIONS] /api/v1/pedidos - Status: 200 - Duration: 0.0s - IP: 127.0.0.1 - User: Anonymous
2026-03-08 17:03:30,439 | INFO     | app | [OPTIONS] /api/v1/pedidos - Status: 200 - Duration: 0.0s - IP: 127.0.0.1 - User: Anonymous
2026-03-08 17:03:30,439 | INFO     | app | [OPTIONS] /api/v1/pedidos - Status: 200 - Duration: 0.0s - IP: 127.0.0.1 - User: Anonymous
2026-03-08 17:03:30,442 | INFO     | app | [OPTIONS] /api/v1/pedidos - Status: 200 - Duration: 0.0s - IP: 127.0.0.1 - User: Anonymous
2026-03-08 17:03:30,448 | INFO     | app | [OPTIONS] /api/v1/pedidos - Status: 200 - Duration: 0.001s - IP: 127.0.0.1 - User: Anonymous
2026-03-08 17:03:30,455 | INFO     | app | [OPTIONS] /api/v1/pedidos - Status: 200 - Duration: 0.0s - IP: 127.0.0.1 - User: Anonymous
2026-03-08 17:03:30,748 | INFO     | app | [OPTIONS] /api/v1/pedidos - Status: 200 - Duration: 0.0s - IP: 127.0.0.1 - User: Anonymous
2026-03-08 17:03:30,758 | INFO     | app | [OPTIONS] /api/v1/pedidos - Status: 200 - Duration: 0.0s - IP: 127.0.0.1 - User: Anonymous
2026-03-08 17:03:30,759 | INFO     | app | [GET] /api/v1/pedidos - Status: 200 - Duration: 0.01s - IP: 127.0.0.1 - User: repartidor@repartidor.com
2026-03-08 17:03:30,766 | INFO     | app | [GET] /api/v1/pedidos - Status: 200 - Duration: 0.016s - IP: 127.0.0.1 - User: repartidor@repartidor.com
2026-03-08 17:03:30,770 | INFO     | app | [GET] /api/v1/pedidos - Status: 200 - Duration: 0.014s - IP: 127.0.0.1 - User: repartidor@repartidor.com
2026-03-08 17:03:30,795 | INFO     | app | [GET] /api/v1/pedidos - Status: 200 - Duration: 0.021s - IP: 127.0.0.1 - User: fedegarcia30@gmail.com
2026-03-08 17:03:30,800 | INFO     | app | [GET] /api/v1/pedidos - Status: 200 - Duration: 0.02s - IP: 127.0.0.1 - User: fedegarcia30@gmail.com
2026-03-08 17:03:30,809 | INFO     | app | [GET] /api/v1/pedidos - Status: 200 - Duration: 0.023s - IP: 127.0.0.1 - User: fedegarcia30@gmail.com
2026-03-08 17:03:30,833 | INFO     | app | [GET] /api/v1/pedidos - Status: 200 - Duration: 0.063s - IP: 127.0.0.1 - User: repartidor@repartidor.com
2026-03-08 17:03:30,850 | INFO     | app | [GET] /api/v1/pedidos - Status: 200 - Duration: 0.05s - IP: 127.0.0.1 - User: fedegarcia30@gmail.com
2026-03-08 17:03:30,957 | INFO     | app | [GET] /api/v1/pedidos - Status: 200 - Duration: 0.194s - IP: 127.0.0.1 - User: repartidor@repartidor.com
2026-03-08 17:03:30,971 | INFO     | app | [GET] /api/v1/pedidos - Status: 200 - Duration: 0.177s - IP: 127.0.0.1 - User: fedegarcia30@gmail.com
2026-03-08 17:03:31,073 | INFO     | app | [GET] /api/v1/pedidos - Status: 200 - Duration: 0.005s - IP: 127.0.0.1 - User: repartidor@repartidor.com
2026-03-08 17:03:31,086 | INFO     | app | [GET] /api/v1/pedidos - Status: 200 - Duration: 0.008s - IP: 127.0.0.1 - User: repartidor@repartidor.com
2026-03-08 17:03:31,087 | INFO     | app | [GET] /api/v1/pedidos - Status: 200 - Duration: 0.01s - IP: 127.0.0.1 - User: fedegarcia30@gmail.com
2026-03-08 17:03:31,119 | INFO     | app | [GET] /api/v1/pedidos - Status: 200 - Duration: 0.005s - IP: 127.0.0.1 - User: fedegarcia30@gmail.com
2026-03-08 17:11:04,719 | INFO     | app | Logger initialized successfully at level INFO
2026-03-08 17:11:16,669 | INFO     | app | Logger initialized successfully at level INFO
2026-03-08 17:11:49,701 | INFO     | app | Logger initialized successfully at level INFO
2026-03-08 17:11:50,473 | INFO     | app | [OPTIONS] /api/v1/pedidos - Status: 200 - Duration: 0.0s - IP: 127.0.0.1 - User: Anonymous
2026-03-08 17:11:50,475 | INFO     | app | [OPTIONS] /api/v1/pedidos - Status: 200 - Duration: 0.001s - IP: 127.0.0.1 - User: Anonymous
2026-03-08 17:11:50,478 | INFO     | app | [OPTIONS] /api/v1/pedidos - Status: 200 - Duration: 0.0s - IP: 127.0.0.1 - User: Anonymous
2026-03-08 17:11:50,481 | INFO     | app | [OPTIONS] /api/v1/pedidos - Status: 200 - Duration: 0.0s - IP: 127.0.0.1 - User: Anonymous
2026-03-08 17:11:50,487 | INFO     | app | [OPTIONS] /api/v1/pedidos - Status: 200 - Duration: 0.0s - IP: 127.0.0.1 - User: Anonymous
2026-03-08 17:11:50,489 | INFO     | app | [OPTIONS] /api/v1/pedidos - Status: 200 - Duration: 0.0s - IP: 127.0.0.1 - User: Anonymous
2026-03-08 17:11:50,491 | INFO     | app | [OPTIONS] /api/v1/pedidos - Status: 200 - Duration: 0.0s - IP: 127.0.0.1 - User: Anonymous
2026-03-08 17:11:50,492 | INFO     | app | [OPTIONS] /api/v1/pedidos - Status: 200 - Duration: 0.0s - IP: 127.0.0.1 - User: Anonymous
2026-03-08 17:11:50,493 | INFO     | app | [OPTIONS] /api/v1/pedidos - Status: 200 - Duration: 0.0s - IP: 127.0.0.1 - User: Anonymous
2026-03-08 17:11:50,496 | INFO     | app | [OPTIONS] /api/v1/pedidos - Status: 200 - Duration: 0.0s - IP: 127.0.0.1 - User: Anonymous
2026-03-08 17:11:50,510 | INFO     | app | [OPTIONS] /api/v1/pedidos - Status: 200 - Duration: 0.0s - IP: 127.0.0.1 - User: Anonymous
2026-03-08 17:11:50,518 | INFO     | app | [OPTIONS] /api/v1/pedidos - Status: 200 - Duration: 0.0s - IP: 127.0.0.1 - User: Anonymous
2026-03-08 17:11:50,813 | INFO     | app | [OPTIONS] /api/v1/pedidos - Status: 200 - Duration: 0.001s - IP: 127.0.0.1 - User: Anonymous
2026-03-08 17:11:50,821 | INFO     | app | [OPTIONS] /api/v1/pedidos - Status: 200 - Duration: 0.0s - IP: 127.0.0.1 - User: Anonymous
2026-03-08 17:11:53,536 | WARNING  | app | Auth failed. Invalid token: (mysql.connector.errors.DatabaseError) 2059 (HY000): Authentication plugin 'mysql_native_password' cannot be loaded: it is already loaded
(Background on this error at: https://sqlalche.me/e/20/4xp6) - IP: 127.0.0.1
2026-03-08 17:11:53,536 | WARNING  | app | Auth failed. Invalid token: (mysql.connector.errors.DatabaseError) 2059 (HY000): Authentication plugin 'mysql_native_password' cannot be loaded: it is already loaded
(Background on this error at: https://sqlalche.me/e/20/4xp6) - IP: 127.0.0.1
2026-03-08 17:11:53,537 | WARNING  | app | Auth failed. Invalid token: (mysql.connector.errors.DatabaseError) 2059 (HY000): Authentication plugin 'mysql_native_password' cannot be loaded: it is already loaded
(Background on this error at: https://sqlalche.me/e/20/4xp6) - IP: 127.0.0.1
2026-03-08 17:11:53,537 | WARNING  | app | Auth failed. Invalid token: (mysql.connector.errors.DatabaseError) 2059 (HY000): Authentication plugin 'mysql_native_password' cannot be loaded: it is already loaded
(Background on this error at: https://sqlalche.me/e/20/4xp6) - IP: 127.0.0.1
2026-03-08 17:11:53,540 | INFO     | app | [GET] /api/v1/pedidos - Status: 401 - Duration: 2.693s - IP: 127.0.0.1 - User: Anonymous
2026-03-08 17:11:53,543 | INFO     | app | [GET] /api/v1/pedidos - Status: 401 - Duration: 2.73s - IP: 127.0.0.1 - User: Anonymous
2026-03-08 17:11:53,544 | INFO     | app | [GET] /api/v1/pedidos - Status: 401 - Duration: 2.727s - IP: 127.0.0.1 - User: Anonymous
2026-03-08 17:11:53,548 | INFO     | app | [GET] /api/v1/pedidos - Status: 401 - Duration: 2.704s - IP: 127.0.0.1 - User: Anonymous
2026-03-08 17:11:53,617 | INFO     | app | [GET] /api/v1/pedidos - Status: 200 - Duration: 2.801s - IP: 127.0.0.1 - User: repartidor@repartidor.com
2026-03-08 17:11:53,618 | INFO     | app | [GET] /api/v1/pedidos - Status: 200 - Duration: 2.801s - IP: 127.0.0.1 - User: repartidor@repartidor.com
2026-03-08 17:11:53,627 | INFO     | app | [GET] /api/v1/pedidos - Status: 200 - Duration: 2.793s - IP: 127.0.0.1 - User: fedegarcia30@gmail.com
2026-03-08 17:11:53,633 | INFO     | app | [GET] /api/v1/pedidos - Status: 200 - Duration: 2.808s - IP: 127.0.0.1 - User: fedegarcia30@gmail.com
2026-03-08 17:11:53,638 | INFO     | app | [GET] /api/v1/pedidos - Status: 200 - Duration: 2.798s - IP: 127.0.0.1 - User: fedegarcia30@gmail.com
2026-03-08 17:11:53,707 | INFO     | app | [GET] /api/v1/pedidos - Status: 200 - Duration: 2.882s - IP: 127.0.0.1 - User: repartidor@repartidor.com
2026-03-08 17:11:53,713 | INFO     | app | [GET] /api/v1/pedidos - Status: 200 - Duration: 2.575s - IP: 127.0.0.1 - User: repartidor@repartidor.com
2026-03-08 17:11:53,732 | INFO     | app | [GET] /api/v1/pedidos - Status: 200 - Duration: 2.592s - IP: 127.0.0.1 - User: fedegarcia30@gmail.com
2026-03-08 17:11:53,880 | INFO     | app | [GET] /api/v1/pedidos - Status: 200 - Duration: 0.019s - IP: 127.0.0.1 - User: fedegarcia30@gmail.com
2026-03-08 17:11:53,888 | INFO     | app | [GET] /api/v1/pedidos - Status: 200 - Duration: 0.019s - IP: 127.0.0.1 - User: repartidor@repartidor.com
2026-03-08 17:12:52,517 | INFO     | app | Logger initialized successfully at level INFO
2026-03-08 17:12:52,693 | WARNING  | app | Auth failed. Invalid token: Wrong number of segments in token: b'DEV_BYPASS_TOKEN' - IP: 127.0.0.1
2026-03-08 17:13:10,002 | INFO     | app | Logger initialized successfully at level INFO
2026-03-08 17:13:16,575 | INFO     | app | Logger initialized successfully at level INFO
2026-03-08 17:13:26,575 | INFO     | app | Logger initialized successfully at level INFO
2026-03-08 17:13:26,736 | INFO     | app | Feedback saved for pedido #1
2026-03-08 17:13:26,745 | INFO     | app | Feedback saved for pedido #1
2026-03-08 17:13:35,557 | INFO     | app | Logger initialized successfully at level INFO
2026-03-08 17:13:35,670 | INFO     | app | Pedido #1 properties updated successfully
2026-03-08 17:13:35,675 | INFO     | app | Pedido #1 properties updated successfully
2026-03-08 17:14:40,314 | INFO     | app | [OPTIONS] /api/v1/pedidos/2248/feedback - Status: 200 - Duration: 0.001s - IP: 127.0.0.1 - User: Anonymous
2026-03-08 17:14:41,111 | INFO     | app | Feedback saved for pedido #2248
2026-03-08 17:14:41,111 | INFO     | app | [POST] /api/v1/pedidos/2248/feedback - Status: 200 - Duration: 0.537s - IP: 127.0.0.1 - User: fedegarcia30@gmail.com
2026-03-08 17:14:41,118 | INFO     | app | [OPTIONS] /api/v1/pedidos/2248 - Status: 200 - Duration: 0.0s - IP: 127.0.0.1 - User: Anonymous
2026-03-08 17:14:41,494 | INFO     | app | Pedido #2248 properties updated successfully
2026-03-08 17:14:41,504 | INFO     | app | [PATCH] /api/v1/pedidos/2248 - Status: 200 - Duration: 0.075s - IP: 127.0.0.1 - User: fedegarcia30@gmail.com
2026-03-08 17:16:10,445 | INFO     | app | [OPTIONS] /api/v1/pedidos - Status: 200 - Duration: 0.0s - IP: 127.0.0.1 - User: Anonymous
2026-03-08 17:16:10,447 | INFO     | app | [OPTIONS] /api/v1/pedidos - Status: 200 - Duration: 0.0s - IP: 127.0.0.1 - User: Anonymous
2026-03-08 17:16:10,447 | INFO     | app | [OPTIONS] /api/v1/pedidos - Status: 200 - Duration: 0.0s - IP: 127.0.0.1 - User: Anonymous
2026-03-08 17:16:10,448 | INFO     | app | [OPTIONS] /api/v1/pedidos - Status: 200 - Duration: 0.0s - IP: 127.0.0.1 - User: Anonymous
2026-03-08 17:16:10,449 | INFO     | app | [OPTIONS] /api/v1/pedidos - Status: 200 - Duration: 0.0s - IP: 127.0.0.1 - User: Anonymous
2026-03-08 17:16:10,449 | INFO     | app | [OPTIONS] /api/v1/pedidos - Status: 200 - Duration: 0.0s - IP: 127.0.0.1 - User: Anonymous
2026-03-08 17:16:10,451 | INFO     | app | [OPTIONS] /api/v1/pedidos - Status: 200 - Duration: 0.001s - IP: 127.0.0.1 - User: Anonymous
2026-03-08 17:16:10,451 | INFO     | app | [OPTIONS] /api/v1/pedidos - Status: 200 - Duration: 0.0s - IP: 127.0.0.1 - User: Anonymous
2026-03-08 17:16:10,452 | INFO     | app | [OPTIONS] /api/v1/pedidos - Status: 200 - Duration: 0.0s - IP: 127.0.0.1 - User: Anonymous
2026-03-08 17:16:10,454 | INFO     | app | [OPTIONS] /api/v1/pedidos - Status: 200 - Duration: 0.0s - IP: 127.0.0.1 - User: Anonymous
2026-03-08 17:16:10,455 | INFO     | app | [OPTIONS] /api/v1/pedidos - Status: 200 - Duration: 0.0s - IP: 127.0.0.1 - User: Anonymous
2026-03-08 17:16:10,455 | INFO     | app | [OPTIONS] /api/v1/pedidos - Status: 200 - Duration: 0.0s - IP: 127.0.0.1 - User: Anonymous
2026-03-08 17:16:10,766 | INFO     | app | [OPTIONS] /api/v1/pedidos - Status: 200 - Duration: 0.0s - IP: 127.0.0.1 - User: Anonymous
2026-03-08 17:16:10,796 | INFO     | app | [OPTIONS] /api/v1/pedidos - Status: 200 - Duration: 0.0s - IP: 127.0.0.1 - User: Anonymous
2026-03-08 17:16:10,833 | INFO     | app | [GET] /api/v1/pedidos - Status: 200 - Duration: 0.066s - IP: 127.0.0.1 - User: repartidor@repartidor.com
2026-03-08 17:16:10,836 | INFO     | app | [GET] /api/v1/pedidos - Status: 200 - Duration: 0.068s - IP: 127.0.0.1 - User: repartidor@repartidor.com
2026-03-08 17:16:10,845 | INFO     | app | [GET] /api/v1/pedidos - Status: 200 - Duration: 0.045s - IP: 127.0.0.1 - User: fedegarcia30@gmail.com
2026-03-08 17:16:10,847 | INFO     | app | [GET] /api/v1/pedidos - Status: 200 - Duration: 0.057s - IP: 127.0.0.1 - User: repartidor@repartidor.com
2026-03-08 17:16:10,894 | INFO     | app | [GET] /api/v1/pedidos - Status: 200 - Duration: 0.089s - IP: 127.0.0.1 - User: fedegarcia30@gmail.com
2026-03-08 17:16:10,902 | INFO     | app | [GET] /api/v1/pedidos - Status: 200 - Duration: 0.038s - IP: 127.0.0.1 - User: fedegarcia30@gmail.com
2026-03-08 17:16:10,940 | INFO     | app | [GET] /api/v1/pedidos - Status: 200 - Duration: 0.1s - IP: 127.0.0.1 - User: repartidor@repartidor.com
2026-03-08 17:16:10,946 | INFO     | app | [GET] /api/v1/pedidos - Status: 200 - Duration: 0.097s - IP: 127.0.0.1 - User: fedegarcia30@gmail.com
2026-03-08 17:16:11,111 | INFO     | app | [GET] /api/v1/pedidos - Status: 200 - Duration: 0.022s - IP: 127.0.0.1 - User: repartidor@repartidor.com
2026-03-08 17:16:11,147 | INFO     | app | [GET] /api/v1/pedidos - Status: 200 - Duration: 0.022s - IP: 127.0.0.1 - User: fedegarcia30@gmail.com
2026-03-08 17:16:11,185 | INFO     | app | [GET] /api/v1/pedidos - Status: 200 - Duration: 0.026s - IP: 127.0.0.1 - User: repartidor@repartidor.com
2026-03-08 17:16:11,221 | INFO     | app | [GET] /api/v1/pedidos - Status: 200 - Duration: 0.023s - IP: 127.0.0.1 - User: fedegarcia30@gmail.com
2026-03-08 17:16:11,272 | INFO     | app | [GET] /api/v1/pedidos - Status: 200 - Duration: 0.491s - IP: 127.0.0.1 - User: repartidor@repartidor.com
2026-03-08 17:16:11,282 | INFO     | app | [GET] /api/v1/pedidos - Status: 200 - Duration: 0.469s - IP: 127.0.0.1 - User: fedegarcia30@gmail.com
2026-03-08 17:16:21,481 | INFO     | app | [OPTIONS] /api/v1/pedidos - Status: 200 - Duration: 0.0s - IP: 127.0.0.1 - User: Anonymous
2026-03-08 17:16:21,482 | INFO     | app | [OPTIONS] /api/v1/pedidos - Status: 200 - Duration: 0.0s - IP: 127.0.0.1 - User: Anonymous
2026-03-08 17:16:21,484 | INFO     | app | [OPTIONS] /api/v1/pedidos - Status: 200 - Duration: 0.001s - IP: 127.0.0.1 - User: Anonymous
2026-03-08 17:16:21,484 | INFO     | app | [OPTIONS] /api/v1/pedidos - Status: 200 - Duration: 0.0s - IP: 127.0.0.1 - User: Anonymous
2026-03-08 17:16:21,497 | INFO     | app | [OPTIONS] /api/v1/pedidos - Status: 200 - Duration: 0.0s - IP: 127.0.0.1 - User: Anonymous
2026-03-08 17:16:21,498 | INFO     | app | [OPTIONS] /api/v1/pedidos - Status: 200 - Duration: 0.0s - IP: 127.0.0.1 - User: Anonymous
2026-03-08 17:16:21,502 | INFO     | app | [OPTIONS] /api/v1/pedidos - Status: 200 - Duration: 0.001s - IP: 127.0.0.1 - User: Anonymous
2026-03-08 17:16:21,507 | INFO     | app | [OPTIONS] /api/v1/pedidos - Status: 200 - Duration: 0.0s - IP: 127.0.0.1 - User: Anonymous
2026-03-08 17:16:21,513 | INFO     | app | [OPTIONS] /api/v1/pedidos - Status: 200 - Duration: 0.001s - IP: 127.0.0.1 - User: Anonymous
2026-03-08 17:16:21,525 | INFO     | app | [OPTIONS] /api/v1/pedidos - Status: 200 - Duration: 0.001s - IP: 127.0.0.1 - User: Anonymous
2026-03-08 17:16:21,532 | INFO     | app | [OPTIONS] /api/v1/pedidos - Status: 200 - Duration: 0.0s - IP: 127.0.0.1 - User: Anonymous
2026-03-08 17:16:21,538 | INFO     | app | [OPTIONS] /api/v1/pedidos - Status: 200 - Duration: 0.0s - IP: 127.0.0.1 - User: Anonymous
2026-03-08 17:16:21,815 | INFO     | app | [OPTIONS] /api/v1/pedidos - Status: 200 - Duration: 0.0s - IP: 127.0.0.1 - User: Anonymous
2026-03-08 17:16:21,857 | INFO     | app | [GET] /api/v1/pedidos - Status: 200 - Duration: 0.039s - IP: 127.0.0.1 - User: repartidor@repartidor.com
2026-03-08 17:16:21,861 | INFO     | app | [GET] /api/v1/pedidos - Status: 200 - Duration: 0.041s - IP: 127.0.0.1 - User: repartidor@repartidor.com
2026-03-08 17:16:21,864 | INFO     | app | [OPTIONS] /api/v1/pedidos - Status: 200 - Duration: 0.001s - IP: 127.0.0.1 - User: Anonymous
2026-03-08 17:16:21,878 | INFO     | app | [GET] /api/v1/pedidos - Status: 200 - Duration: 0.046s - IP: 127.0.0.1 - User: repartidor@repartidor.com
2026-03-08 17:16:21,926 | INFO     | app | [GET] /api/v1/pedidos - Status: 200 - Duration: 0.049s - IP: 127.0.0.1 - User: fedegarcia30@gmail.com
2026-03-08 17:16:21,969 | INFO     | app | [GET] /api/v1/pedidos - Status: 200 - Duration: 0.06s - IP: 127.0.0.1 - User: fedegarcia30@gmail.com
2026-03-08 17:16:21,981 | INFO     | app | [GET] /api/v1/pedidos - Status: 200 - Duration: 0.087s - IP: 127.0.0.1 - User: fedegarcia30@gmail.com
2026-03-08 17:16:22,023 | INFO     | app | [GET] /api/v1/pedidos - Status: 200 - Duration: 0.169s - IP: 127.0.0.1 - User: repartidor@repartidor.com
2026-03-08 17:16:22,074 | INFO     | app | [GET] /api/v1/pedidos - Status: 200 - Duration: 0.101s - IP: 127.0.0.1 - User: fedegarcia30@gmail.com
2026-03-08 17:16:22,176 | INFO     | app | [GET] /api/v1/pedidos - Status: 200 - Duration: 0.026s - IP: 127.0.0.1 - User: repartidor@repartidor.com
2026-03-08 17:16:22,241 | INFO     | app | [GET] /api/v1/pedidos - Status: 200 - Duration: 0.051s - IP: 127.0.0.1 - User: repartidor@repartidor.com
2026-03-08 17:16:22,244 | INFO     | app | [GET] /api/v1/pedidos - Status: 200 - Duration: 0.044s - IP: 127.0.0.1 - User: fedegarcia30@gmail.com
2026-03-08 17:16:22,297 | INFO     | app | [GET] /api/v1/pedidos - Status: 200 - Duration: 0.027s - IP: 127.0.0.1 - User: fedegarcia30@gmail.com
2026-03-08 17:16:22,488 | INFO     | app | [GET] /api/v1/pedidos - Status: 200 - Duration: 0.647s - IP: 127.0.0.1 - User: repartidor@repartidor.com
2026-03-08 17:16:22,504 | INFO     | app | [GET] /api/v1/pedidos - Status: 200 - Duration: 0.566s - IP: 127.0.0.1 - User: fedegarcia30@gmail.com
2026-03-08 17:22:54,108 | INFO     | app | [OPTIONS] /api/v1/pedidos/3520/feedback - Status: 200 - Duration: 0.0s - IP: 127.0.0.1 - User: Anonymous
2026-03-08 17:22:54,439 | INFO     | app | Feedback saved for pedido #3520
2026-03-08 17:22:54,440 | INFO     | app | [POST] /api/v1/pedidos/3520/feedback - Status: 200 - Duration: 0.069s - IP: 127.0.0.1 - User: fedegarcia30@gmail.com
2026-03-08 17:22:54,446 | INFO     | app | [OPTIONS] /api/v1/pedidos/3521/feedback - Status: 200 - Duration: 0.0s - IP: 127.0.0.1 - User: Anonymous
2026-03-08 17:22:54,772 | INFO     | app | Feedback saved for pedido #3521
2026-03-08 17:22:54,772 | INFO     | app | [POST] /api/v1/pedidos/3521/feedback - Status: 200 - Duration: 0.015s - IP: 127.0.0.1 - User: fedegarcia30@gmail.com
2026-03-08 17:22:55,021 | INFO     | app | [OPTIONS] /api/v1/pedidos/3522/feedback - Status: 200 - Duration: 0.0s - IP: 127.0.0.1 - User: Anonymous
2026-03-08 17:22:55,150 | INFO     | app | Feedback saved for pedido #3522
2026-03-08 17:22:55,152 | INFO     | app | [POST] /api/v1/pedidos/3522/feedback - Status: 200 - Duration: 0.067s - IP: 127.0.0.1 - User: fedegarcia30@gmail.com
2026-03-08 17:22:55,333 | INFO     | app | [OPTIONS] /api/v1/pedidos/3523/feedback - Status: 200 - Duration: 0.0s - IP: 127.0.0.1 - User: Anonymous
2026-03-08 17:22:55,487 | INFO     | app | Feedback saved for pedido #3523
2026-03-08 17:22:55,487 | INFO     | app | [POST] /api/v1/pedidos/3523/feedback - Status: 200 - Duration: 0.016s - IP: 127.0.0.1 - User: fedegarcia30@gmail.com
2026-03-08 17:22:55,641 | INFO     | app | [OPTIONS] /api/v1/pedidos/3524/feedback - Status: 200 - Duration: 0.0s - IP: 127.0.0.1 - User: Anonymous
2026-03-08 17:22:55,867 | INFO     | app | Feedback saved for pedido #3524
2026-03-08 17:22:55,868 | INFO     | app | [POST] /api/v1/pedidos/3524/feedback - Status: 200 - Duration: 0.071s - IP: 127.0.0.1 - User: fedegarcia30@gmail.com
2026-03-08 17:22:55,952 | INFO     | app | [OPTIONS] /api/v1/pedidos/3520 - Status: 200 - Duration: 0.0s - IP: 127.0.0.1 - User: Anonymous
2026-03-08 17:22:56,211 | INFO     | app | Pedido #3520 properties updated successfully
2026-03-08 17:22:56,215 | INFO     | app | [PATCH] /api/v1/pedidos/3520 - Status: 200 - Duration: 0.03s - IP: 127.0.0.1 - User: fedegarcia30@gmail.com
2026-03-08 17:22:56,263 | INFO     | app | [OPTIONS] /api/v1/pedidos/3521 - Status: 200 - Duration: 0.0s - IP: 127.0.0.1 - User: Anonymous
2026-03-08 17:22:56,605 | INFO     | app | Pedido #3521 properties updated successfully
2026-03-08 17:22:56,609 | INFO     | app | [PATCH] /api/v1/pedidos/3521 - Status: 200 - Duration: 0.082s - IP: 127.0.0.1 - User: fedegarcia30@gmail.com
2026-03-08 17:22:56,616 | INFO     | app | [OPTIONS] /api/v1/pedidos/3522 - Status: 200 - Duration: 0.0s - IP: 127.0.0.1 - User: Anonymous
2026-03-08 17:22:56,949 | INFO     | app | Pedido #3522 properties updated successfully
2026-03-08 17:22:56,953 | INFO     | app | [PATCH] /api/v1/pedidos/3522 - Status: 200 - Duration: 0.019s - IP: 127.0.0.1 - User: fedegarcia30@gmail.com
2026-03-08 17:22:57,195 | INFO     | app | [OPTIONS] /api/v1/pedidos/3523 - Status: 200 - Duration: 0.0s - IP: 127.0.0.1 - User: Anonymous
2026-03-08 17:22:57,358 | INFO     | app | Pedido #3523 properties updated successfully
2026-03-08 17:22:57,361 | INFO     | app | [PATCH] /api/v1/pedidos/3523 - Status: 200 - Duration: 0.091s - IP: 127.0.0.1 - User: fedegarcia30@gmail.com
2026-03-08 17:22:57,500 | INFO     | app | [OPTIONS] /api/v1/pedidos/3524 - Status: 200 - Duration: 0.0s - IP: 127.0.0.1 - User: Anonymous
2026-03-08 17:22:57,751 | INFO     | app | Pedido #3524 properties updated successfully
2026-03-08 17:22:57,757 | INFO     | app | [PATCH] /api/v1/pedidos/3524 - Status: 200 - Duration: 0.085s - IP: 127.0.0.1 - User: fedegarcia30@gmail.com
2026-03-08 17:23:09,245 | INFO     | app | [OPTIONS] /api/v1/pedidos/2251 - Status: 200 - Duration: 0.0s - IP: 127.0.0.1 - User: Anonymous
2026-03-08 17:23:09,620 | INFO     | app | Pedido #2251 properties updated successfully
2026-03-08 17:23:09,622 | INFO     | app | [PATCH] /api/v1/pedidos/2251 - Status: 200 - Duration: 0.06s - IP: 127.0.0.1 - User: fedegarcia30@gmail.com
2026-03-08 17:24:43,897 | INFO     | app | [OPTIONS] /api/v1/pedidos/calendar - Status: 200 - Duration: 0.0s - IP: 127.0.0.1 - User: Anonymous
2026-03-08 17:24:43,898 | INFO     | app | [OPTIONS] /api/v1/pedidos/calendar - Status: 200 - Duration: 0.0s - IP: 127.0.0.1 - User: Anonymous
2026-03-08 17:24:44,168 | INFO     | app | [GET] /api/v1/pedidos/calendar - Status: 200 - Duration: 0.009s - IP: 127.0.0.1 - User: fedegarcia30@gmail.com
2026-03-08 17:24:44,216 | INFO     | app | [GET] /api/v1/pedidos/calendar - Status: 200 - Duration: 0.01s - IP: 127.0.0.1 - User: fedegarcia30@gmail.com
2026-03-08 17:24:53,486 | INFO     | app | [OPTIONS] /api/v1/availability/check - Status: 200 - Duration: 0.0s - IP: 127.0.0.1 - User: Anonymous
2026-03-08 17:24:53,796 | INFO     | app | [OPTIONS] /api/v1/pedidos - Status: 200 - Duration: 0.0s - IP: 127.0.0.1 - User: Anonymous
2026-03-08 17:24:53,797 | INFO     | app | [OPTIONS] /api/v1/pedidos - Status: 200 - Duration: 0.0s - IP: 127.0.0.1 - User: Anonymous
2026-03-08 17:24:53,797 | INFO     | app | [OPTIONS] /api/v1/availability/check - Status: 200 - Duration: 0.0s - IP: 127.0.0.1 - User: Anonymous
2026-03-08 17:24:53,807 | INFO     | app | [POST] /api/v1/availability/check - Status: 200 - Duration: 0.009s - IP: 127.0.0.1 - User: fedegarcia30@gmail.com
2026-03-08 17:24:54,118 | INFO     | app | [GET] /api/v1/pedidos - Status: 200 - Duration: 0.009s - IP: 127.0.0.1 - User: fedegarcia30@gmail.com
2026-03-08 17:24:54,119 | INFO     | app | [GET] /api/v1/pedidos - Status: 200 - Duration: 0.008s - IP: 127.0.0.1 - User: fedegarcia30@gmail.com
2026-03-08 17:24:54,119 | INFO     | app | [POST] /api/v1/availability/check - Status: 200 - Duration: 0.007s - IP: 127.0.0.1 - User: fedegarcia30@gmail.com
2026-03-08 17:24:58,617 | INFO     | app | [OPTIONS] /api/v1/availability/check - Status: 200 - Duration: 0.0s - IP: 127.0.0.1 - User: Anonymous
2026-03-08 17:24:58,617 | INFO     | app | [OPTIONS] /api/v1/pedidos - Status: 200 - Duration: 0.0s - IP: 127.0.0.1 - User: Anonymous
2026-03-08 17:24:58,869 | INFO     | app | [POST] /api/v1/availability/check - Status: 200 - Duration: 0.004s - IP: 127.0.0.1 - User: fedegarcia30@gmail.com
2026-03-08 17:24:58,996 | INFO     | app | [GET] /api/v1/pedidos - Status: 200 - Duration: 0.068s - IP: 127.0.0.1 - User: fedegarcia30@gmail.com
2026-03-08 17:25:04,351 | INFO     | app | [OPTIONS] /api/v1/clients/stats - Status: 200 - Duration: 0.0s - IP: 127.0.0.1 - User: Anonymous
2026-03-08 17:25:04,654 | INFO     | app | [OPTIONS] /api/v1/clients/stats - Status: 200 - Duration: 0.0s - IP: 127.0.0.1 - User: Anonymous
2026-03-08 17:25:04,718 | INFO     | app | [GET] /api/v1/clients/stats - Status: 200 - Duration: 0.056s - IP: 127.0.0.1 - User: fedegarcia30@gmail.com
2026-03-08 17:25:04,935 | INFO     | app | [OPTIONS] /api/v1/clients - Status: 200 - Duration: 0.0s - IP: 127.0.0.1 - User: Anonymous
2026-03-08 17:25:04,993 | INFO     | app | [GET] /api/v1/clients/stats - Status: 200 - Duration: 0.028s - IP: 127.0.0.1 - User: fedegarcia30@gmail.com
2026-03-08 17:25:05,258 | INFO     | app | [GET] /api/v1/clients - Status: 200 - Duration: 0.011s - IP: 127.0.0.1 - User: fedegarcia30@gmail.com
2026-03-08 17:25:05,390 | INFO     | app | [OPTIONS] /api/v1/rices - Status: 200 - Duration: 0.0s - IP: 127.0.0.1 - User: Anonymous
2026-03-08 17:25:05,390 | INFO     | app | [OPTIONS] /api/v1/rices - Status: 200 - Duration: 0.0s - IP: 127.0.0.1 - User: Anonymous
2026-03-08 17:25:05,711 | INFO     | app | [GET] /api/v1/rices - Status: 200 - Duration: 0.009s - IP: 127.0.0.1 - User: fedegarcia30@gmail.com
2026-03-08 17:25:05,711 | INFO     | app | [GET] /api/v1/rices - Status: 200 - Duration: 0.007s - IP: 127.0.0.1 - User: fedegarcia30@gmail.com
2026-03-08 17:25:06,467 | INFO     | app | [OPTIONS] /api/v1/ingredients - Status: 200 - Duration: 0.0s - IP: 127.0.0.1 - User: Anonymous
2026-03-08 17:25:06,783 | INFO     | app | [OPTIONS] /api/v1/ingredients - Status: 200 - Duration: 0.0s - IP: 127.0.0.1 - User: Anonymous
2026-03-08 17:25:06,793 | INFO     | app | [GET] /api/v1/ingredients - Status: 200 - Duration: 0.008s - IP: 127.0.0.1 - User: fedegarcia30@gmail.com
2026-03-08 17:25:07,102 | INFO     | app | [GET] /api/v1/ingredients - Status: 200 - Duration: 0.007s - IP: 127.0.0.1 - User: fedegarcia30@gmail.com
2026-03-08 17:25:07,964 | INFO     | app | [OPTIONS] /api/v1/stats/dashboard - Status: 200 - Duration: 0.0s - IP: 127.0.0.1 - User: Anonymous
2026-03-08 17:25:07,966 | INFO     | app | [OPTIONS] /api/v1/stats/dashboard - Status: 200 - Duration: 0.0s - IP: 127.0.0.1 - User: Anonymous
2026-03-08 17:25:07,967 | INFO     | app | [OPTIONS] /api/v1/stats/expenses - Status: 200 - Duration: 0.0s - IP: 127.0.0.1 - User: Anonymous
2026-03-08 17:25:07,967 | INFO     | app | [OPTIONS] /api/v1/stats/expenses - Status: 200 - Duration: 0.001s - IP: 127.0.0.1 - User: Anonymous
2026-03-08 17:25:08,354 | INFO     | app | [GET] /api/v1/stats/expenses - Status: 200 - Duration: 0.073s - IP: 127.0.0.1 - User: fedegarcia30@gmail.com
2026-03-08 17:25:08,365 | INFO     | app | [GET] /api/v1/stats/expenses - Status: 200 - Duration: 0.078s - IP: 127.0.0.1 - User: fedegarcia30@gmail.com
2026-03-08 17:25:08,411 | INFO     | app | [GET] /api/v1/stats/dashboard - Status: 200 - Duration: 0.197s - IP: 127.0.0.1 - User: fedegarcia30@gmail.com
2026-03-08 17:25:08,487 | INFO     | app | [GET] /api/v1/stats/dashboard - Status: 200 - Duration: 0.21s - IP: 127.0.0.1 - User: fedegarcia30@gmail.com
2026-03-08 17:25:10,275 | INFO     | app | [OPTIONS] /api/v1/pedidos - Status: 200 - Duration: 0.0s - IP: 127.0.0.1 - User: Anonymous
2026-03-08 17:25:10,578 | INFO     | app | [OPTIONS] /api/v1/pedidos - Status: 200 - Duration: 0.001s - IP: 127.0.0.1 - User: Anonymous
2026-03-08 17:25:10,578 | INFO     | app | [OPTIONS] /api/v1/pedidos - Status: 200 - Duration: 0.0s - IP: 127.0.0.1 - User: Anonymous
2026-03-08 17:25:10,581 | INFO     | app | [OPTIONS] /api/v1/pedidos - Status: 200 - Duration: 0.0s - IP: 127.0.0.1 - User: Anonymous
2026-03-08 17:25:10,581 | INFO     | app | [OPTIONS] /api/v1/pedidos - Status: 200 - Duration: 0.0s - IP: 127.0.0.1 - User: Anonymous
2026-03-08 17:25:10,582 | INFO     | app | [OPTIONS] /api/v1/pedidos - Status: 200 - Duration: 0.0s - IP: 127.0.0.1 - User: Anonymous
2026-03-08 17:25:10,585 | INFO     | app | [OPTIONS] /api/v1/pedidos - Status: 200 - Duration: 0.0s - IP: 127.0.0.1 - User: Anonymous
2026-03-08 17:25:10,886 | INFO     | app | [OPTIONS] /api/v1/pedidos - Status: 200 - Duration: 0.0s - IP: 127.0.0.1 - User: Anonymous
2026-03-08 17:25:10,886 | INFO     | app | [OPTIONS] /api/v1/pedidos - Status: 200 - Duration: 0.0s - IP: 127.0.0.1 - User: Anonymous
2026-03-08 17:25:10,886 | INFO     | app | [OPTIONS] /api/v1/pedidos - Status: 200 - Duration: 0.0s - IP: 127.0.0.1 - User: Anonymous
2026-03-08 17:25:10,891 | INFO     | app | [OPTIONS] /api/v1/pedidos - Status: 200 - Duration: 0.0s - IP: 127.0.0.1 - User: Anonymous
2026-03-08 17:25:10,895 | INFO     | app | [OPTIONS] /api/v1/pedidos - Status: 200 - Duration: 0.0s - IP: 127.0.0.1 - User: Anonymous
2026-03-08 17:25:10,898 | INFO     | app | [OPTIONS] /api/v1/pedidos - Status: 200 - Duration: 0.0s - IP: 127.0.0.1 - User: Anonymous
2026-03-08 17:25:11,200 | INFO     | app | [OPTIONS] /api/v1/pedidos - Status: 200 - Duration: 0.0s - IP: 127.0.0.1 - User: Anonymous
2026-03-08 17:25:11,202 | INFO     | app | [OPTIONS] /api/v1/pedidos - Status: 200 - Duration: 0.002s - IP: 127.0.0.1 - User: Anonymous
2026-03-08 17:25:11,202 | INFO     | app | [OPTIONS] /api/v1/pedidos - Status: 200 - Duration: 0.0s - IP: 127.0.0.1 - User: Anonymous
2026-03-08 17:25:11,217 | INFO     | app | [GET] /api/v1/pedidos - Status: 200 - Duration: 0.013s - IP: 127.0.0.1 - User: fedegarcia30@gmail.com
2026-03-08 17:25:11,221 | INFO     | app | [GET] /api/v1/pedidos - Status: 200 - Duration: 0.013s - IP: 127.0.0.1 - User: fedegarcia30@gmail.com
2026-03-08 17:25:11,223 | INFO     | app | [GET] /api/v1/pedidos - Status: 200 - Duration: 0.011s - IP: 127.0.0.1 - User: fedegarcia30@gmail.com
2026-03-08 17:25:11,521 | INFO     | app | [GET] /api/v1/pedidos - Status: 200 - Duration: 0.01s - IP: 127.0.0.1 - User: fedegarcia30@gmail.com
2026-03-08 17:25:11,544 | INFO     | app | [GET] /api/v1/pedidos - Status: 200 - Duration: 0.016s - IP: 127.0.0.1 - User: fedegarcia30@gmail.com
2026-03-08 17:25:11,555 | INFO     | app | [GET] /api/v1/pedidos - Status: 200 - Duration: 0.044s - IP: 127.0.0.1 - User: fedegarcia30@gmail.com
2026-03-08 17:25:11,556 | INFO     | app | [GET] /api/v1/pedidos - Status: 200 - Duration: 0.01s - IP: 127.0.0.1 - User: fedegarcia30@gmail.com
2026-03-08 17:25:11,769 | INFO     | app | [GET] /api/v1/pedidos - Status: 200 - Duration: 0.258s - IP: 127.0.0.1 - User: fedegarcia30@gmail.com
2026-03-08 17:25:11,838 | INFO     | app | [GET] /api/v1/pedidos - Status: 200 - Duration: 0.006s - IP: 127.0.0.1 - User: fedegarcia30@gmail.com
2026-03-08 17:25:11,871 | INFO     | app | [GET] /api/v1/pedidos - Status: 200 - Duration: 0.008s - IP: 127.0.0.1 - User: fedegarcia30@gmail.com
2026-03-08 17:25:11,924 | INFO     | app | [GET] /api/v1/pedidos - Status: 200 - Duration: 0.04s - IP: 127.0.0.1 - User: fedegarcia30@gmail.com
2026-03-08 17:25:12,090 | INFO     | app | [GET] /api/v1/pedidos - Status: 200 - Duration: 0.01s - IP: 127.0.0.1 - User: fedegarcia30@gmail.com
2026-03-08 17:25:12,113 | INFO     | app | [GET] /api/v1/pedidos - Status: 200 - Duration: 0.234s - IP: 127.0.0.1 - User: fedegarcia30@gmail.com
2026-03-08 17:25:12,195 | INFO     | app | [GET] /api/v1/pedidos - Status: 200 - Duration: 0.011s - IP: 127.0.0.1 - User: fedegarcia30@gmail.com
2026-03-08 17:25:13,822 | INFO     | app | [OPTIONS] /api/v1/availability/check - Status: 200 - Duration: 0.0s - IP: 127.0.0.1 - User: Anonymous
2026-03-08 17:25:13,826 | INFO     | app | [OPTIONS] /api/v1/pedidos - Status: 200 - Duration: 0.0s - IP: 127.0.0.1 - User: Anonymous
2026-03-08 17:25:13,830 | INFO     | app | [OPTIONS] /api/v1/availability/check - Status: 200 - Duration: 0.0s - IP: 127.0.0.1 - User: Anonymous
2026-03-08 17:25:13,832 | INFO     | app | [OPTIONS] /api/v1/pedidos - Status: 200 - Duration: 0.0s - IP: 127.0.0.1 - User: Anonymous
2026-03-08 17:25:14,163 | INFO     | app | [POST] /api/v1/availability/check - Status: 200 - Duration: 0.028s - IP: 127.0.0.1 - User: fedegarcia30@gmail.com
2026-03-08 17:25:14,165 | INFO     | app | [GET] /api/v1/pedidos - Status: 200 - Duration: 0.027s - IP: 127.0.0.1 - User: fedegarcia30@gmail.com
2026-03-08 17:25:14,168 | INFO     | app | [POST] /api/v1/availability/check - Status: 200 - Duration: 0.016s - IP: 127.0.0.1 - User: fedegarcia30@gmail.com
2026-03-08 17:25:14,191 | INFO     | app | [GET] /api/v1/pedidos - Status: 200 - Duration: 0.034s - IP: 127.0.0.1 - User: fedegarcia30@gmail.com
2026-03-08 17:25:19,111 | INFO     | app | [OPTIONS] /api/v1/availability/check - Status: 200 - Duration: 0.0s - IP: 127.0.0.1 - User: Anonymous
2026-03-08 17:25:19,115 | INFO     | app | [OPTIONS] /api/v1/pedidos - Status: 200 - Duration: 0.0s - IP: 127.0.0.1 - User: Anonymous
2026-03-08 17:25:19,443 | INFO     | app | [POST] /api/v1/availability/check - Status: 200 - Duration: 0.022s - IP: 127.0.0.1 - User: fedegarcia30@gmail.com
2026-03-08 17:25:19,732 | INFO     | app | [GET] /api/v1/pedidos - Status: 200 - Duration: 0.298s - IP: 127.0.0.1 - User: fedegarcia30@gmail.com
2026-03-08 17:25:30,656 | INFO     | app | [GET] /api/v1/pedidos - Status: 200 - Duration: 19.125s - IP: 127.0.0.1 - User: fedegarcia30@gmail.com
2026-03-08 17:25:31,373 | INFO     | app | [GET] /api/v1/pedidos - Status: 200 - Duration: 19.218s - IP: 127.0.0.1 - User: fedegarcia30@gmail.com
2026-03-08 22:58:40,025 | INFO     | app | [OPTIONS] /api/v1/auth/me - Status: 200 - Duration: 0.004s - IP: 127.0.0.1 - User: Anonymous
2026-03-08 22:58:41,451 | INFO     | app | [GET] /api/v1/auth/me - Status: 200 - Duration: 1.203s - IP: 127.0.0.1 - User: fedegarcia30@gmail.com
2026-03-08 22:58:41,763 | INFO     | app | [OPTIONS] /api/v1/availability/check - Status: 200 - Duration: 0.0s - IP: 127.0.0.1 - User: Anonymous
2026-03-08 22:58:42,069 | INFO     | app | [OPTIONS] /api/v1/availability/check - Status: 200 - Duration: 0.0s - IP: 127.0.0.1 - User: Anonymous
2026-03-08 22:58:42,081 | INFO     | app | [OPTIONS] /api/v1/availability/check - Status: 200 - Duration: 0.0s - IP: 127.0.0.1 - User: Anonymous
2026-03-08 22:58:42,394 | INFO     | app | [OPTIONS] /api/v1/availability/check - Status: 200 - Duration: 0.0s - IP: 127.0.0.1 - User: Anonymous
2026-03-08 22:58:42,426 | INFO     | app | [OPTIONS] /api/v1/pedidos/calendar - Status: 200 - Duration: 0.001s - IP: 127.0.0.1 - User: Anonymous
2026-03-08 22:58:42,730 | INFO     | app | [OPTIONS] /api/v1/pedidos/calendar - Status: 200 - Duration: 0.0s - IP: 127.0.0.1 - User: Anonymous
2026-03-08 22:58:42,804 | INFO     | app | [GET] /api/v1/pedidos/calendar - Status: 200 - Duration: 0.066s - IP: 127.0.0.1 - User: fedegarcia30@gmail.com
2026-03-08 22:58:43,161 | INFO     | app | [GET] /api/v1/pedidos/calendar - Status: 200 - Duration: 0.044s - IP: 127.0.0.1 - User: fedegarcia30@gmail.com
2026-03-08 22:58:57,181 | INFO     | app | [OPTIONS] /api/v1/auth/me - Status: 200 - Duration: 0.0s - IP: 127.0.0.1 - User: Anonymous
2026-03-08 22:58:57,513 | INFO     | app | [GET] /api/v1/auth/me - Status: 200 - Duration: 0.022s - IP: 127.0.0.1 - User: fedegarcia30@gmail.com
2026-03-08 22:58:57,750 | INFO     | app | [OPTIONS] /api/v1/availability/check - Status: 200 - Duration: 0.001s - IP: 127.0.0.1 - User: Anonymous
2026-03-08 22:58:57,874 | INFO     | app | [OPTIONS] /api/v1/availability/check - Status: 200 - Duration: 0.0s - IP: 127.0.0.1 - User: Anonymous
2026-03-08 22:58:57,876 | INFO     | app | [OPTIONS] /api/v1/availability/check - Status: 200 - Duration: 0.0s - IP: 127.0.0.1 - User: Anonymous
2026-03-08 22:58:58,058 | INFO     | app | [OPTIONS] /api/v1/availability/check - Status: 200 - Duration: 0.001s - IP: 127.0.0.1 - User: Anonymous
2026-03-08 22:58:58,184 | INFO     | app | [OPTIONS] /api/v1/pedidos/calendar - Status: 200 - Duration: 0.0s - IP: 127.0.0.1 - User: Anonymous
2026-03-08 22:58:58,198 | INFO     | app | [OPTIONS] /api/v1/pedidos/calendar - Status: 200 - Duration: 0.0s - IP: 127.0.0.1 - User: Anonymous
2026-03-08 22:58:58,405 | INFO     | app | [GET] /api/v1/pedidos/calendar - Status: 200 - Duration: 0.023s - IP: 127.0.0.1 - User: fedegarcia30@gmail.com
2026-03-08 22:58:58,519 | INFO     | app | [GET] /api/v1/pedidos/calendar - Status: 200 - Duration: 0.014s - IP: 127.0.0.1 - User: fedegarcia30@gmail.com
2026-03-08 23:01:50,015 | INFO     | app | [OPTIONS] /api/v1/auth/me - Status: 200 - Duration: 0.0s - IP: 127.0.0.1 - User: Anonymous
2026-03-08 23:01:50,275 | INFO     | app | [GET] /api/v1/auth/me - Status: 200 - Duration: 0.005s - IP: 127.0.0.1 - User: repartidor@repartidor.com
2026-03-08 23:01:50,448 | INFO     | app | [OPTIONS] /api/v1/availability/check - Status: 200 - Duration: 0.0s - IP: 127.0.0.1 - User: Anonymous
2026-03-08 23:01:50,757 | INFO     | app | [OPTIONS] /api/v1/availability/check - Status: 200 - Duration: 0.0s - IP: 127.0.0.1 - User: Anonymous
2026-03-08 23:01:50,775 | INFO     | app | [OPTIONS] /api/v1/availability/check - Status: 200 - Duration: 0.001s - IP: 127.0.0.1 - User: Anonymous
2026-03-08 23:01:50,775 | INFO     | app | [OPTIONS] /api/v1/availability/check - Status: 200 - Duration: 0.0s - IP: 127.0.0.1 - User: Anonymous
2026-03-08 23:01:50,776 | INFO     | app | [OPTIONS] /api/v1/availability/check - Status: 200 - Duration: 0.0s - IP: 127.0.0.1 - User: Anonymous
2026-03-08 23:01:50,776 | INFO     | app | [OPTIONS] /api/v1/availability/check - Status: 200 - Duration: 0.0s - IP: 127.0.0.1 - User: Anonymous
2026-03-08 23:01:50,779 | INFO     | app | [OPTIONS] /api/v1/availability/check - Status: 200 - Duration: 0.0s - IP: 127.0.0.1 - User: Anonymous
2026-03-08 23:01:51,068 | INFO     | app | [OPTIONS] /api/v1/availability/check - Status: 200 - Duration: 0.0s - IP: 127.0.0.1 - User: Anonymous
2026-03-08 23:01:51,084 | INFO     | app | [OPTIONS] /api/v1/availability/check - Status: 200 - Duration: 0.0s - IP: 127.0.0.1 - User: Anonymous
2026-03-08 23:01:51,089 | INFO     | app | [OPTIONS] /api/v1/availability/check - Status: 200 - Duration: 0.0s - IP: 127.0.0.1 - User: Anonymous
2026-03-08 23:01:51,090 | INFO     | app | [OPTIONS] /api/v1/availability/check - Status: 200 - Duration: 0.0s - IP: 127.0.0.1 - User: Anonymous
2026-03-08 23:01:51,090 | INFO     | app | [OPTIONS] /api/v1/availability/check - Status: 200 - Duration: 0.0s - IP: 127.0.0.1 - User: Anonymous
2026-03-08 23:01:51,094 | INFO     | app | [OPTIONS] /api/v1/availability/check - Status: 200 - Duration: 0.0s - IP: 127.0.0.1 - User: Anonymous
2026-03-08 23:01:51,375 | INFO     | app | [OPTIONS] /api/v1/availability/check - Status: 200 - Duration: 0.0s - IP: 127.0.0.1 - User: Anonymous
2026-03-08 23:01:51,393 | INFO     | app | [OPTIONS] /api/v1/availability/check - Status: 200 - Duration: 0.001s - IP: 127.0.0.1 - User: Anonymous
2026-03-08 23:01:51,402 | INFO     | app | [OPTIONS] /api/v1/availability/check - Status: 200 - Duration: 0.0s - IP: 127.0.0.1 - User: Anonymous
2026-03-08 23:01:51,403 | INFO     | app | [OPTIONS] /api/v1/availability/check - Status: 200 - Duration: 0.0s - IP: 127.0.0.1 - User: Anonymous
2026-03-08 23:01:51,408 | INFO     | app | [OPTIONS] /api/v1/availability/check - Status: 200 - Duration: 0.001s - IP: 127.0.0.1 - User: Anonymous
2026-03-08 23:01:51,415 | INFO     | app | [OPTIONS] /api/v1/availability/check - Status: 200 - Duration: 0.001s - IP: 127.0.0.1 - User: Anonymous
2026-03-08 23:01:51,679 | INFO     | app | [OPTIONS] /api/v1/availability/check - Status: 200 - Duration: 0.0s - IP: 127.0.0.1 - User: Anonymous
2026-03-08 23:01:51,702 | INFO     | app | [OPTIONS] /api/v1/availability/check - Status: 200 - Duration: 0.0s - IP: 127.0.0.1 - User: Anonymous
2026-03-08 23:01:51,709 | INFO     | app | [OPTIONS] /api/v1/availability/check - Status: 200 - Duration: 0.0s - IP: 127.0.0.1 - User: Anonymous
2026-03-08 23:01:51,709 | INFO     | app | [OPTIONS] /api/v1/availability/check - Status: 200 - Duration: 0.0s - IP: 127.0.0.1 - User: Anonymous
2026-03-08 23:01:51,719 | INFO     | app | [OPTIONS] /api/v1/availability/check - Status: 200 - Duration: 0.0s - IP: 127.0.0.1 - User: Anonymous
2026-03-08 23:01:51,719 | INFO     | app | [OPTIONS] /api/v1/availability/check - Status: 200 - Duration: 0.0s - IP: 127.0.0.1 - User: Anonymous
2026-03-08 23:01:51,998 | INFO     | app | [OPTIONS] /api/v1/availability/check - Status: 200 - Duration: 0.001s - IP: 127.0.0.1 - User: Anonymous
2026-03-08 23:01:52,007 | INFO     | app | [OPTIONS] /api/v1/availability/check - Status: 200 - Duration: 0.0s - IP: 127.0.0.1 - User: Anonymous
2026-03-08 23:01:52,030 | INFO     | app | [OPTIONS] /api/v1/availability/check - Status: 200 - Duration: 0.0s - IP: 127.0.0.1 - User: Anonymous
2026-03-08 23:01:52,032 | INFO     | app | [OPTIONS] /api/v1/availability/check - Status: 200 - Duration: 0.0s - IP: 127.0.0.1 - User: Anonymous
2026-03-08 23:01:52,032 | INFO     | app | [OPTIONS] /api/v1/availability/check - Status: 200 - Duration: 0.0s - IP: 127.0.0.1 - User: Anonymous
2026-03-08 23:01:52,035 | INFO     | app | [OPTIONS] /api/v1/availability/check - Status: 200 - Duration: 0.0s - IP: 127.0.0.1 - User: Anonymous
2026-03-08 23:01:52,308 | INFO     | app | [OPTIONS] /api/v1/availability/check - Status: 200 - Duration: 0.0s - IP: 127.0.0.1 - User: Anonymous
2026-03-08 23:01:52,312 | INFO     | app | [OPTIONS] /api/v1/pedidos - Status: 200 - Duration: 0.0s - IP: 127.0.0.1 - User: Anonymous
2026-03-08 23:01:52,340 | INFO     | app | [OPTIONS] /api/v1/pedidos - Status: 200 - Duration: 0.0s - IP: 127.0.0.1 - User: Anonymous
2026-03-08 23:01:52,343 | INFO     | app | [OPTIONS] /api/v1/pedidos - Status: 200 - Duration: 0.0s - IP: 127.0.0.1 - User: Anonymous
2026-03-08 23:01:52,348 | INFO     | app | [OPTIONS] /api/v1/pedidos - Status: 200 - Duration: 0.0s - IP: 127.0.0.1 - User: Anonymous
2026-03-08 23:01:52,350 | INFO     | app | [OPTIONS] /api/v1/pedidos - Status: 200 - Duration: 0.0s - IP: 127.0.0.1 - User: Anonymous
2026-03-08 23:01:52,622 | INFO     | app | [OPTIONS] /api/v1/pedidos - Status: 200 - Duration: 0.0s - IP: 127.0.0.1 - User: Anonymous
2026-03-08 23:01:52,622 | INFO     | app | [OPTIONS] /api/v1/pedidos - Status: 200 - Duration: 0.0s - IP: 127.0.0.1 - User: Anonymous
2026-03-08 23:01:52,652 | INFO     | app | [OPTIONS] /api/v1/pedidos - Status: 200 - Duration: 0.0s - IP: 127.0.0.1 - User: Anonymous
2026-03-08 23:01:52,653 | INFO     | app | [OPTIONS] /api/v1/pedidos - Status: 200 - Duration: 0.0s - IP: 127.0.0.1 - User: Anonymous
2026-03-08 23:01:52,656 | INFO     | app | [OPTIONS] /api/v1/pedidos - Status: 200 - Duration: 0.001s - IP: 127.0.0.1 - User: Anonymous
2026-03-08 23:01:52,662 | INFO     | app | [OPTIONS] /api/v1/pedidos - Status: 200 - Duration: 0.0s - IP: 127.0.0.1 - User: Anonymous
2026-03-08 23:01:52,928 | INFO     | app | [OPTIONS] /api/v1/pedidos - Status: 200 - Duration: 0.0s - IP: 127.0.0.1 - User: Anonymous
2026-03-08 23:01:52,929 | INFO     | app | [OPTIONS] /api/v1/pedidos - Status: 200 - Duration: 0.0s - IP: 127.0.0.1 - User: Anonymous
2026-03-08 23:01:52,959 | INFO     | app | [OPTIONS] /api/v1/pedidos - Status: 200 - Duration: 0.0s - IP: 127.0.0.1 - User: Anonymous
2026-03-08 23:01:52,960 | INFO     | app | [OPTIONS] /api/v1/pedidos - Status: 200 - Duration: 0.0s - IP: 127.0.0.1 - User: Anonymous
2026-03-08 23:01:52,964 | INFO     | app | [OPTIONS] /api/v1/pedidos - Status: 200 - Duration: 0.0s - IP: 127.0.0.1 - User: Anonymous
2026-03-08 23:01:52,978 | INFO     | app | [GET] /api/v1/pedidos - Status: 200 - Duration: 0.006s - IP: 127.0.0.1 - User: repartidor@repartidor.com
2026-03-08 23:01:53,243 | INFO     | app | [GET] /api/v1/pedidos - Status: 200 - Duration: 0.006s - IP: 127.0.0.1 - User: repartidor@repartidor.com
2026-03-08 23:01:53,244 | INFO     | app | [GET] /api/v1/pedidos - Status: 200 - Duration: 0.007s - IP: 127.0.0.1 - User: repartidor@repartidor.com
2026-03-08 23:01:53,278 | INFO     | app | [GET] /api/v1/pedidos - Status: 200 - Duration: 0.01s - IP: 127.0.0.1 - User: repartidor@repartidor.com
2026-03-08 23:01:53,303 | INFO     | app | [GET] /api/v1/pedidos - Status: 200 - Duration: 0.013s - IP: 127.0.0.1 - User: repartidor@repartidor.com
2026-03-08 23:01:53,304 | INFO     | app | [GET] /api/v1/pedidos - Status: 200 - Duration: 0.037s - IP: 127.0.0.1 - User: repartidor@repartidor.com
2026-03-08 23:01:53,407 | INFO     | app | [GET] /api/v1/pedidos - Status: 200 - Duration: 0.123s - IP: 127.0.0.1 - User: repartidor@repartidor.com
2026-03-08 23:01:53,568 | INFO     | app | [GET] /api/v1/pedidos - Status: 200 - Duration: 0.016s - IP: 127.0.0.1 - User: repartidor@repartidor.com
2026-03-08 23:01:53,606 | INFO     | app | [GET] /api/v1/pedidos - Status: 200 - Duration: 0.017s - IP: 127.0.0.1 - User: repartidor@repartidor.com
2026-03-08 23:01:53,648 | INFO     | app | [GET] /api/v1/pedidos - Status: 200 - Duration: 0.026s - IP: 127.0.0.1 - User: repartidor@repartidor.com
2026-03-08 23:01:53,649 | INFO     | app | [GET] /api/v1/pedidos - Status: 200 - Duration: 0.032s - IP: 127.0.0.1 - User: repartidor@repartidor.com
2026-03-08 23:01:53,821 | INFO     | app | [GET] /api/v1/pedidos - Status: 200 - Duration: 0.043s - IP: 127.0.0.1 - User: repartidor@repartidor.com
2026-03-08 23:01:53,970 | INFO     | app | [GET] /api/v1/pedidos - Status: 200 - Duration: 0.079s - IP: 127.0.0.1 - User: repartidor@repartidor.com
2026-03-08 23:01:54,450 | INFO     | app | [GET] /api/v1/pedidos - Status: 200 - Duration: 0.518s - IP: 127.0.0.1 - User: repartidor@repartidor.com
2026-03-08 23:02:03,547 | INFO     | app | [OPTIONS] /api/v1/auth/me - Status: 200 - Duration: 0.0s - IP: 127.0.0.1 - User: Anonymous
2026-03-08 23:02:03,878 | INFO     | app | [GET] /api/v1/auth/me - Status: 200 - Duration: 0.008s - IP: 127.0.0.1 - User: fedegarcia30@gmail.com
2026-03-08 23:02:04,332 | INFO     | app | [OPTIONS] /api/v1/stats/dashboard - Status: 200 - Duration: 0.001s - IP: 127.0.0.1 - User: Anonymous
2026-03-08 23:02:04,345 | INFO     | app | [OPTIONS] /api/v1/stats/expenses - Status: 200 - Duration: 0.0s - IP: 127.0.0.1 - User: Anonymous
2026-03-08 23:02:04,353 | INFO     | app | [OPTIONS] /api/v1/stats/dashboard - Status: 200 - Duration: 0.0s - IP: 127.0.0.1 - User: Anonymous
2026-03-08 23:02:04,363 | INFO     | app | [OPTIONS] /api/v1/stats/expenses - Status: 200 - Duration: 0.0s - IP: 127.0.0.1 - User: Anonymous
2026-03-08 23:02:04,774 | INFO     | app | [GET] /api/v1/stats/expenses - Status: 200 - Duration: 0.103s - IP: 127.0.0.1 - User: fedegarcia30@gmail.com
2026-03-08 23:02:04,945 | INFO     | app | [GET] /api/v1/stats/dashboard - Status: 200 - Duration: 0.294s - IP: 127.0.0.1 - User: fedegarcia30@gmail.com
2026-03-08 23:02:05,181 | INFO     | app | [GET] /api/v1/stats/expenses - Status: 200 - Duration: 0.081s - IP: 127.0.0.1 - User: fedegarcia30@gmail.com
2026-03-08 23:02:05,613 | INFO     | app | [GET] /api/v1/stats/dashboard - Status: 200 - Duration: 0.341s - IP: 127.0.0.1 - User: fedegarcia30@gmail.com
2026-03-08 23:02:13,289 | INFO     | app | [GET] /api/v1/pedidos - Status: 401 - Duration: 0.0s - IP: 127.0.0.1 - User: Anonymous
2026-03-08 23:02:21,200 | INFO     | app | [GET] /api/v1/pedidos - Status: 200 - Duration: 27.647s - IP: 127.0.0.1 - User: repartidor@repartidor.com
2026-03-08 23:04:19,822 | INFO     | app | [OPTIONS] /api/v1/auth/me - Status: 200 - Duration: 0.0s - IP: 127.0.0.1 - User: Anonymous
2026-03-08 23:04:20,093 | INFO     | app | [GET] /api/v1/auth/me - Status: 200 - Duration: 0.008s - IP: 127.0.0.1 - User: fedegarcia30@gmail.com
2026-03-08 23:04:20,201 | INFO     | app | [OPTIONS] /api/v1/availability/check - Status: 200 - Duration: 0.001s - IP: 127.0.0.1 - User: Anonymous
2026-03-08 23:04:20,523 | INFO     | app | [OPTIONS] /api/v1/availability/check - Status: 200 - Duration: 0.0s - IP: 127.0.0.1 - User: Anonymous
2026-03-08 23:04:20,527 | INFO     | app | [OPTIONS] /api/v1/availability/check - Status: 200 - Duration: 0.001s - IP: 127.0.0.1 - User: Anonymous
2026-03-08 23:04:20,528 | INFO     | app | [OPTIONS] /api/v1/availability/check - Status: 200 - Duration: 0.0s - IP: 127.0.0.1 - User: Anonymous
2026-03-08 23:04:20,529 | INFO     | app | [OPTIONS] /api/v1/availability/check - Status: 200 - Duration: 0.0s - IP: 127.0.0.1 - User: Anonymous
2026-03-08 23:04:20,884 | INFO     | app | [OPTIONS] /api/v1/availability/check - Status: 200 - Duration: 0.0s - IP: 127.0.0.1 - User: Anonymous
2026-03-08 23:04:20,903 | INFO     | app | [OPTIONS] /api/v1/stats/dashboard - Status: 200 - Duration: 0.009s - IP: 127.0.0.1 - User: Anonymous
2026-03-08 23:04:20,910 | INFO     | app | [OPTIONS] /api/v1/stats/expenses - Status: 200 - Duration: 0.0s - IP: 127.0.0.1 - User: Anonymous
2026-03-08 23:04:20,936 | INFO     | app | [OPTIONS] /api/v1/stats/dashboard - Status: 200 - Duration: 0.0s - IP: 127.0.0.1 - User: Anonymous
2026-03-08 23:04:21,241 | INFO     | app | [OPTIONS] /api/v1/stats/expenses - Status: 200 - Duration: 0.0s - IP: 127.0.0.1 - User: Anonymous
2026-03-08 23:04:21,342 | INFO     | app | [GET] /api/v1/stats/expenses - Status: 200 - Duration: 0.097s - IP: 127.0.0.1 - User: fedegarcia30@gmail.com
2026-03-08 23:04:21,527 | INFO     | app | [GET] /api/v1/stats/dashboard - Status: 200 - Duration: 0.284s - IP: 127.0.0.1 - User: fedegarcia30@gmail.com
2026-03-08 23:04:21,704 | INFO     | app | [GET] /api/v1/stats/expenses - Status: 200 - Duration: 0.048s - IP: 127.0.0.1 - User: fedegarcia30@gmail.com
2026-03-08 23:04:22,093 | INFO     | app | [GET] /api/v1/stats/dashboard - Status: 200 - Duration: 0.252s - IP: 127.0.0.1 - User: fedegarcia30@gmail.com
2026-03-08 23:04:52,653 | INFO     | app | [OPTIONS] /api/v1/availability/check - Status: 200 - Duration: 0.0s - IP: 127.0.0.1 - User: Anonymous
2026-03-08 23:04:52,681 | INFO     | app | [OPTIONS] /api/v1/pedidos - Status: 200 - Duration: 0.003s - IP: 127.0.0.1 - User: Anonymous
2026-03-08 23:04:52,688 | INFO     | app | [OPTIONS] /api/v1/availability/check - Status: 200 - Duration: 0.0s - IP: 127.0.0.1 - User: Anonymous
2026-03-08 23:04:52,715 | INFO     | app | [OPTIONS] /api/v1/pedidos - Status: 200 - Duration: 0.0s - IP: 127.0.0.1 - User: Anonymous
2026-03-08 23:04:52,915 | INFO     | app | [POST] /api/v1/availability/check - Status: 200 - Duration: 0.021s - IP: 127.0.0.1 - User: fedegarcia30@gmail.com
2026-03-08 23:04:53,007 | INFO     | app | [GET] /api/v1/pedidos - Status: 200 - Duration: 0.021s - IP: 127.0.0.1 - User: fedegarcia30@gmail.com
2026-03-08 23:04:53,028 | INFO     | app | [POST] /api/v1/availability/check - Status: 200 - Duration: 0.022s - IP: 127.0.0.1 - User: fedegarcia30@gmail.com
2026-03-08 23:04:53,049 | INFO     | app | [GET] /api/v1/pedidos - Status: 200 - Duration: 0.024s - IP: 127.0.0.1 - User: fedegarcia30@gmail.com
2026-03-08 23:05:03,830 | INFO     | app | [OPTIONS] /api/v1/clients/stats - Status: 200 - Duration: 0.0s - IP: 127.0.0.1 - User: Anonymous
2026-03-08 23:05:03,834 | INFO     | app | [OPTIONS] /api/v1/clients/stats - Status: 200 - Duration: 0.001s - IP: 127.0.0.1 - User: Anonymous
2026-03-08 23:05:04,163 | INFO     | app | [OPTIONS] /api/v1/clients - Status: 200 - Duration: 0.0s - IP: 127.0.0.1 - User: Anonymous
2026-03-08 23:05:04,182 | INFO     | app | [GET] /api/v1/clients/stats - Status: 200 - Duration: 0.109s - IP: 127.0.0.1 - User: fedegarcia30@gmail.com
2026-03-08 23:05:04,248 | INFO     | app | [GET] /api/v1/clients - Status: 200 - Duration: 0.031s - IP: 127.0.0.1 - User: fedegarcia30@gmail.com
2026-03-08 23:05:04,596 | INFO     | app | [GET] /api/v1/clients/stats - Status: 200 - Duration: 0.096s - IP: 127.0.0.1 - User: fedegarcia30@gmail.com
2026-03-08 23:05:13,273 | INFO     | app | [OPTIONS] /api/v1/rices - Status: 200 - Duration: 0.0s - IP: 127.0.0.1 - User: Anonymous
2026-03-08 23:05:13,582 | INFO     | app | [OPTIONS] /api/v1/rices - Status: 200 - Duration: 0.001s - IP: 127.0.0.1 - User: Anonymous
2026-03-08 23:05:13,614 | INFO     | app | [GET] /api/v1/rices - Status: 200 - Duration: 0.023s - IP: 127.0.0.1 - User: fedegarcia30@gmail.com
2026-03-08 23:05:13,950 | INFO     | app | [GET] /api/v1/rices - Status: 200 - Duration: 0.013s - IP: 127.0.0.1 - User: fedegarcia30@gmail.com
2026-03-08 23:05:24,154 | INFO     | app | [OPTIONS] /api/v1/stats/dashboard - Status: 200 - Duration: 0.0s - IP: 127.0.0.1 - User: Anonymous
2026-03-08 23:05:24,475 | INFO     | app | [OPTIONS] /api/v1/stats/expenses - Status: 200 - Duration: 0.001s - IP: 127.0.0.1 - User: Anonymous
2026-03-08 23:05:24,478 | INFO     | app | [OPTIONS] /api/v1/stats/expenses - Status: 200 - Duration: 0.001s - IP: 127.0.0.1 - User: Anonymous
2026-03-08 23:05:24,480 | INFO     | app | [OPTIONS] /api/v1/stats/dashboard - Status: 200 - Duration: 0.001s - IP: 127.0.0.1 - User: Anonymous
2026-03-08 23:05:24,921 | INFO     | app | [GET] /api/v1/stats/dashboard - Status: 200 - Duration: 0.436s - IP: 127.0.0.1 - User: fedegarcia30@gmail.com
2026-03-08 23:05:24,939 | INFO     | app | [GET] /api/v1/stats/expenses - Status: 200 - Duration: 0.128s - IP: 127.0.0.1 - User: fedegarcia30@gmail.com
2026-03-08 23:05:25,397 | INFO     | app | [GET] /api/v1/stats/expenses - Status: 200 - Duration: 0.123s - IP: 127.0.0.1 - User: fedegarcia30@gmail.com
2026-03-08 23:05:25,659 | INFO     | app | [GET] /api/v1/stats/dashboard - Status: 200 - Duration: 0.402s - IP: 127.0.0.1 - User: fedegarcia30@gmail.com
2026-03-08 23:08:41,514 | INFO     | app | [OPTIONS] /api/v1/auth/me - Status: 200 - Duration: 0.0s - IP: 127.0.0.1 - User: Anonymous
2026-03-08 23:08:41,781 | INFO     | app | [GET] /api/v1/auth/me - Status: 200 - Duration: 0.008s - IP: 127.0.0.1 - User: fedegarcia30@gmail.com
2026-03-08 23:08:41,858 | INFO     | app | [OPTIONS] /api/v1/availability/check - Status: 200 - Duration: 0.0s - IP: 127.0.0.1 - User: Anonymous
2026-03-08 23:08:42,172 | INFO     | app | [OPTIONS] /api/v1/availability/check - Status: 200 - Duration: 0.0s - IP: 127.0.0.1 - User: Anonymous
2026-03-08 23:08:42,174 | INFO     | app | [OPTIONS] /api/v1/availability/check - Status: 200 - Duration: 0.0s - IP: 127.0.0.1 - User: Anonymous
2026-03-08 23:08:42,174 | INFO     | app | [OPTIONS] /api/v1/availability/check - Status: 200 - Duration: 0.0s - IP: 127.0.0.1 - User: Anonymous
2026-03-08 23:08:42,178 | INFO     | app | [OPTIONS] /api/v1/availability/check - Status: 200 - Duration: 0.0s - IP: 127.0.0.1 - User: Anonymous
2026-03-08 23:08:42,496 | INFO     | app | [OPTIONS] /api/v1/availability/check - Status: 200 - Duration: 0.0s - IP: 127.0.0.1 - User: Anonymous
2026-03-08 23:08:42,505 | INFO     | app | [OPTIONS] /api/v1/stats/dashboard - Status: 200 - Duration: 0.0s - IP: 127.0.0.1 - User: Anonymous
2026-03-08 23:08:42,505 | INFO     | app | [OPTIONS] /api/v1/stats/dashboard - Status: 200 - Duration: 0.0s - IP: 127.0.0.1 - User: Anonymous
2026-03-08 23:08:42,514 | INFO     | app | [OPTIONS] /api/v1/stats/expenses - Status: 200 - Duration: 0.002s - IP: 127.0.0.1 - User: Anonymous
2026-03-08 23:08:42,834 | INFO     | app | [OPTIONS] /api/v1/stats/expenses - Status: 200 - Duration: 0.0s - IP: 127.0.0.1 - User: Anonymous
2026-03-08 23:08:42,887 | INFO     | app | [GET] /api/v1/stats/expenses - Status: 200 - Duration: 0.052s - IP: 127.0.0.1 - User: fedegarcia30@gmail.com
2026-03-08 23:08:43,055 | INFO     | app | [GET] /api/v1/stats/dashboard - Status: 200 - Duration: 0.22s - IP: 127.0.0.1 - User: fedegarcia30@gmail.com
2026-03-08 23:08:43,237 | INFO     | app | [GET] /api/v1/stats/expenses - Status: 200 - Duration: 0.037s - IP: 127.0.0.1 - User: fedegarcia30@gmail.com
2026-03-08 23:08:43,607 | INFO     | app | [GET] /api/v1/stats/dashboard - Status: 200 - Duration: 0.237s - IP: 127.0.0.1 - User: fedegarcia30@gmail.com
2026-03-08 23:10:32,823 | INFO     | app | [OPTIONS] /api/v1/auth/me - Status: 200 - Duration: 0.001s - IP: 127.0.0.1 - User: Anonymous
2026-03-08 23:10:33,087 | INFO     | app | [GET] /api/v1/auth/me - Status: 200 - Duration: 0.004s - IP: 127.0.0.1 - User: fedegarcia30@gmail.com
2026-03-08 23:10:33,145 | INFO     | app | [OPTIONS] /api/v1/availability/check - Status: 200 - Duration: 0.0s - IP: 127.0.0.1 - User: Anonymous
2026-03-08 23:10:33,448 | INFO     | app | [OPTIONS] /api/v1/availability/check - Status: 200 - Duration: 0.0s - IP: 127.0.0.1 - User: Anonymous
2026-03-08 23:10:33,450 | INFO     | app | [OPTIONS] /api/v1/availability/check - Status: 200 - Duration: 0.001s - IP: 127.0.0.1 - User: Anonymous
2026-03-08 23:10:33,454 | INFO     | app | [OPTIONS] /api/v1/availability/check - Status: 200 - Duration: 0.0s - IP: 127.0.0.1 - User: Anonymous
2026-03-08 23:10:33,778 | INFO     | app | [OPTIONS] /api/v1/pedidos/calendar - Status: 200 - Duration: 0.0s - IP: 127.0.0.1 - User: Anonymous
2026-03-08 23:10:33,795 | INFO     | app | [OPTIONS] /api/v1/pedidos/calendar - Status: 200 - Duration: 0.0s - IP: 127.0.0.1 - User: Anonymous
2026-03-08 23:10:34,046 | INFO     | app | [GET] /api/v1/pedidos/calendar - Status: 200 - Duration: 0.006s - IP: 127.0.0.1 - User: fedegarcia30@gmail.com
2026-03-08 23:10:34,095 | INFO     | app | [GET] /api/v1/pedidos/calendar - Status: 200 - Duration: 0.007s - IP: 127.0.0.1 - User: fedegarcia30@gmail.com
2026-03-08 23:11:13,102 | INFO     | app | [OPTIONS] /api/v1/availability/check - Status: 200 - Duration: 0.0s - IP: 127.0.0.1 - User: Anonymous
2026-03-08 23:11:13,420 | INFO     | app | [OPTIONS] /api/v1/pedidos - Status: 200 - Duration: 0.0s - IP: 127.0.0.1 - User: Anonymous
2026-03-08 23:11:13,420 | INFO     | app | [OPTIONS] /api/v1/availability/check - Status: 200 - Duration: 0.0s - IP: 127.0.0.1 - User: Anonymous
2026-03-08 23:11:13,421 | INFO     | app | [OPTIONS] /api/v1/pedidos - Status: 200 - Duration: 0.0s - IP: 127.0.0.1 - User: Anonymous
2026-03-08 23:11:13,446 | INFO     | app | [POST] /api/v1/availability/check - Status: 200 - Duration: 0.024s - IP: 127.0.0.1 - User: fedegarcia30@gmail.com
2026-03-08 23:11:13,749 | INFO     | app | [GET] /api/v1/pedidos - Status: 200 - Duration: 0.01s - IP: 127.0.0.1 - User: fedegarcia30@gmail.com
2026-03-08 23:11:13,777 | INFO     | app | [POST] /api/v1/availability/check - Status: 200 - Duration: 0.02s - IP: 127.0.0.1 - User: fedegarcia30@gmail.com
2026-03-08 23:11:14,075 | INFO     | app | [GET] /api/v1/pedidos - Status: 200 - Duration: 0.009s - IP: 127.0.0.1 - User: fedegarcia30@gmail.com
2026-03-08 23:11:28,194 | INFO     | app | [OPTIONS] /api/v1/clients/stats - Status: 200 - Duration: 0.001s - IP: 127.0.0.1 - User: Anonymous
2026-03-08 23:11:28,197 | INFO     | app | [OPTIONS] /api/v1/clients/stats - Status: 200 - Duration: 0.001s - IP: 127.0.0.1 - User: Anonymous
2026-03-08 23:11:28,517 | INFO     | app | [OPTIONS] /api/v1/clients - Status: 200 - Duration: 0.001s - IP: 127.0.0.1 - User: Anonymous
2026-03-08 23:11:28,537 | INFO     | app | [GET] /api/v1/clients/stats - Status: 200 - Duration: 0.086s - IP: 127.0.0.1 - User: fedegarcia30@gmail.com
2026-03-08 23:11:28,598 | INFO     | app | [GET] /api/v1/clients - Status: 200 - Duration: 0.026s - IP: 127.0.0.1 - User: fedegarcia30@gmail.com
2026-03-08 23:11:28,939 | INFO     | app | [GET] /api/v1/clients/stats - Status: 200 - Duration: 0.101s - IP: 127.0.0.1 - User: fedegarcia30@gmail.com
2026-03-08 23:14:43,244 | INFO     | app | [OPTIONS] /api/v1/auth/me - Status: 200 - Duration: 0.0s - IP: 127.0.0.1 - User: Anonymous
2026-03-08 23:14:43,516 | INFO     | app | [GET] /api/v1/auth/me - Status: 200 - Duration: 0.009s - IP: 127.0.0.1 - User: cocinero@cocinero.com
2026-03-08 23:14:43,618 | INFO     | app | [OPTIONS] /api/v1/availability/check - Status: 200 - Duration: 0.0s - IP: 127.0.0.1 - User: Anonymous
2026-03-08 23:14:43,941 | INFO     | app | [OPTIONS] /api/v1/availability/check - Status: 200 - Duration: 0.0s - IP: 127.0.0.1 - User: Anonymous
2026-03-08 23:14:43,943 | INFO     | app | [OPTIONS] /api/v1/availability/check - Status: 200 - Duration: 0.0s - IP: 127.0.0.1 - User: Anonymous
2026-03-08 23:14:43,946 | INFO     | app | [OPTIONS] /api/v1/availability/check - Status: 200 - Duration: 0.001s - IP: 127.0.0.1 - User: Anonymous
2026-03-08 23:14:43,946 | INFO     | app | [OPTIONS] /api/v1/availability/check - Status: 200 - Duration: 0.0s - IP: 127.0.0.1 - User: Anonymous
2026-03-08 23:14:44,264 | INFO     | app | [OPTIONS] /api/v1/availability/check - Status: 200 - Duration: 0.0s - IP: 127.0.0.1 - User: Anonymous
2026-03-08 23:14:44,279 | INFO     | app | [OPTIONS] /api/v1/availability/check - Status: 200 - Duration: 0.0s - IP: 127.0.0.1 - User: Anonymous
2026-03-08 23:14:44,283 | INFO     | app | [OPTIONS] /api/v1/pedidos - Status: 200 - Duration: 0.001s - IP: 127.0.0.1 - User: Anonymous
2026-03-08 23:14:44,299 | INFO     | app | [OPTIONS] /api/v1/availability/check - Status: 200 - Duration: 0.0s - IP: 127.0.0.1 - User: Anonymous
2026-03-08 23:14:44,594 | INFO     | app | [OPTIONS] /api/v1/pedidos - Status: 200 - Duration: 0.001s - IP: 127.0.0.1 - User: Anonymous
2026-03-08 23:14:44,618 | INFO     | app | [POST] /api/v1/availability/check - Status: 200 - Duration: 0.015s - IP: 127.0.0.1 - User: cocinero@cocinero.com
2026-03-08 23:14:44,620 | INFO     | app | [GET] /api/v1/pedidos - Status: 200 - Duration: 0.016s - IP: 127.0.0.1 - User: cocinero@cocinero.com
2026-03-08 23:14:44,639 | INFO     | app | [POST] /api/v1/availability/check - Status: 200 - Duration: 0.015s - IP: 127.0.0.1 - User: cocinero@cocinero.com
2026-03-08 23:14:44,960 | INFO     | app | [GET] /api/v1/pedidos - Status: 200 - Duration: 0.013s - IP: 127.0.0.1 - User: cocinero@cocinero.com
2026-03-08 23:19:42,195 | INFO     | app | [OPTIONS] /api/v1/auth/me - Status: 200 - Duration: 0.0s - IP: 127.0.0.1 - User: Anonymous
2026-03-08 23:19:42,460 | INFO     | app | [GET] /api/v1/auth/me - Status: 200 - Duration: 0.005s - IP: 127.0.0.1 - User: repartidor@repartidor.com
2026-03-08 23:19:42,501 | INFO     | app | [OPTIONS] /api/v1/availability/check - Status: 200 - Duration: 0.0s - IP: 127.0.0.1 - User: Anonymous
2026-03-08 23:19:42,811 | INFO     | app | [OPTIONS] /api/v1/availability/check - Status: 200 - Duration: 0.0s - IP: 127.0.0.1 - User: Anonymous
2026-03-08 23:19:42,812 | INFO     | app | [OPTIONS] /api/v1/availability/check - Status: 200 - Duration: 0.0s - IP: 127.0.0.1 - User: Anonymous
2026-03-08 23:19:42,812 | INFO     | app | [OPTIONS] /api/v1/availability/check - Status: 200 - Duration: 0.0s - IP: 127.0.0.1 - User: Anonymous
2026-03-08 23:19:42,813 | INFO     | app | [OPTIONS] /api/v1/availability/check - Status: 200 - Duration: 0.0s - IP: 127.0.0.1 - User: Anonymous
2026-03-08 23:19:42,816 | INFO     | app | [OPTIONS] /api/v1/availability/check - Status: 200 - Duration: 0.002s - IP: 127.0.0.1 - User: Anonymous
2026-03-08 23:19:42,825 | INFO     | app | [OPTIONS] /api/v1/availability/check - Status: 200 - Duration: 0.001s - IP: 127.0.0.1 - User: Anonymous
2026-03-08 23:19:43,124 | INFO     | app | [OPTIONS] /api/v1/availability/check - Status: 200 - Duration: 0.001s - IP: 127.0.0.1 - User: Anonymous
2026-03-08 23:19:43,126 | INFO     | app | [OPTIONS] /api/v1/availability/check - Status: 200 - Duration: 0.0s - IP: 127.0.0.1 - User: Anonymous
2026-03-08 23:19:43,127 | INFO     | app | [OPTIONS] /api/v1/availability/check - Status: 200 - Duration: 0.0s - IP: 127.0.0.1 - User: Anonymous
2026-03-08 23:19:43,132 | INFO     | app | [OPTIONS] /api/v1/availability/check - Status: 200 - Duration: 0.0s - IP: 127.0.0.1 - User: Anonymous
2026-03-08 23:19:43,142 | INFO     | app | [OPTIONS] /api/v1/availability/check - Status: 200 - Duration: 0.002s - IP: 127.0.0.1 - User: Anonymous
2026-03-08 23:19:43,144 | INFO     | app | [OPTIONS] /api/v1/availability/check - Status: 200 - Duration: 0.0s - IP: 127.0.0.1 - User: Anonymous
2026-03-08 23:19:43,448 | INFO     | app | [OPTIONS] /api/v1/availability/check - Status: 200 - Duration: 0.0s - IP: 127.0.0.1 - User: Anonymous
2026-03-08 23:19:43,449 | INFO     | app | [OPTIONS] /api/v1/availability/check - Status: 200 - Duration: 0.0s - IP: 127.0.0.1 - User: Anonymous
2026-03-08 23:19:43,450 | INFO     | app | [OPTIONS] /api/v1/availability/check - Status: 200 - Duration: 0.0s - IP: 127.0.0.1 - User: Anonymous
2026-03-08 23:19:43,451 | INFO     | app | [OPTIONS] /api/v1/availability/check - Status: 200 - Duration: 0.0s - IP: 127.0.0.1 - User: Anonymous
2026-03-08 23:19:43,465 | INFO     | app | [OPTIONS] /api/v1/availability/check - Status: 200 - Duration: 0.0s - IP: 127.0.0.1 - User: Anonymous
2026-03-08 23:19:43,465 | INFO     | app | [OPTIONS] /api/v1/availability/check - Status: 200 - Duration: 0.0s - IP: 127.0.0.1 - User: Anonymous
2026-03-08 23:19:43,769 | INFO     | app | [OPTIONS] /api/v1/pedidos - Status: 200 - Duration: 0.0s - IP: 127.0.0.1 - User: Anonymous
2026-03-08 23:19:43,770 | INFO     | app | [OPTIONS] /api/v1/pedidos - Status: 200 - Duration: 0.0s - IP: 127.0.0.1 - User: Anonymous
2026-03-08 23:19:43,771 | INFO     | app | [OPTIONS] /api/v1/pedidos - Status: 200 - Duration: 0.0s - IP: 127.0.0.1 - User: Anonymous
2026-03-08 23:19:43,774 | INFO     | app | [OPTIONS] /api/v1/pedidos - Status: 200 - Duration: 0.0s - IP: 127.0.0.1 - User: Anonymous
2026-03-08 23:19:43,784 | INFO     | app | [OPTIONS] /api/v1/pedidos - Status: 200 - Duration: 0.0s - IP: 127.0.0.1 - User: Anonymous
2026-03-08 23:19:43,786 | INFO     | app | [OPTIONS] /api/v1/pedidos - Status: 200 - Duration: 0.0s - IP: 127.0.0.1 - User: Anonymous
2026-03-08 23:19:44,080 | INFO     | app | [OPTIONS] /api/v1/pedidos - Status: 200 - Duration: 0.001s - IP: 127.0.0.1 - User: Anonymous
2026-03-08 23:19:44,082 | INFO     | app | [OPTIONS] /api/v1/pedidos - Status: 200 - Duration: 0.001s - IP: 127.0.0.1 - User: Anonymous
2026-03-08 23:19:44,085 | INFO     | app | [OPTIONS] /api/v1/pedidos - Status: 200 - Duration: 0.001s - IP: 127.0.0.1 - User: Anonymous
2026-03-08 23:19:44,091 | INFO     | app | [OPTIONS] /api/v1/pedidos - Status: 200 - Duration: 0.0s - IP: 127.0.0.1 - User: Anonymous
2026-03-08 23:19:44,099 | INFO     | app | [OPTIONS] /api/v1/pedidos - Status: 200 - Duration: 0.0s - IP: 127.0.0.1 - User: Anonymous
2026-03-08 23:19:44,101 | INFO     | app | [OPTIONS] /api/v1/pedidos - Status: 200 - Duration: 0.0s - IP: 127.0.0.1 - User: Anonymous
2026-03-08 23:19:44,388 | INFO     | app | [OPTIONS] /api/v1/pedidos - Status: 200 - Duration: 0.001s - IP: 127.0.0.1 - User: Anonymous
2026-03-08 23:19:44,392 | INFO     | app | [OPTIONS] /api/v1/pedidos - Status: 200 - Duration: 0.002s - IP: 127.0.0.1 - User: Anonymous
2026-03-08 23:19:44,398 | INFO     | app | [OPTIONS] /api/v1/pedidos - Status: 200 - Duration: 0.0s - IP: 127.0.0.1 - User: Anonymous
2026-03-08 23:19:44,404 | INFO     | app | [OPTIONS] /api/v1/pedidos - Status: 200 - Duration: 0.0s - IP: 127.0.0.1 - User: Anonymous
2026-03-08 23:19:44,421 | INFO     | app | [GET] /api/v1/pedidos - Status: 200 - Duration: 0.01s - IP: 127.0.0.1 - User: repartidor@repartidor.com
2026-03-08 23:19:44,546 | INFO     | app | [GET] /api/v1/pedidos - Status: 200 - Duration: 0.134s - IP: 127.0.0.1 - User: repartidor@repartidor.com
2026-03-08 23:19:44,699 | INFO     | app | [GET] /api/v1/pedidos - Status: 200 - Duration: 0.005s - IP: 127.0.0.1 - User: repartidor@repartidor.com
2026-03-08 23:19:44,732 | INFO     | app | [GET] /api/v1/pedidos - Status: 200 - Duration: 0.029s - IP: 127.0.0.1 - User: repartidor@repartidor.com
2026-03-08 23:19:44,734 | INFO     | app | [GET] /api/v1/pedidos - Status: 200 - Duration: 0.01s - IP: 127.0.0.1 - User: repartidor@repartidor.com
2026-03-08 23:19:44,751 | INFO     | app | [GET] /api/v1/pedidos - Status: 200 - Duration: 0.012s - IP: 127.0.0.1 - User: repartidor@repartidor.com
2026-03-08 23:19:44,901 | INFO     | app | [GET] /api/v1/pedidos - Status: 200 - Duration: 0.006s - IP: 127.0.0.1 - User: repartidor@repartidor.com
2026-03-08 23:19:45,027 | INFO     | app | [GET] /api/v1/pedidos - Status: 200 - Duration: 0.01s - IP: 127.0.0.1 - User: repartidor@repartidor.com
2026-03-08 23:19:45,132 | INFO     | app | [GET] /api/v1/pedidos - Status: 200 - Duration: 0.03s - IP: 127.0.0.1 - User: repartidor@repartidor.com
2026-03-08 23:19:45,173 | INFO     | app | [GET] /api/v1/pedidos - Status: 200 - Duration: 0.067s - IP: 127.0.0.1 - User: repartidor@repartidor.com
2026-03-08 23:19:45,233 | INFO     | app | [GET] /api/v1/pedidos - Status: 200 - Duration: 0.015s - IP: 127.0.0.1 - User: repartidor@repartidor.com
2026-03-08 23:19:45,359 | INFO     | app | [GET] /api/v1/pedidos - Status: 200 - Duration: 0.015s - IP: 127.0.0.1 - User: repartidor@repartidor.com
2026-03-08 23:19:45,411 | INFO     | app | [GET] /api/v1/pedidos - Status: 200 - Duration: 0.31s - IP: 127.0.0.1 - User: repartidor@repartidor.com
2026-03-08 23:19:45,477 | INFO     | app | [GET] /api/v1/pedidos - Status: 200 - Duration: 0.011s - IP: 127.0.0.1 - User: repartidor@repartidor.com
2026-03-08 23:20:01,191 | INFO     | app | [GET] /api/v1/pedidos - Status: 200 - Duration: 16.481s - IP: 127.0.0.1 - User: repartidor@repartidor.com
2026-03-08 23:20:17,209 | INFO     | app | [GET] /api/v1/pedidos - Status: 200 - Duration: 15.703s - IP: 127.0.0.1 - User: repartidor@repartidor.com
2026-03-09 00:47:12,861 | INFO     | app | [OPTIONS] /api/v1/auth/me - Status: 200 - Duration: 0.0s - IP: 127.0.0.1 - User: Anonymous
2026-03-09 00:47:13,128 | INFO     | app | [GET] /api/v1/auth/me - Status: 200 - Duration: 0.01s - IP: 127.0.0.1 - User: fedegarcia30@gmail.com
2026-03-09 00:47:13,205 | INFO     | app | [GET] /api/v1/auth/me - Status: 200 - Duration: 0.013s - IP: 127.0.0.1 - User: fedegarcia30@gmail.com
2026-03-09 00:47:13,522 | INFO     | app | [OPTIONS] /api/v1/availability/check - Status: 200 - Duration: 0.0s - IP: 127.0.0.1 - User: Anonymous
2026-03-09 00:47:13,544 | INFO     | app | [OPTIONS] /api/v1/availability/check - Status: 200 - Duration: 0.0s - IP: 127.0.0.1 - User: Anonymous
2026-03-09 00:47:13,561 | INFO     | app | [OPTIONS] /api/v1/availability/check - Status: 200 - Duration: 0.0s - IP: 127.0.0.1 - User: Anonymous
2026-03-09 00:47:13,562 | INFO     | app | [OPTIONS] /api/v1/availability/check - Status: 200 - Duration: 0.0s - IP: 127.0.0.1 - User: Anonymous
2026-03-09 00:47:13,730 | INFO     | app | [OPTIONS] /api/v1/stats/dashboard - Status: 200 - Duration: 0.0s - IP: 127.0.0.1 - User: Anonymous
2026-03-09 00:47:13,732 | INFO     | app | [OPTIONS] /api/v1/stats/expenses - Status: 200 - Duration: 0.001s - IP: 127.0.0.1 - User: Anonymous
2026-03-09 00:47:13,845 | INFO     | app | [OPTIONS] /api/v1/stats/dashboard - Status: 200 - Duration: 0.0s - IP: 127.0.0.1 - User: Anonymous
2026-03-09 00:47:13,876 | INFO     | app | [OPTIONS] /api/v1/stats/expenses - Status: 200 - Duration: 0.001s - IP: 127.0.0.1 - User: Anonymous
2026-03-09 00:47:13,900 | INFO     | app | [OPTIONS] /api/v1/availability/check - Status: 200 - Duration: 0.0s - IP: 127.0.0.1 - User: Anonymous
2026-03-09 00:47:13,907 | INFO     | app | [OPTIONS] /api/v1/availability/check - Status: 200 - Duration: 0.0s - IP: 127.0.0.1 - User: Anonymous
2026-03-09 00:47:14,050 | INFO     | app | [OPTIONS] /api/v1/availability/check - Status: 200 - Duration: 0.0s - IP: 127.0.0.1 - User: Anonymous
2026-03-09 00:47:14,055 | INFO     | app | [OPTIONS] /api/v1/availability/check - Status: 200 - Duration: 0.0s - IP: 127.0.0.1 - User: Anonymous
2026-03-09 00:47:14,348 | INFO     | app | [GET] /api/v1/stats/expenses - Status: 200 - Duration: 0.144s - IP: 127.0.0.1 - User: fedegarcia30@gmail.com
2026-03-09 00:47:14,703 | INFO     | app | [GET] /api/v1/stats/dashboard - Status: 200 - Duration: 0.528s - IP: 127.0.0.1 - User: fedegarcia30@gmail.com
2026-03-09 00:47:14,842 | INFO     | app | [GET] /api/v1/stats/expenses - Status: 200 - Duration: 0.144s - IP: 127.0.0.1 - User: fedegarcia30@gmail.com
2026-03-09 00:47:15,298 | INFO     | app | [GET] /api/v1/stats/expenses - Status: 200 - Duration: 0.117s - IP: 127.0.0.1 - User: fedegarcia30@gmail.com
2026-03-09 00:47:15,549 | INFO     | app | [GET] /api/v1/stats/dashboard - Status: 200 - Duration: 0.487s - IP: 127.0.0.1 - User: fedegarcia30@gmail.com
2026-03-09 00:47:15,735 | INFO     | app | [GET] /api/v1/stats/expenses - Status: 200 - Duration: 0.107s - IP: 127.0.0.1 - User: fedegarcia30@gmail.com
2026-03-09 00:47:16,365 | INFO     | app | [GET] /api/v1/stats/dashboard - Status: 200 - Duration: 0.47s - IP: 127.0.0.1 - User: fedegarcia30@gmail.com
2026-03-09 00:47:17,043 | INFO     | app | [GET] /api/v1/stats/dashboard - Status: 200 - Duration: 0.354s - IP: 127.0.0.1 - User: fedegarcia30@gmail.com
2026-03-09 00:47:23,720 | INFO     | app | [OPTIONS] /api/v1/pedidos/calendar - Status: 200 - Duration: 0.0s - IP: 127.0.0.1 - User: Anonymous
2026-03-09 00:47:23,722 | INFO     | app | [OPTIONS] /api/v1/pedidos/calendar - Status: 200 - Duration: 0.001s - IP: 127.0.0.1 - User: Anonymous
2026-03-09 00:47:23,988 | INFO     | app | [GET] /api/v1/pedidos/calendar - Status: 200 - Duration: 0.014s - IP: 127.0.0.1 - User: fedegarcia30@gmail.com
2026-03-09 00:47:24,078 | INFO     | app | [GET] /api/v1/pedidos/calendar - Status: 200 - Duration: 0.022s - IP: 127.0.0.1 - User: fedegarcia30@gmail.com
2026-03-09 00:47:29,358 | INFO     | app | [OPTIONS] /api/v1/availability/check - Status: 200 - Duration: 0.0s - IP: 127.0.0.1 - User: Anonymous
2026-03-09 00:47:29,679 | INFO     | app | [OPTIONS] /api/v1/pedidos - Status: 200 - Duration: 0.0s - IP: 127.0.0.1 - User: Anonymous
2026-03-09 00:47:29,680 | INFO     | app | [OPTIONS] /api/v1/availability/check - Status: 200 - Duration: 0.0s - IP: 127.0.0.1 - User: Anonymous
2026-03-09 00:47:29,693 | INFO     | app | [OPTIONS] /api/v1/pedidos - Status: 200 - Duration: 0.001s - IP: 127.0.0.1 - User: Anonymous
2026-03-09 00:47:29,713 | INFO     | app | [POST] /api/v1/availability/check - Status: 200 - Duration: 0.032s - IP: 127.0.0.1 - User: fedegarcia30@gmail.com
2026-03-09 00:47:30,023 | INFO     | app | [GET] /api/v1/pedidos - Status: 200 - Duration: 0.019s - IP: 127.0.0.1 - User: fedegarcia30@gmail.com
2026-03-09 00:47:30,026 | INFO     | app | [POST] /api/v1/availability/check - Status: 200 - Duration: 0.02s - IP: 127.0.0.1 - User: fedegarcia30@gmail.com
2026-03-09 00:47:30,359 | INFO     | app | [GET] /api/v1/pedidos - Status: 200 - Duration: 0.015s - IP: 127.0.0.1 - User: fedegarcia30@gmail.com
2026-03-09 00:48:19,063 | INFO     | app | [OPTIONS] /api/v1/rices - Status: 200 - Duration: 0.0s - IP: 127.0.0.1 - User: Anonymous
2026-03-09 00:48:19,064 | INFO     | app | [OPTIONS] /api/v1/rices - Status: 200 - Duration: 0.0s - IP: 127.0.0.1 - User: Anonymous
2026-03-09 00:48:19,345 | INFO     | app | [GET] /api/v1/rices - Status: 200 - Duration: 0.016s - IP: 127.0.0.1 - User: fedegarcia30@gmail.com
2026-03-09 00:48:19,409 | INFO     | app | [GET] /api/v1/rices - Status: 200 - Duration: 0.018s - IP: 127.0.0.1 - User: fedegarcia30@gmail.com
2026-03-09 00:48:36,427 | INFO     | app | [OPTIONS] /api/v1/ingredients - Status: 200 - Duration: 0.0s - IP: 127.0.0.1 - User: Anonymous
2026-03-09 00:48:36,751 | INFO     | app | [OPTIONS] /api/v1/rices/1/recipe - Status: 200 - Duration: 0.0s - IP: 127.0.0.1 - User: Anonymous
2026-03-09 00:48:36,754 | INFO     | app | [OPTIONS] /api/v1/ingredients - Status: 200 - Duration: 0.001s - IP: 127.0.0.1 - User: Anonymous
2026-03-09 00:48:36,761 | INFO     | app | [OPTIONS] /api/v1/rices/1/recipe - Status: 200 - Duration: 0.001s - IP: 127.0.0.1 - User: Anonymous
2026-03-09 00:48:36,808 | INFO     | app | [GET] /api/v1/ingredients - Status: 200 - Duration: 0.043s - IP: 127.0.0.1 - User: fedegarcia30@gmail.com
2026-03-09 00:48:37,126 | INFO     | app | [GET] /api/v1/rices/1/recipe - Status: 200 - Duration: 0.032s - IP: 127.0.0.1 - User: fedegarcia30@gmail.com
2026-03-09 00:48:37,227 | INFO     | app | [GET] /api/v1/ingredients - Status: 200 - Duration: 0.023s - IP: 127.0.0.1 - User: fedegarcia30@gmail.com
2026-03-09 00:48:37,475 | INFO     | app | [GET] /api/v1/rices/1/recipe - Status: 200 - Duration: 0.025s - IP: 127.0.0.1 - User: fedegarcia30@gmail.com
2026-03-09 00:49:06,812 | INFO     | app | [OPTIONS] /api/v1/ingredients - Status: 200 - Duration: 0.001s - IP: 127.0.0.1 - User: Anonymous
2026-03-09 00:49:06,816 | INFO     | app | [OPTIONS] /api/v1/ingredients - Status: 200 - Duration: 0.001s - IP: 127.0.0.1 - User: Anonymous
2026-03-09 00:49:07,105 | INFO     | app | [GET] /api/v1/ingredients - Status: 200 - Duration: 0.04s - IP: 127.0.0.1 - User: fedegarcia30@gmail.com
2026-03-09 00:49:07,183 | INFO     | app | [GET] /api/v1/ingredients - Status: 200 - Duration: 0.033s - IP: 127.0.0.1 - User: fedegarcia30@gmail.com
2026-03-09 00:52:15,683 | INFO     | app | [OPTIONS] /api/v1/clients/stats - Status: 200 - Duration: 0.0s - IP: 127.0.0.1 - User: Anonymous
2026-03-09 00:52:15,684 | INFO     | app | [OPTIONS] /api/v1/clients/stats - Status: 200 - Duration: 0.0s - IP: 127.0.0.1 - User: Anonymous
2026-03-09 00:52:15,820 | INFO     | app | [OPTIONS] /api/v1/clients - Status: 200 - Duration: 0.0s - IP: 127.0.0.1 - User: Anonymous
2026-03-09 00:52:16,001 | INFO     | app | [GET] /api/v1/clients/stats - Status: 200 - Duration: 0.055s - IP: 127.0.0.1 - User: fedegarcia30@gmail.com
2026-03-09 00:52:16,025 | INFO     | app | [GET] /api/v1/clients - Status: 200 - Duration: 0.019s - IP: 127.0.0.1 - User: fedegarcia30@gmail.com
2026-03-09 00:52:16,203 | INFO     | app | [GET] /api/v1/clients/stats - Status: 200 - Duration: 0.055s - IP: 127.0.0.1 - User: fedegarcia30@gmail.com
2026-03-09 00:53:17,336 | INFO     | app | [OPTIONS] /api/v1/pedidos - Status: 200 - Duration: 0.0s - IP: 127.0.0.1 - User: Anonymous
2026-03-09 00:53:17,353 | INFO     | app | [OPTIONS] /api/v1/pedidos - Status: 200 - Duration: 0.0s - IP: 127.0.0.1 - User: Anonymous
2026-03-09 00:53:17,355 | INFO     | app | [OPTIONS] /api/v1/pedidos - Status: 200 - Duration: 0.0s - IP: 127.0.0.1 - User: Anonymous
2026-03-09 00:53:17,363 | INFO     | app | [OPTIONS] /api/v1/pedidos - Status: 200 - Duration: 0.0s - IP: 127.0.0.1 - User: Anonymous
2026-03-09 00:53:17,366 | INFO     | app | [OPTIONS] /api/v1/pedidos - Status: 200 - Duration: 0.001s - IP: 127.0.0.1 - User: Anonymous
2026-03-09 00:53:17,367 | INFO     | app | [OPTIONS] /api/v1/pedidos - Status: 200 - Duration: 0.002s - IP: 127.0.0.1 - User: Anonymous
2026-03-09 00:53:17,651 | INFO     | app | [OPTIONS] /api/v1/pedidos - Status: 200 - Duration: 0.0s - IP: 127.0.0.1 - User: Anonymous
2026-03-09 00:53:17,686 | INFO     | app | [OPTIONS] /api/v1/pedidos - Status: 200 - Duration: 0.002s - IP: 127.0.0.1 - User: Anonymous
2026-03-09 00:53:17,689 | INFO     | app | [OPTIONS] /api/v1/pedidos - Status: 200 - Duration: 0.0s - IP: 127.0.0.1 - User: Anonymous
2026-03-09 00:53:17,691 | INFO     | app | [OPTIONS] /api/v1/pedidos - Status: 200 - Duration: 0.0s - IP: 127.0.0.1 - User: Anonymous
2026-03-09 00:53:17,698 | INFO     | app | [OPTIONS] /api/v1/pedidos - Status: 200 - Duration: 0.0s - IP: 127.0.0.1 - User: Anonymous
2026-03-09 00:53:17,705 | INFO     | app | [OPTIONS] /api/v1/pedidos - Status: 200 - Duration: 0.0s - IP: 127.0.0.1 - User: Anonymous
2026-03-09 00:53:17,966 | INFO     | app | [OPTIONS] /api/v1/pedidos - Status: 200 - Duration: 0.0s - IP: 127.0.0.1 - User: Anonymous
2026-03-09 00:53:18,011 | INFO     | app | [OPTIONS] /api/v1/pedidos - Status: 200 - Duration: 0.0s - IP: 127.0.0.1 - User: Anonymous
2026-03-09 00:53:18,013 | INFO     | app | [OPTIONS] /api/v1/pedidos - Status: 200 - Duration: 0.0s - IP: 127.0.0.1 - User: Anonymous
2026-03-09 00:53:18,013 | INFO     | app | [OPTIONS] /api/v1/pedidos - Status: 200 - Duration: 0.0s - IP: 127.0.0.1 - User: Anonymous
2026-03-09 00:53:18,034 | INFO     | app | [GET] /api/v1/pedidos - Status: 200 - Duration: 0.017s - IP: 127.0.0.1 - User: fedegarcia30@gmail.com
2026-03-09 00:53:18,039 | INFO     | app | [GET] /api/v1/pedidos - Status: 200 - Duration: 0.011s - IP: 127.0.0.1 - User: fedegarcia30@gmail.com
2026-03-09 00:53:18,286 | INFO     | app | [GET] /api/v1/pedidos - Status: 200 - Duration: 0.009s - IP: 127.0.0.1 - User: fedegarcia30@gmail.com
2026-03-09 00:53:18,346 | INFO     | app | [GET] /api/v1/pedidos - Status: 200 - Duration: 0.021s - IP: 127.0.0.1 - User: fedegarcia30@gmail.com
2026-03-09 00:53:18,349 | INFO     | app | [GET] /api/v1/pedidos - Status: 200 - Duration: 0.021s - IP: 127.0.0.1 - User: fedegarcia30@gmail.com
2026-03-09 00:53:18,350 | INFO     | app | [GET] /api/v1/pedidos - Status: 200 - Duration: 0.017s - IP: 127.0.0.1 - User: fedegarcia30@gmail.com
2026-03-09 00:53:18,481 | INFO     | app | [GET] /api/v1/pedidos - Status: 200 - Duration: 0.127s - IP: 127.0.0.1 - User: fedegarcia30@gmail.com
2026-03-09 00:53:18,617 | INFO     | app | [GET] /api/v1/pedidos - Status: 200 - Duration: 0.017s - IP: 127.0.0.1 - User: fedegarcia30@gmail.com
2026-03-09 00:53:18,685 | INFO     | app | [GET] /api/v1/pedidos - Status: 200 - Duration: 0.024s - IP: 127.0.0.1 - User: fedegarcia30@gmail.com
2026-03-09 00:53:18,697 | INFO     | app | [GET] /api/v1/pedidos - Status: 200 - Duration: 0.022s - IP: 127.0.0.1 - User: fedegarcia30@gmail.com
2026-03-09 00:53:18,698 | INFO     | app | [GET] /api/v1/pedidos - Status: 200 - Duration: 0.03s - IP: 127.0.0.1 - User: fedegarcia30@gmail.com
2026-03-09 00:53:18,819 | INFO     | app | [GET] /api/v1/pedidos - Status: 200 - Duration: 0.016s - IP: 127.0.0.1 - User: fedegarcia30@gmail.com
2026-03-09 00:53:18,959 | INFO     | app | [GET] /api/v1/pedidos - Status: 200 - Duration: 0.015s - IP: 127.0.0.1 - User: fedegarcia30@gmail.com
2026-03-09 00:53:19,113 | INFO     | app | [GET] /api/v1/pedidos - Status: 200 - Duration: 0.108s - IP: 127.0.0.1 - User: fedegarcia30@gmail.com
2026-03-09 00:53:39,288 | INFO     | app | [GET] /api/v1/pedidos - Status: 200 - Duration: 20.929s - IP: 127.0.0.1 - User: fedegarcia30@gmail.com
2026-03-09 00:54:02,720 | INFO     | app | [GET] /api/v1/pedidos - Status: 200 - Duration: 24.686s - IP: 127.0.0.1 - User: fedegarcia30@gmail.com
2026-03-09 00:58:02,243 | INFO     | app | Logger initialized successfully at level INFO
2026-03-09 00:58:04,737 | INFO     | app | Logger initialized successfully at level INFO
2026-03-09 00:58:13,506 | INFO     | app | Logger initialized successfully at level INFO
2026-03-09 01:00:39,239 | INFO     | app | [OPTIONS] /api/v1/auth/me - Status: 200 - Duration: 0.0s - IP: 127.0.0.1 - User: Anonymous
2026-03-09 01:00:39,958 | INFO     | app | [GET] /api/v1/auth/me - Status: 200 - Duration: 0.452s - IP: 127.0.0.1 - User: fedegarcia30@gmail.com
2026-03-09 01:00:39,996 | INFO     | app | [OPTIONS] /api/v1/availability/check - Status: 200 - Duration: 0.0s - IP: 127.0.0.1 - User: Anonymous
2026-03-09 01:00:40,304 | INFO     | app | [OPTIONS] /api/v1/availability/check - Status: 200 - Duration: 0.0s - IP: 127.0.0.1 - User: Anonymous
2026-03-09 01:00:40,305 | INFO     | app | [OPTIONS] /api/v1/availability/check - Status: 200 - Duration: 0.0s - IP: 127.0.0.1 - User: Anonymous
2026-03-09 01:00:40,609 | INFO     | app | [OPTIONS] /api/v1/availability/check - Status: 200 - Duration: 0.0s - IP: 127.0.0.1 - User: Anonymous
2026-03-09 01:00:40,612 | INFO     | app | [OPTIONS] /api/v1/pedidos/calendar - Status: 200 - Duration: 0.0s - IP: 127.0.0.1 - User: Anonymous
2026-03-09 01:00:40,873 | INFO     | app | [OPTIONS] /api/v1/pedidos/calendar - Status: 200 - Duration: 0.0s - IP: 127.0.0.1 - User: Anonymous
2026-03-09 01:00:40,931 | INFO     | app | [GET] /api/v1/pedidos/calendar - Status: 200 - Duration: 0.014s - IP: 127.0.0.1 - User: fedegarcia30@gmail.com
2026-03-09 01:00:40,943 | INFO     | app | [GET] /api/v1/pedidos/calendar - Status: 200 - Duration: 0.007s - IP: 127.0.0.1 - User: fedegarcia30@gmail.com
2026-03-09 01:00:41,692 | INFO     | app | [OPTIONS] /api/v1/clients/stats - Status: 200 - Duration: 0.001s - IP: 127.0.0.1 - User: Anonymous
2026-03-09 01:00:41,692 | INFO     | app | [OPTIONS] /api/v1/clients/stats - Status: 200 - Duration: 0.0s - IP: 127.0.0.1 - User: Anonymous
2026-03-09 01:00:41,957 | INFO     | app | [OPTIONS] /api/v1/clients - Status: 200 - Duration: 0.0s - IP: 127.0.0.1 - User: Anonymous
2026-03-09 01:00:42,003 | INFO     | app | [GET] /api/v1/clients/stats - Status: 200 - Duration: 0.046s - IP: 127.0.0.1 - User: fedegarcia30@gmail.com
2026-03-09 01:00:42,029 | INFO     | app | [GET] /api/v1/clients - Status: 200 - Duration: 0.026s - IP: 127.0.0.1 - User: fedegarcia30@gmail.com
2026-03-09 01:00:42,292 | INFO     | app | [GET] /api/v1/clients/stats - Status: 200 - Duration: 0.023s - IP: 127.0.0.1 - User: fedegarcia30@gmail.com
2026-03-09 01:00:48,403 | INFO     | app | [OPTIONS] /api/v1/clients/stats - Status: 200 - Duration: 0.0s - IP: 127.0.0.1 - User: Anonymous
2026-03-09 01:00:48,741 | INFO     | app | [GET] /api/v1/clients/stats - Status: 200 - Duration: 0.023s - IP: 127.0.0.1 - User: fedegarcia30@gmail.com
2026-03-09 01:00:51,798 | INFO     | app | [OPTIONS] /api/v1/clients/stats - Status: 200 - Duration: 0.0s - IP: 127.0.0.1 - User: Anonymous
2026-03-09 01:00:52,134 | INFO     | app | [GET] /api/v1/clients/stats - Status: 200 - Duration: 0.031s - IP: 127.0.0.1 - User: fedegarcia30@gmail.com
2026-03-09 01:00:52,366 | INFO     | app | [OPTIONS] /api/v1/clients/stats - Status: 200 - Duration: 0.0s - IP: 127.0.0.1 - User: Anonymous
2026-03-09 01:00:52,642 | INFO     | app | [GET] /api/v1/clients/stats - Status: 200 - Duration: 0.026s - IP: 127.0.0.1 - User: fedegarcia30@gmail.com
2026-03-09 01:00:52,672 | INFO     | app | [OPTIONS] /api/v1/clients/stats - Status: 200 - Duration: 0.0s - IP: 127.0.0.1 - User: Anonymous
2026-03-09 01:00:53,009 | INFO     | app | [GET] /api/v1/clients/stats - Status: 200 - Duration: 0.029s - IP: 127.0.0.1 - User: fedegarcia30@gmail.com
2026-03-09 01:00:54,462 | INFO     | app | [OPTIONS] /api/v1/clients/stats - Status: 200 - Duration: 0.001s - IP: 127.0.0.1 - User: Anonymous
2026-03-09 01:00:54,799 | INFO     | app | [GET] /api/v1/clients/stats - Status: 200 - Duration: 0.025s - IP: 127.0.0.1 - User: fedegarcia30@gmail.com
2026-03-09 01:00:55,503 | INFO     | app | [GET] /api/v1/clients/stats - Status: 200 - Duration: 0.023s - IP: 127.0.0.1 - User: fedegarcia30@gmail.com
2026-03-09 01:00:56,902 | INFO     | app | [GET] /api/v1/clients/stats - Status: 200 - Duration: 0.027s - IP: 127.0.0.1 - User: fedegarcia30@gmail.com
2026-03-09 01:00:57,348 | INFO     | app | [GET] /api/v1/clients/stats - Status: 200 - Duration: 0.039s - IP: 127.0.0.1 - User: fedegarcia30@gmail.com
2026-03-09 01:00:59,226 | INFO     | app | [OPTIONS] /api/v1/clients/stats - Status: 200 - Duration: 0.0s - IP: 127.0.0.1 - User: Anonymous
2026-03-09 01:00:59,512 | INFO     | app | [GET] /api/v1/clients/stats - Status: 200 - Duration: 0.022s - IP: 127.0.0.1 - User: fedegarcia30@gmail.com
2026-03-09 01:01:01,889 | INFO     | app | [OPTIONS] /api/v1/clients/stats - Status: 200 - Duration: 0.0s - IP: 127.0.0.1 - User: Anonymous
2026-03-09 01:01:02,249 | INFO     | app | [GET] /api/v1/clients/stats - Status: 200 - Duration: 0.046s - IP: 127.0.0.1 - User: fedegarcia30@gmail.com
2026-03-09 01:01:02,951 | INFO     | app | [OPTIONS] /api/v1/clients/stats - Status: 200 - Duration: 0.0s - IP: 127.0.0.1 - User: Anonymous
2026-03-09 01:01:03,286 | INFO     | app | [GET] /api/v1/clients/stats - Status: 200 - Duration: 0.022s - IP: 127.0.0.1 - User: fedegarcia30@gmail.com
2026-03-09 01:01:04,675 | INFO     | app | [GET] /api/v1/clients/stats - Status: 200 - Duration: 0.023s - IP: 127.0.0.1 - User: fedegarcia30@gmail.com
2026-03-09 01:01:06,884 | INFO     | app | [OPTIONS] /api/v1/clients/stats - Status: 200 - Duration: 0.0s - IP: 127.0.0.1 - User: Anonymous
2026-03-09 01:01:07,177 | INFO     | app | [GET] /api/v1/clients/stats - Status: 200 - Duration: 0.038s - IP: 127.0.0.1 - User: fedegarcia30@gmail.com
2026-03-09 01:01:22,698 | INFO     | app | [OPTIONS] /api/v1/stats/mapa - Status: 200 - Duration: 0.0s - IP: 127.0.0.1 - User: Anonymous
2026-03-09 01:01:23,006 | INFO     | app | [OPTIONS] /api/v1/stats/mapa - Status: 200 - Duration: 0.0s - IP: 127.0.0.1 - User: Anonymous
2026-03-09 01:01:23,028 | INFO     | app | [GET] /api/v1/stats/mapa - Status: 200 - Duration: 0.016s - IP: 127.0.0.1 - User: fedegarcia30@gmail.com
2026-03-09 01:01:23,347 | INFO     | app | [GET] /api/v1/stats/mapa - Status: 200 - Duration: 0.01s - IP: 127.0.0.1 - User: fedegarcia30@gmail.com
2026-03-09 01:02:13,959 | INFO     | app | [OPTIONS] /api/v1/stats/mapa - Status: 200 - Duration: 0.0s - IP: 127.0.0.1 - User: Anonymous
2026-03-09 01:02:14,221 | INFO     | app | [GET] /api/v1/stats/mapa - Status: 200 - Duration: 0.008s - IP: 127.0.0.1 - User: fedegarcia30@gmail.com
2026-03-09 01:02:16,051 | INFO     | app | [OPTIONS] /api/v1/stats/mapa - Status: 200 - Duration: 0.0s - IP: 127.0.0.1 - User: Anonymous
2026-03-09 01:02:16,365 | INFO     | app | [GET] /api/v1/stats/mapa - Status: 200 - Duration: 0.005s - IP: 127.0.0.1 - User: fedegarcia30@gmail.com
2026-03-09 01:02:17,473 | INFO     | app | [OPTIONS] /api/v1/stats/mapa - Status: 200 - Duration: 0.0s - IP: 127.0.0.1 - User: Anonymous
2026-03-09 01:02:17,798 | INFO     | app | [GET] /api/v1/stats/mapa - Status: 200 - Duration: 0.009s - IP: 127.0.0.1 - User: fedegarcia30@gmail.com
2026-03-09 01:02:17,945 | INFO     | app | [OPTIONS] /api/v1/stats/mapa - Status: 200 - Duration: 0.0s - IP: 127.0.0.1 - User: Anonymous
2026-03-09 01:02:18,054 | INFO     | app | [OPTIONS] /api/v1/stats/mapa - Status: 200 - Duration: 0.0s - IP: 127.0.0.1 - User: Anonymous
2026-03-09 01:02:18,098 | INFO     | app | [OPTIONS] /api/v1/stats/mapa - Status: 200 - Duration: 0.001s - IP: 127.0.0.1 - User: Anonymous
2026-03-09 01:02:18,260 | INFO     | app | [GET] /api/v1/stats/mapa - Status: 200 - Duration: 0.012s - IP: 127.0.0.1 - User: fedegarcia30@gmail.com
2026-03-09 01:02:18,267 | INFO     | app | [GET] /api/v1/stats/mapa - Status: 200 - Duration: 0.011s - IP: 127.0.0.1 - User: fedegarcia30@gmail.com
2026-03-09 01:02:18,362 | INFO     | app | [OPTIONS] /api/v1/stats/mapa - Status: 200 - Duration: 0.001s - IP: 127.0.0.1 - User: Anonymous
2026-03-09 01:02:18,402 | INFO     | app | [GET] /api/v1/stats/mapa - Status: 200 - Duration: 0.01s - IP: 127.0.0.1 - User: fedegarcia30@gmail.com
2026-03-09 01:02:18,407 | INFO     | app | [OPTIONS] /api/v1/stats/mapa - Status: 200 - Duration: 0.0s - IP: 127.0.0.1 - User: Anonymous
2026-03-09 01:02:18,557 | INFO     | app | [GET] /api/v1/stats/mapa - Status: 200 - Duration: 0.011s - IP: 127.0.0.1 - User: fedegarcia30@gmail.com
2026-03-09 01:02:18,669 | INFO     | app | [OPTIONS] /api/v1/stats/mapa - Status: 200 - Duration: 0.0s - IP: 127.0.0.1 - User: Anonymous
2026-03-09 01:02:18,718 | INFO     | app | [OPTIONS] /api/v1/stats/mapa - Status: 200 - Duration: 0.0s - IP: 127.0.0.1 - User: Anonymous
2026-03-09 01:02:18,725 | INFO     | app | [GET] /api/v1/stats/mapa - Status: 200 - Duration: 0.009s - IP: 127.0.0.1 - User: fedegarcia30@gmail.com
2026-03-09 01:02:18,854 | INFO     | app | [OPTIONS] /api/v1/stats/mapa - Status: 200 - Duration: 0.0s - IP: 127.0.0.1 - User: Anonymous
2026-03-09 01:02:18,989 | INFO     | app | [GET] /api/v1/stats/mapa - Status: 200 - Duration: 0.012s - IP: 127.0.0.1 - User: fedegarcia30@gmail.com
2026-03-09 01:02:19,042 | INFO     | app | [OPTIONS] /api/v1/stats/mapa - Status: 200 - Duration: 0.002s - IP: 127.0.0.1 - User: Anonymous
2026-03-09 01:02:19,051 | INFO     | app | [GET] /api/v1/stats/mapa - Status: 200 - Duration: 0.011s - IP: 127.0.0.1 - User: fedegarcia30@gmail.com
2026-03-09 01:02:19,159 | INFO     | app | [GET] /api/v1/stats/mapa - Status: 200 - Duration: 0.014s - IP: 127.0.0.1 - User: fedegarcia30@gmail.com
2026-03-09 01:02:19,164 | INFO     | app | [OPTIONS] /api/v1/stats/mapa - Status: 200 - Duration: 0.0s - IP: 127.0.0.1 - User: Anonymous
2026-03-09 01:02:19,315 | INFO     | app | [GET] /api/v1/stats/mapa - Status: 200 - Duration: 0.012s - IP: 127.0.0.1 - User: fedegarcia30@gmail.com
2026-03-09 01:02:19,349 | INFO     | app | [OPTIONS] /api/v1/stats/mapa - Status: 200 - Duration: 0.0s - IP: 127.0.0.1 - User: Anonymous
2026-03-09 01:02:19,467 | INFO     | app | [GET] /api/v1/stats/mapa - Status: 200 - Duration: 0.007s - IP: 127.0.0.1 - User: fedegarcia30@gmail.com
2026-03-09 01:02:19,475 | INFO     | app | [OPTIONS] /api/v1/stats/mapa - Status: 200 - Duration: 0.0s - IP: 127.0.0.1 - User: Anonymous
2026-03-09 01:02:19,610 | INFO     | app | [GET] /api/v1/stats/mapa - Status: 200 - Duration: 0.008s - IP: 127.0.0.1 - User: fedegarcia30@gmail.com
2026-03-09 01:02:19,742 | INFO     | app | [OPTIONS] /api/v1/stats/mapa - Status: 200 - Duration: 0.002s - IP: 127.0.0.1 - User: Anonymous
2026-03-09 01:02:19,781 | INFO     | app | [GET] /api/v1/stats/mapa - Status: 200 - Duration: 0.007s - IP: 127.0.0.1 - User: fedegarcia30@gmail.com
2026-03-09 01:02:19,784 | INFO     | app | [OPTIONS] /api/v1/stats/mapa - Status: 200 - Duration: 0.0s - IP: 127.0.0.1 - User: Anonymous
2026-03-09 01:02:19,914 | INFO     | app | [OPTIONS] /api/v1/stats/mapa - Status: 200 - Duration: 0.001s - IP: 127.0.0.1 - User: Anonymous
2026-03-09 01:02:20,062 | INFO     | app | [GET] /api/v1/stats/mapa - Status: 200 - Duration: 0.011s - IP: 127.0.0.1 - User: fedegarcia30@gmail.com
2026-03-09 01:02:20,064 | INFO     | app | [GET] /api/v1/stats/mapa - Status: 200 - Duration: 0.012s - IP: 127.0.0.1 - User: fedegarcia30@gmail.com
2026-03-09 01:02:20,105 | INFO     | app | [GET] /api/v1/stats/mapa - Status: 200 - Duration: 0.009s - IP: 127.0.0.1 - User: fedegarcia30@gmail.com
2026-03-09 01:02:20,222 | INFO     | app | [OPTIONS] /api/v1/stats/mapa - Status: 200 - Duration: 0.001s - IP: 127.0.0.1 - User: Anonymous
2026-03-09 01:02:20,300 | INFO     | app | [OPTIONS] /api/v1/stats/mapa - Status: 200 - Duration: 0.0s - IP: 127.0.0.1 - User: Anonymous
2026-03-09 01:02:20,446 | INFO     | app | [GET] /api/v1/stats/mapa - Status: 200 - Duration: 0.009s - IP: 127.0.0.1 - User: fedegarcia30@gmail.com
2026-03-09 01:02:20,528 | INFO     | app | [OPTIONS] /api/v1/stats/mapa - Status: 200 - Duration: 0.0s - IP: 127.0.0.1 - User: Anonymous
2026-03-09 01:02:20,599 | INFO     | app | [GET] /api/v1/stats/mapa - Status: 200 - Duration: 0.009s - IP: 127.0.0.1 - User: fedegarcia30@gmail.com
2026-03-09 01:02:20,606 | INFO     | app | [OPTIONS] /api/v1/stats/mapa - Status: 200 - Duration: 0.001s - IP: 127.0.0.1 - User: Anonymous
2026-03-09 01:02:20,765 | INFO     | app | [GET] /api/v1/stats/mapa - Status: 200 - Duration: 0.011s - IP: 127.0.0.1 - User: fedegarcia30@gmail.com
2026-03-09 01:02:20,852 | INFO     | app | [GET] /api/v1/stats/mapa - Status: 200 - Duration: 0.011s - IP: 127.0.0.1 - User: fedegarcia30@gmail.com
2026-03-09 01:02:20,920 | INFO     | app | [OPTIONS] /api/v1/stats/mapa - Status: 200 - Duration: 0.0s - IP: 127.0.0.1 - User: Anonymous
2026-03-09 01:02:20,935 | INFO     | app | [GET] /api/v1/stats/mapa - Status: 200 - Duration: 0.012s - IP: 127.0.0.1 - User: fedegarcia30@gmail.com
2026-03-09 01:05:47,022 | INFO     | app | [OPTIONS] /api/v1/auth/me - Status: 200 - Duration: 0.0s - IP: 127.0.0.1 - User: Anonymous
2026-03-09 01:05:47,289 | INFO     | app | [GET] /api/v1/auth/me - Status: 200 - Duration: 0.006s - IP: 127.0.0.1 - User: fedegarcia30@gmail.com
2026-03-09 01:05:47,414 | INFO     | app | [OPTIONS] /api/v1/availability/check - Status: 200 - Duration: 0.0s - IP: 127.0.0.1 - User: Anonymous
2026-03-09 01:05:47,732 | INFO     | app | [OPTIONS] /api/v1/availability/check - Status: 200 - Duration: 0.0s - IP: 127.0.0.1 - User: Anonymous
2026-03-09 01:05:47,732 | INFO     | app | [OPTIONS] /api/v1/availability/check - Status: 200 - Duration: 0.0s - IP: 127.0.0.1 - User: Anonymous
2026-03-09 01:05:48,042 | INFO     | app | [OPTIONS] /api/v1/availability/check - Status: 200 - Duration: 0.0s - IP: 127.0.0.1 - User: Anonymous
2026-03-09 01:05:48,046 | INFO     | app | [OPTIONS] /api/v1/pedidos/calendar - Status: 200 - Duration: 0.0s - IP: 127.0.0.1 - User: Anonymous
2026-03-09 01:05:48,307 | INFO     | app | [GET] /api/v1/pedidos/calendar - Status: 200 - Duration: 0.008s - IP: 127.0.0.1 - User: fedegarcia30@gmail.com
2026-03-09 01:05:48,370 | INFO     | app | [GET] /api/v1/pedidos/calendar - Status: 200 - Duration: 0.008s - IP: 127.0.0.1 - User: fedegarcia30@gmail.com
2026-03-09 01:05:56,118 | INFO     | app | [OPTIONS] /api/v1/auth/me - Status: 200 - Duration: 0.001s - IP: 127.0.0.1 - User: Anonymous
2026-03-09 01:05:56,438 | INFO     | app | [OPTIONS] /api/v1/auth/me - Status: 200 - Duration: 0.001s - IP: 127.0.0.1 - User: Anonymous
2026-03-09 01:05:56,443 | INFO     | app | [GET] /api/v1/auth/me - Status: 200 - Duration: 0.005s - IP: 127.0.0.1 - User: test01@test.com
2026-03-09 01:05:56,765 | INFO     | app | [GET] /api/v1/auth/me - Status: 200 - Duration: 0.004s - IP: 127.0.0.1 - User: test01@test.com
2026-03-09 01:05:56,823 | INFO     | app | [OPTIONS] /api/v1/pedidos/calendar - Status: 200 - Duration: 0.0s - IP: 127.0.0.1 - User: Anonymous
2026-03-09 01:05:56,825 | INFO     | app | [OPTIONS] /api/v1/pedidos/calendar - Status: 200 - Duration: 0.0s - IP: 127.0.0.1 - User: Anonymous
2026-03-09 01:05:57,111 | INFO     | app | [OPTIONS] /api/v1/pedidos/calendar - Status: 200 - Duration: 0.0s - IP: 127.0.0.1 - User: Anonymous
2026-03-09 01:05:57,112 | INFO     | app | [OPTIONS] /api/v1/pedidos/calendar - Status: 200 - Duration: 0.0s - IP: 127.0.0.1 - User: Anonymous
2026-03-09 01:05:57,139 | INFO     | app | [GET] /api/v1/pedidos/calendar - Status: 200 - Duration: 0.006s - IP: 127.0.0.1 - User: test01@test.com
2026-03-09 01:05:57,453 | INFO     | app | [GET] /api/v1/pedidos/calendar - Status: 200 - Duration: 0.008s - IP: 127.0.0.1 - User: test01@test.com
2026-03-09 01:05:57,775 | INFO     | app | [GET] /api/v1/pedidos/calendar - Status: 200 - Duration: 0.005s - IP: 127.0.0.1 - User: test01@test.com
2026-03-09 01:05:58,087 | INFO     | app | [GET] /api/v1/pedidos/calendar - Status: 200 - Duration: 0.007s - IP: 127.0.0.1 - User: test01@test.com
2026-03-09 01:08:24,221 | INFO     | app | [OPTIONS] /api/v1/auth/me - Status: 200 - Duration: 0.001s - IP: 127.0.0.1 - User: Anonymous
2026-03-09 01:08:24,478 | INFO     | app | [GET] /api/v1/auth/me - Status: 200 - Duration: 0.007s - IP: 127.0.0.1 - User: cocinero@cocinero.com
2026-03-09 01:08:24,573 | INFO     | app | [OPTIONS] /api/v1/availability/check - Status: 200 - Duration: 0.0s - IP: 127.0.0.1 - User: Anonymous
2026-03-09 01:08:24,886 | INFO     | app | [OPTIONS] /api/v1/pedidos - Status: 200 - Duration: 0.002s - IP: 127.0.0.1 - User: Anonymous
2026-03-09 01:08:24,888 | INFO     | app | [OPTIONS] /api/v1/pedidos - Status: 200 - Duration: 0.0s - IP: 127.0.0.1 - User: Anonymous
2026-03-09 01:08:24,889 | INFO     | app | [OPTIONS] /api/v1/availability/check - Status: 200 - Duration: 0.0s - IP: 127.0.0.1 - User: Anonymous
2026-03-09 01:08:24,964 | INFO     | app | [POST] /api/v1/availability/check - Status: 200 - Duration: 0.076s - IP: 127.0.0.1 - User: cocinero@cocinero.com
2026-03-09 01:08:25,210 | INFO     | app | [GET] /api/v1/pedidos - Status: 200 - Duration: 0.013s - IP: 127.0.0.1 - User: cocinero@cocinero.com
2026-03-09 01:08:25,219 | INFO     | app | [POST] /api/v1/availability/check - Status: 200 - Duration: 0.011s - IP: 127.0.0.1 - User: cocinero@cocinero.com
2026-03-09 01:08:25,530 | INFO     | app | [GET] /api/v1/pedidos - Status: 200 - Duration: 0.008s - IP: 127.0.0.1 - User: cocinero@cocinero.com
2026-03-09 01:08:30,402 | INFO     | app | [OPTIONS] /api/v1/availability/check - Status: 200 - Duration: 0.0s - IP: 127.0.0.1 - User: Anonymous
2026-03-09 01:08:30,403 | INFO     | app | [OPTIONS] /api/v1/pedidos - Status: 200 - Duration: 0.0s - IP: 127.0.0.1 - User: Anonymous
2026-03-09 01:08:30,661 | INFO     | app | [POST] /api/v1/availability/check - Status: 200 - Duration: 0.01s - IP: 127.0.0.1 - User: cocinero@cocinero.com
2026-03-09 01:08:30,782 | INFO     | app | [GET] /api/v1/pedidos - Status: 200 - Duration: 0.065s - IP: 127.0.0.1 - User: cocinero@cocinero.com
2026-03-09 01:08:45,099 | INFO     | app | [OPTIONS] /api/v1/auth/me - Status: 200 - Duration: 0.0s - IP: 127.0.0.1 - User: Anonymous
2026-03-09 01:08:45,417 | INFO     | app | [GET] /api/v1/auth/me - Status: 200 - Duration: 0.004s - IP: 127.0.0.1 - User: cocinero@cocinero.com
2026-03-09 01:08:45,661 | INFO     | app | [OPTIONS] /api/v1/pedidos/calendar - Status: 200 - Duration: 0.0s - IP: 127.0.0.1 - User: Anonymous
2026-03-09 01:08:45,752 | INFO     | app | [OPTIONS] /api/v1/pedidos/calendar - Status: 200 - Duration: 0.0s - IP: 127.0.0.1 - User: Anonymous
2026-03-09 01:08:45,760 | INFO     | app | [GET] /api/v1/pedidos/calendar - Status: 200 - Duration: 0.008s - IP: 127.0.0.1 - User: cocinero@cocinero.com
2026-03-09 01:08:45,977 | INFO     | app | [GET] /api/v1/pedidos/calendar - Status: 200 - Duration: 0.009s - IP: 127.0.0.1 - User: cocinero@cocinero.com
2026-03-09 01:08:51,016 | INFO     | app | [OPTIONS] /api/v1/pedidos/calendar - Status: 200 - Duration: 0.001s - IP: 127.0.0.1 - User: Anonymous
2026-03-09 01:08:51,322 | INFO     | app | [OPTIONS] /api/v1/pedidos/calendar - Status: 200 - Duration: 0.0s - IP: 127.0.0.1 - User: Anonymous
2026-03-09 01:08:51,335 | INFO     | app | [GET] /api/v1/pedidos/calendar - Status: 200 - Duration: 0.009s - IP: 127.0.0.1 - User: cocinero@cocinero.com
2026-03-09 01:08:51,651 | INFO     | app | [GET] /api/v1/pedidos/calendar - Status: 200 - Duration: 0.008s - IP: 127.0.0.1 - User: cocinero@cocinero.com
2026-03-09 01:08:52,353 | INFO     | app | [OPTIONS] /api/v1/pedidos - Status: 200 - Duration: 0.0s - IP: 127.0.0.1 - User: Anonymous
2026-03-09 01:08:52,356 | INFO     | app | [OPTIONS] /api/v1/pedidos - Status: 200 - Duration: 0.0s - IP: 127.0.0.1 - User: Anonymous
2026-03-09 01:08:52,370 | INFO     | app | [OPTIONS] /api/v1/pedidos - Status: 200 - Duration: 0.0s - IP: 127.0.0.1 - User: Anonymous
2026-03-09 01:08:52,377 | INFO     | app | [OPTIONS] /api/v1/pedidos - Status: 200 - Duration: 0.0s - IP: 127.0.0.1 - User: Anonymous
2026-03-09 01:08:52,384 | INFO     | app | [OPTIONS] /api/v1/pedidos - Status: 200 - Duration: 0.0s - IP: 127.0.0.1 - User: Anonymous
2026-03-09 01:08:52,389 | INFO     | app | [OPTIONS] /api/v1/pedidos - Status: 200 - Duration: 0.0s - IP: 127.0.0.1 - User: Anonymous
2026-03-09 01:08:52,678 | INFO     | app | [OPTIONS] /api/v1/pedidos - Status: 200 - Duration: 0.0s - IP: 127.0.0.1 - User: Anonymous
2026-03-09 01:08:52,680 | INFO     | app | [OPTIONS] /api/v1/pedidos - Status: 200 - Duration: 0.0s - IP: 127.0.0.1 - User: Anonymous
2026-03-09 01:08:52,684 | INFO     | app | [OPTIONS] /api/v1/pedidos - Status: 200 - Duration: 0.0s - IP: 127.0.0.1 - User: Anonymous
2026-03-09 01:08:52,694 | INFO     | app | [OPTIONS] /api/v1/pedidos - Status: 200 - Duration: 0.0s - IP: 127.0.0.1 - User: Anonymous
2026-03-09 01:08:52,698 | INFO     | app | [OPTIONS] /api/v1/pedidos - Status: 200 - Duration: 0.0s - IP: 127.0.0.1 - User: Anonymous
2026-03-09 01:08:52,702 | INFO     | app | [OPTIONS] /api/v1/pedidos - Status: 200 - Duration: 0.0s - IP: 127.0.0.1 - User: Anonymous
2026-03-09 01:08:52,989 | INFO     | app | [OPTIONS] /api/v1/pedidos - Status: 200 - Duration: 0.0s - IP: 127.0.0.1 - User: Anonymous
2026-03-09 01:08:52,990 | INFO     | app | [OPTIONS] /api/v1/pedidos - Status: 200 - Duration: 0.0s - IP: 127.0.0.1 - User: Anonymous
2026-03-09 01:08:52,992 | INFO     | app | [OPTIONS] /api/v1/pedidos - Status: 200 - Duration: 0.001s - IP: 127.0.0.1 - User: Anonymous
2026-03-09 01:08:53,001 | INFO     | app | [OPTIONS] /api/v1/pedidos - Status: 200 - Duration: 0.0s - IP: 127.0.0.1 - User: Anonymous
2026-03-09 01:08:53,016 | INFO     | app | [GET] /api/v1/pedidos - Status: 200 - Duration: 0.012s - IP: 127.0.0.1 - User: cocinero@cocinero.com
2026-03-09 01:08:53,019 | INFO     | app | [GET] /api/v1/pedidos - Status: 200 - Duration: 0.008s - IP: 127.0.0.1 - User: cocinero@cocinero.com
2026-03-09 01:08:53,328 | INFO     | app | [GET] /api/v1/pedidos - Status: 200 - Duration: 0.015s - IP: 127.0.0.1 - User: cocinero@cocinero.com
2026-03-09 01:08:53,331 | INFO     | app | [GET] /api/v1/pedidos - Status: 200 - Duration: 0.02s - IP: 127.0.0.1 - User: cocinero@cocinero.com
2026-03-09 01:08:53,349 | INFO     | app | [GET] /api/v1/pedidos - Status: 200 - Duration: 0.032s - IP: 127.0.0.1 - User: cocinero@cocinero.com
2026-03-09 01:08:53,353 | INFO     | app | [GET] /api/v1/pedidos - Status: 200 - Duration: 0.023s - IP: 127.0.0.1 - User: cocinero@cocinero.com
2026-03-09 01:08:53,533 | INFO     | app | [GET] /api/v1/pedidos - Status: 200 - Duration: 0.209s - IP: 127.0.0.1 - User: cocinero@cocinero.com
2026-03-09 01:08:53,671 | INFO     | app | [GET] /api/v1/pedidos - Status: 200 - Duration: 0.02s - IP: 127.0.0.1 - User: cocinero@cocinero.com
2026-03-09 01:08:53,673 | INFO     | app | [GET] /api/v1/pedidos - Status: 200 - Duration: 0.018s - IP: 127.0.0.1 - User: cocinero@cocinero.com
2026-03-09 01:08:53,681 | INFO     | app | [GET] /api/v1/pedidos - Status: 200 - Duration: 0.017s - IP: 127.0.0.1 - User: cocinero@cocinero.com
2026-03-09 01:08:53,691 | INFO     | app | [GET] /api/v1/pedidos - Status: 200 - Duration: 0.023s - IP: 127.0.0.1 - User: cocinero@cocinero.com
2026-03-09 01:08:53,868 | INFO     | app | [GET] /api/v1/pedidos - Status: 200 - Duration: 0.011s - IP: 127.0.0.1 - User: cocinero@cocinero.com
2026-03-09 01:08:54,018 | INFO     | app | [GET] /api/v1/pedidos - Status: 200 - Duration: 0.022s - IP: 127.0.0.1 - User: cocinero@cocinero.com
2026-03-09 01:08:54,080 | INFO     | app | [GET] /api/v1/pedidos - Status: 200 - Duration: 0.081s - IP: 127.0.0.1 - User: cocinero@cocinero.com
2026-03-09 01:09:01,333 | INFO     | app | [OPTIONS] /api/v1/availability/check - Status: 200 - Duration: 0.001s - IP: 127.0.0.1 - User: Anonymous
2026-03-09 01:09:01,334 | INFO     | app | [OPTIONS] /api/v1/pedidos - Status: 200 - Duration: 0.0s - IP: 127.0.0.1 - User: Anonymous
2026-03-09 01:09:01,337 | INFO     | app | [OPTIONS] /api/v1/availability/check - Status: 200 - Duration: 0.0s - IP: 127.0.0.1 - User: Anonymous
2026-03-09 01:09:01,341 | INFO     | app | [OPTIONS] /api/v1/pedidos - Status: 200 - Duration: 0.0s - IP: 127.0.0.1 - User: Anonymous
2026-03-09 01:09:01,668 | INFO     | app | [GET] /api/v1/pedidos - Status: 200 - Duration: 0.017s - IP: 127.0.0.1 - User: cocinero@cocinero.com
2026-03-09 01:09:01,668 | INFO     | app | [POST] /api/v1/availability/check - Status: 200 - Duration: 0.02s - IP: 127.0.0.1 - User: cocinero@cocinero.com
2026-03-09 01:09:01,673 | INFO     | app | [POST] /api/v1/availability/check - Status: 200 - Duration: 0.018s - IP: 127.0.0.1 - User: cocinero@cocinero.com
2026-03-09 01:09:01,992 | INFO     | app | [GET] /api/v1/pedidos - Status: 200 - Duration: 0.006s - IP: 127.0.0.1 - User: cocinero@cocinero.com
2026-03-09 01:09:06,768 | INFO     | app | [OPTIONS] /api/v1/availability/check - Status: 200 - Duration: 0.0s - IP: 127.0.0.1 - User: Anonymous
2026-03-09 01:09:06,774 | INFO     | app | [OPTIONS] /api/v1/pedidos - Status: 200 - Duration: 0.0s - IP: 127.0.0.1 - User: Anonymous
2026-03-09 01:09:07,118 | INFO     | app | [POST] /api/v1/availability/check - Status: 200 - Duration: 0.025s - IP: 127.0.0.1 - User: cocinero@cocinero.com
2026-03-09 01:09:07,207 | INFO     | app | [GET] /api/v1/pedidos - Status: 200 - Duration: 0.11s - IP: 127.0.0.1 - User: cocinero@cocinero.com
2026-03-09 01:09:10,426 | INFO     | app | [GET] /api/v1/pedidos - Status: 200 - Duration: 17.09s - IP: 127.0.0.1 - User: cocinero@cocinero.com
2026-03-09 01:09:23,789 | INFO     | app | [GET] /api/v1/pedidos - Status: 200 - Duration: 13.053s - IP: 127.0.0.1 - User: cocinero@cocinero.com
2026-03-09 01:09:25,462 | INFO     | app | [OPTIONS] /api/v1/pedidos/3528/status - Status: 200 - Duration: 0.0s - IP: 127.0.0.1 - User: Anonymous
2026-03-09 01:09:25,781 | INFO     | app | Pedido #3528 status updated to 'entregado'
2026-03-09 01:09:25,786 | INFO     | app | [PATCH] /api/v1/pedidos/3528/status - Status: 200 - Duration: 0.08s - IP: 127.0.0.1 - User: cocinero@cocinero.com
2026-03-09 01:09:25,793 | INFO     | app | [OPTIONS] /api/v1/pedidos - Status: 200 - Duration: 0.0s - IP: 127.0.0.1 - User: Anonymous
2026-03-09 01:09:26,150 | INFO     | app | [GET] /api/v1/pedidos - Status: 200 - Duration: 0.035s - IP: 127.0.0.1 - User: cocinero@cocinero.com
2026-03-09 01:09:27,146 | INFO     | app | [OPTIONS] /api/v1/pedidos/3528/status - Status: 200 - Duration: 0.0s - IP: 127.0.0.1 - User: Anonymous
2026-03-09 01:09:27,483 | INFO     | app | Pedido #3528 status updated to 'nuevo'
2026-03-09 01:09:27,489 | INFO     | app | [PATCH] /api/v1/pedidos/3528/status - Status: 200 - Duration: 0.023s - IP: 127.0.0.1 - User: cocinero@cocinero.com
2026-03-09 01:09:27,718 | INFO     | app | [OPTIONS] /api/v1/pedidos - Status: 200 - Duration: 0.001s - IP: 127.0.0.1 - User: Anonymous
2026-03-09 01:09:27,836 | INFO     | app | [GET] /api/v1/pedidos - Status: 200 - Duration: 0.026s - IP: 127.0.0.1 - User: cocinero@cocinero.com
2026-03-09 01:09:28,844 | INFO     | app | [OPTIONS] /api/v1/pedidos/3528/status - Status: 200 - Duration: 0.001s - IP: 127.0.0.1 - User: Anonymous
2026-03-09 01:09:29,214 | INFO     | app | Pedido #3528 status updated to 'entregado'
2026-03-09 01:09:29,217 | INFO     | app | [PATCH] /api/v1/pedidos/3528/status - Status: 200 - Duration: 0.064s - IP: 127.0.0.1 - User: cocinero@cocinero.com
2026-03-09 01:09:29,410 | INFO     | app | [OPTIONS] /api/v1/pedidos - Status: 200 - Duration: 0.0s - IP: 127.0.0.1 - User: Anonymous
2026-03-09 01:09:29,566 | INFO     | app | [GET] /api/v1/pedidos - Status: 200 - Duration: 0.032s - IP: 127.0.0.1 - User: cocinero@cocinero.com
2026-03-09 01:09:30,849 | INFO     | app | [OPTIONS] /api/v1/pedidos/3528/status - Status: 200 - Duration: 0.0s - IP: 127.0.0.1 - User: Anonymous
2026-03-09 01:09:31,221 | INFO     | app | Pedido #3528 status updated to 'nuevo'
2026-03-09 01:09:31,224 | INFO     | app | [PATCH] /api/v1/pedidos/3528/status - Status: 200 - Duration: 0.062s - IP: 127.0.0.1 - User: cocinero@cocinero.com
2026-03-09 01:09:31,429 | INFO     | app | [OPTIONS] /api/v1/pedidos - Status: 200 - Duration: 0.0s - IP: 127.0.0.1 - User: Anonymous
2026-03-09 01:09:31,567 | INFO     | app | [GET] /api/v1/pedidos - Status: 200 - Duration: 0.033s - IP: 127.0.0.1 - User: cocinero@cocinero.com
2026-03-09 01:17:32,446 | INFO     | app | [OPTIONS] /api/v1/auth/me - Status: 200 - Duration: 0.0s - IP: 127.0.0.1 - User: Anonymous
2026-03-09 01:17:32,705 | INFO     | app | [GET] /api/v1/auth/me - Status: 200 - Duration: 0.01s - IP: 127.0.0.1 - User: cocinero@cocinero.com
2026-03-09 01:17:32,765 | INFO     | app | [OPTIONS] /api/v1/availability/check - Status: 200 - Duration: 0.0s - IP: 127.0.0.1 - User: Anonymous
2026-03-09 01:17:33,093 | INFO     | app | [OPTIONS] /api/v1/availability/check - Status: 200 - Duration: 0.0s - IP: 127.0.0.1 - User: Anonymous
2026-03-09 01:17:33,096 | INFO     | app | [OPTIONS] /api/v1/pedidos - Status: 200 - Duration: 0.0s - IP: 127.0.0.1 - User: Anonymous
2026-03-09 01:17:33,097 | INFO     | app | [OPTIONS] /api/v1/pedidos - Status: 200 - Duration: 0.0s - IP: 127.0.0.1 - User: Anonymous
2026-03-09 01:17:33,114 | INFO     | app | [POST] /api/v1/availability/check - Status: 200 - Duration: 0.02s - IP: 127.0.0.1 - User: cocinero@cocinero.com
2026-03-09 01:17:33,436 | INFO     | app | [GET] /api/v1/pedidos - Status: 200 - Duration: 0.017s - IP: 127.0.0.1 - User: cocinero@cocinero.com
2026-03-09 01:17:33,438 | INFO     | app | [POST] /api/v1/availability/check - Status: 200 - Duration: 0.02s - IP: 127.0.0.1 - User: cocinero@cocinero.com
2026-03-09 01:17:33,439 | INFO     | app | [GET] /api/v1/pedidos - Status: 200 - Duration: 0.02s - IP: 127.0.0.1 - User: cocinero@cocinero.com
2026-03-09 01:18:08,662 | INFO     | app | Logger initialized successfully at level INFO
2026-03-09 01:19:08,580 | INFO     | app | [OPTIONS] /api/v1/availability/check - Status: 200 - Duration: 0.001s - IP: 127.0.0.1 - User: Anonymous
2026-03-09 01:19:08,582 | INFO     | app | [OPTIONS] /api/v1/pedidos - Status: 200 - Duration: 0.0s - IP: 127.0.0.1 - User: Anonymous
2026-03-09 01:19:09,701 | INFO     | app | [POST] /api/v1/availability/check - Status: 200 - Duration: 0.856s - IP: 127.0.0.1 - User: cocinero@cocinero.com
2026-03-09 01:19:09,726 | INFO     | app | [GET] /api/v1/pedidos - Status: 200 - Duration: 0.821s - IP: 127.0.0.1 - User: cocinero@cocinero.com
2026-03-09 01:19:11,117 | INFO     | app | [OPTIONS] /api/v1/availability/check - Status: 200 - Duration: 0.0s - IP: 127.0.0.1 - User: Anonymous
2026-03-09 01:19:11,434 | INFO     | app | [OPTIONS] /api/v1/pedidos - Status: 200 - Duration: 0.0s - IP: 127.0.0.1 - User: Anonymous
2026-03-09 01:19:11,442 | INFO     | app | [POST] /api/v1/availability/check - Status: 200 - Duration: 0.008s - IP: 127.0.0.1 - User: cocinero@cocinero.com
2026-03-09 01:19:11,748 | INFO     | app | [GET] /api/v1/pedidos - Status: 200 - Duration: 0.008s - IP: 127.0.0.1 - User: cocinero@cocinero.com
2026-03-09 01:19:15,443 | INFO     | app | [OPTIONS] /api/v1/availability/check - Status: 200 - Duration: 0.0s - IP: 127.0.0.1 - User: Anonymous
2026-03-09 01:19:15,444 | INFO     | app | [OPTIONS] /api/v1/pedidos - Status: 200 - Duration: 0.0s - IP: 127.0.0.1 - User: Anonymous
2026-03-09 01:19:15,708 | INFO     | app | [POST] /api/v1/availability/check - Status: 200 - Duration: 0.007s - IP: 127.0.0.1 - User: cocinero@cocinero.com
2026-03-09 01:19:15,757 | INFO     | app | [GET] /api/v1/pedidos - Status: 200 - Duration: 0.006s - IP: 127.0.0.1 - User: cocinero@cocinero.com
2026-03-09 01:19:18,180 | INFO     | app | [OPTIONS] /api/v1/availability/check - Status: 200 - Duration: 0.002s - IP: 127.0.0.1 - User: Anonymous
2026-03-09 01:19:18,492 | INFO     | app | [OPTIONS] /api/v1/pedidos - Status: 200 - Duration: 0.001s - IP: 127.0.0.1 - User: Anonymous
2026-03-09 01:19:18,515 | INFO     | app | [POST] /api/v1/availability/check - Status: 200 - Duration: 0.017s - IP: 127.0.0.1 - User: cocinero@cocinero.com
2026-03-09 01:19:18,817 | INFO     | app | [GET] /api/v1/pedidos - Status: 200 - Duration: 0.005s - IP: 127.0.0.1 - User: cocinero@cocinero.com
2026-03-09 01:19:50,355 | INFO     | app | [OPTIONS] /api/v1/auth/me - Status: 200 - Duration: 0.0s - IP: 127.0.0.1 - User: Anonymous
2026-03-09 01:19:50,418 | INFO     | app | [OPTIONS] /api/v1/auth/me - Status: 200 - Duration: 0.0s - IP: 127.0.0.1 - User: Anonymous
2026-03-09 01:19:50,618 | INFO     | app | [GET] /api/v1/auth/me - Status: 200 - Duration: 0.006s - IP: 127.0.0.1 - User: fedegarcia30@gmail.com
2026-03-09 01:19:50,672 | INFO     | app | [GET] /api/v1/auth/me - Status: 200 - Duration: 0.005s - IP: 127.0.0.1 - User: fedegarcia30@gmail.com
2026-03-09 01:19:50,726 | INFO     | app | [OPTIONS] /api/v1/stats/dashboard - Status: 200 - Duration: 0.001s - IP: 127.0.0.1 - User: Anonymous
2026-03-09 01:19:50,998 | INFO     | app | [OPTIONS] /api/v1/stats/expenses - Status: 200 - Duration: 0.001s - IP: 127.0.0.1 - User: Anonymous
2026-03-09 01:19:51,000 | INFO     | app | [OPTIONS] /api/v1/stats/dashboard - Status: 200 - Duration: 0.0s - IP: 127.0.0.1 - User: Anonymous
2026-03-09 01:19:51,003 | INFO     | app | [OPTIONS] /api/v1/stats/expenses - Status: 200 - Duration: 0.0s - IP: 127.0.0.1 - User: Anonymous
2026-03-09 01:19:51,052 | INFO     | app | [OPTIONS] /api/v1/stats/dashboard - Status: 200 - Duration: 0.001s - IP: 127.0.0.1 - User: Anonymous
2026-03-09 01:19:51,056 | INFO     | app | [OPTIONS] /api/v1/stats/expenses - Status: 200 - Duration: 0.0s - IP: 127.0.0.1 - User: Anonymous
2026-03-09 01:19:51,249 | INFO     | app | [GET] /api/v1/stats/dashboard - Status: 200 - Duration: 0.243s - IP: 127.0.0.1 - User: fedegarcia30@gmail.com
2026-03-09 01:19:51,315 | INFO     | app | [OPTIONS] /api/v1/stats/dashboard - Status: 200 - Duration: 0.0s - IP: 127.0.0.1 - User: Anonymous
2026-03-09 01:19:51,315 | INFO     | app | [OPTIONS] /api/v1/stats/expenses - Status: 200 - Duration: 0.0s - IP: 127.0.0.1 - User: Anonymous
2026-03-09 01:19:51,370 | INFO     | app | [GET] /api/v1/stats/expenses - Status: 200 - Duration: 0.052s - IP: 127.0.0.1 - User: fedegarcia30@gmail.com
2026-03-09 01:19:51,437 | INFO     | app | [GET] /api/v1/stats/expenses - Status: 200 - Duration: 0.063s - IP: 127.0.0.1 - User: fedegarcia30@gmail.com
2026-03-09 01:19:51,546 | INFO     | app | [GET] /api/v1/stats/dashboard - Status: 200 - Duration: 0.171s - IP: 127.0.0.1 - User: fedegarcia30@gmail.com
2026-03-09 01:19:51,722 | INFO     | app | [GET] /api/v1/stats/expenses - Status: 200 - Duration: 0.091s - IP: 127.0.0.1 - User: fedegarcia30@gmail.com
2026-03-09 01:19:51,777 | INFO     | app | [GET] /api/v1/stats/expenses - Status: 200 - Duration: 0.09s - IP: 127.0.0.1 - User: fedegarcia30@gmail.com
2026-03-09 01:19:51,788 | INFO     | app | [GET] /api/v1/stats/dashboard - Status: 200 - Duration: 0.229s - IP: 127.0.0.1 - User: fedegarcia30@gmail.com
2026-03-09 01:19:51,841 | INFO     | app | [GET] /api/v1/stats/dashboard - Status: 200 - Duration: 0.214s - IP: 127.0.0.1 - User: fedegarcia30@gmail.com
2026-03-09 01:20:06,534 | INFO     | app | [OPTIONS] /api/v1/stats/mapa - Status: 200 - Duration: 0.001s - IP: 127.0.0.1 - User: Anonymous
2026-03-09 01:20:06,535 | INFO     | app | [OPTIONS] /api/v1/stats/mapa - Status: 200 - Duration: 0.0s - IP: 127.0.0.1 - User: Anonymous
2026-03-09 01:20:06,812 | INFO     | app | [GET] /api/v1/stats/mapa - Status: 200 - Duration: 0.018s - IP: 127.0.0.1 - User: fedegarcia30@gmail.com
2026-03-09 01:20:06,867 | INFO     | app | [GET] /api/v1/stats/mapa - Status: 200 - Duration: 0.015s - IP: 127.0.0.1 - User: fedegarcia30@gmail.com
2026-03-09 01:20:22,864 | INFO     | app | [OPTIONS] /api/v1/stats/mapa - Status: 200 - Duration: 0.0s - IP: 127.0.0.1 - User: Anonymous
2026-03-09 01:20:23,205 | INFO     | app | [GET] /api/v1/stats/mapa - Status: 200 - Duration: 0.012s - IP: 127.0.0.1 - User: fedegarcia30@gmail.com
2026-03-09 01:20:23,285 | INFO     | app | [OPTIONS] /api/v1/stats/mapa - Status: 200 - Duration: 0.0s - IP: 127.0.0.1 - User: Anonymous
2026-03-09 01:20:23,424 | INFO     | app | [OPTIONS] /api/v1/stats/mapa - Status: 200 - Duration: 0.0s - IP: 127.0.0.1 - User: Anonymous
2026-03-09 01:20:23,452 | INFO     | app | [OPTIONS] /api/v1/stats/mapa - Status: 200 - Duration: 0.0s - IP: 127.0.0.1 - User: Anonymous
2026-03-09 01:20:23,573 | INFO     | app | [GET] /api/v1/stats/mapa - Status: 200 - Duration: 0.011s - IP: 127.0.0.1 - User: fedegarcia30@gmail.com
2026-03-09 01:20:23,594 | INFO     | app | [OPTIONS] /api/v1/stats/mapa - Status: 200 - Duration: 0.0s - IP: 127.0.0.1 - User: Anonymous
2026-03-09 01:20:23,699 | INFO     | app | [GET] /api/v1/stats/mapa - Status: 200 - Duration: 0.015s - IP: 127.0.0.1 - User: fedegarcia30@gmail.com
2026-03-09 01:20:23,758 | INFO     | app | [GET] /api/v1/stats/mapa - Status: 200 - Duration: 0.013s - IP: 127.0.0.1 - User: fedegarcia30@gmail.com
2026-03-09 01:20:23,772 | INFO     | app | [GET] /api/v1/stats/mapa - Status: 200 - Duration: 0.011s - IP: 127.0.0.1 - User: fedegarcia30@gmail.com
2026-03-09 01:20:23,901 | INFO     | app | [OPTIONS] /api/v1/stats/mapa - Status: 200 - Duration: 0.0s - IP: 127.0.0.1 - User: Anonymous
2026-03-09 01:20:23,949 | INFO     | app | [OPTIONS] /api/v1/stats/mapa - Status: 200 - Duration: 0.0s - IP: 127.0.0.1 - User: Anonymous
2026-03-09 01:20:24,056 | INFO     | app | [OPTIONS] /api/v1/stats/mapa - Status: 200 - Duration: 0.001s - IP: 127.0.0.1 - User: Anonymous
2026-03-09 01:20:24,206 | INFO     | app | [GET] /api/v1/stats/mapa - Status: 200 - Duration: 0.011s - IP: 127.0.0.1 - User: fedegarcia30@gmail.com
2026-03-09 01:20:24,222 | INFO     | app | [GET] /api/v1/stats/mapa - Status: 200 - Duration: 0.01s - IP: 127.0.0.1 - User: fedegarcia30@gmail.com
2026-03-09 01:20:24,254 | INFO     | app | [OPTIONS] /api/v1/stats/mapa - Status: 200 - Duration: 0.0s - IP: 127.0.0.1 - User: Anonymous
2026-03-09 01:20:24,346 | INFO     | app | [GET] /api/v1/stats/mapa - Status: 200 - Duration: 0.016s - IP: 127.0.0.1 - User: fedegarcia30@gmail.com
2026-03-09 01:20:24,382 | INFO     | app | [OPTIONS] /api/v1/stats/mapa - Status: 200 - Duration: 0.0s - IP: 127.0.0.1 - User: Anonymous
2026-03-09 01:20:24,487 | INFO     | app | [GET] /api/v1/stats/mapa - Status: 200 - Duration: 0.012s - IP: 127.0.0.1 - User: fedegarcia30@gmail.com
2026-03-09 01:20:24,584 | INFO     | app | [OPTIONS] /api/v1/stats/mapa - Status: 200 - Duration: 0.0s - IP: 127.0.0.1 - User: Anonymous
2026-03-09 01:20:24,655 | INFO     | app | [GET] /api/v1/stats/mapa - Status: 200 - Duration: 0.009s - IP: 127.0.0.1 - User: fedegarcia30@gmail.com
2026-03-09 01:20:24,694 | INFO     | app | [OPTIONS] /api/v1/stats/mapa - Status: 200 - Duration: 0.0s - IP: 127.0.0.1 - User: Anonymous
2026-03-09 01:20:24,749 | INFO     | app | [GET] /api/v1/stats/mapa - Status: 200 - Duration: 0.009s - IP: 127.0.0.1 - User: fedegarcia30@gmail.com
2026-03-09 01:20:24,895 | INFO     | app | [OPTIONS] /api/v1/stats/mapa - Status: 200 - Duration: 0.001s - IP: 127.0.0.1 - User: Anonymous
2026-03-09 01:20:24,909 | INFO     | app | [GET] /api/v1/stats/mapa - Status: 200 - Duration: 0.012s - IP: 127.0.0.1 - User: fedegarcia30@gmail.com
2026-03-09 01:20:25,002 | INFO     | app | [OPTIONS] /api/v1/stats/mapa - Status: 200 - Duration: 0.0s - IP: 127.0.0.1 - User: Anonymous
2026-03-09 01:20:25,055 | INFO     | app | [GET] /api/v1/stats/mapa - Status: 200 - Duration: 0.012s - IP: 127.0.0.1 - User: fedegarcia30@gmail.com
2026-03-09 01:20:25,219 | INFO     | app | [GET] /api/v1/stats/mapa - Status: 200 - Duration: 0.013s - IP: 127.0.0.1 - User: fedegarcia30@gmail.com
2026-03-09 01:20:25,330 | INFO     | app | [OPTIONS] /api/v1/stats/mapa - Status: 200 - Duration: 0.0s - IP: 127.0.0.1 - User: Anonymous
2026-03-09 01:20:25,409 | INFO     | app | [OPTIONS] /api/v1/stats/mapa - Status: 200 - Duration: 0.0s - IP: 127.0.0.1 - User: Anonymous
2026-03-09 01:20:25,594 | INFO     | app | [GET] /api/v1/stats/mapa - Status: 200 - Duration: 0.013s - IP: 127.0.0.1 - User: fedegarcia30@gmail.com
2026-03-09 01:20:25,674 | INFO     | app | [OPTIONS] /api/v1/stats/mapa - Status: 200 - Duration: 0.0s - IP: 127.0.0.1 - User: Anonymous
2026-03-09 01:20:25,722 | INFO     | app | [OPTIONS] /api/v1/stats/mapa - Status: 200 - Duration: 0.0s - IP: 127.0.0.1 - User: Anonymous
2026-03-09 01:20:25,734 | INFO     | app | [GET] /api/v1/stats/mapa - Status: 200 - Duration: 0.014s - IP: 127.0.0.1 - User: fedegarcia30@gmail.com
2026-03-09 01:20:25,875 | INFO     | app | [GET] /api/v1/stats/mapa - Status: 200 - Duration: 0.012s - IP: 127.0.0.1 - User: fedegarcia30@gmail.com
2026-03-09 01:20:25,986 | INFO     | app | [OPTIONS] /api/v1/stats/mapa - Status: 200 - Duration: 0.002s - IP: 127.0.0.1 - User: Anonymous
2026-03-09 01:20:26,030 | INFO     | app | [GET] /api/v1/stats/mapa - Status: 200 - Duration: 0.013s - IP: 127.0.0.1 - User: fedegarcia30@gmail.com
2026-03-09 01:20:26,034 | INFO     | app | [OPTIONS] /api/v1/stats/mapa - Status: 200 - Duration: 0.0s - IP: 127.0.0.1 - User: Anonymous
2026-03-09 01:20:26,139 | INFO     | app | [OPTIONS] /api/v1/stats/mapa - Status: 200 - Duration: 0.0s - IP: 127.0.0.1 - User: Anonymous
2026-03-09 01:20:26,280 | INFO     | app | [GET] /api/v1/stats/mapa - Status: 200 - Duration: 0.016s - IP: 127.0.0.1 - User: fedegarcia30@gmail.com
2026-03-09 01:20:26,313 | INFO     | app | [GET] /api/v1/stats/mapa - Status: 200 - Duration: 0.018s - IP: 127.0.0.1 - User: fedegarcia30@gmail.com
2026-03-09 01:20:26,343 | INFO     | app | [OPTIONS] /api/v1/stats/mapa - Status: 200 - Duration: 0.0s - IP: 127.0.0.1 - User: Anonymous
2026-03-09 01:20:26,435 | INFO     | app | [GET] /api/v1/stats/mapa - Status: 200 - Duration: 0.018s - IP: 127.0.0.1 - User: fedegarcia30@gmail.com
2026-03-09 01:20:26,465 | INFO     | app | [OPTIONS] /api/v1/stats/mapa - Status: 200 - Duration: 0.0s - IP: 127.0.0.1 - User: Anonymous
2026-03-09 01:20:26,566 | INFO     | app | [GET] /api/v1/stats/mapa - Status: 200 - Duration: 0.019s - IP: 127.0.0.1 - User: fedegarcia30@gmail.com
2026-03-09 01:20:26,679 | INFO     | app | [OPTIONS] /api/v1/stats/mapa - Status: 200 - Duration: 0.001s - IP: 127.0.0.1 - User: Anonymous
2026-03-09 01:20:26,756 | INFO     | app | [GET] /api/v1/stats/mapa - Status: 200 - Duration: 0.02s - IP: 127.0.0.1 - User: fedegarcia30@gmail.com
2026-03-09 01:20:26,773 | INFO     | app | [OPTIONS] /api/v1/stats/mapa - Status: 200 - Duration: 0.0s - IP: 127.0.0.1 - User: Anonymous
2026-03-09 01:20:26,867 | INFO     | app | [GET] /api/v1/stats/mapa - Status: 200 - Duration: 0.017s - IP: 127.0.0.1 - User: fedegarcia30@gmail.com
2026-03-09 01:20:26,990 | INFO     | app | [OPTIONS] /api/v1/stats/mapa - Status: 200 - Duration: 0.0s - IP: 127.0.0.1 - User: Anonymous
2026-03-09 01:20:27,030 | INFO     | app | [GET] /api/v1/stats/mapa - Status: 200 - Duration: 0.017s - IP: 127.0.0.1 - User: fedegarcia30@gmail.com
2026-03-09 01:20:27,082 | INFO     | app | [OPTIONS] /api/v1/stats/mapa - Status: 200 - Duration: 0.001s - IP: 127.0.0.1 - User: Anonymous
2026-03-09 01:20:27,159 | INFO     | app | [GET] /api/v1/stats/mapa - Status: 200 - Duration: 0.018s - IP: 127.0.0.1 - User: fedegarcia30@gmail.com
2026-03-09 01:20:27,325 | INFO     | app | [GET] /api/v1/stats/mapa - Status: 200 - Duration: 0.013s - IP: 127.0.0.1 - User: fedegarcia30@gmail.com
2026-03-09 01:20:28,241 | INFO     | app | [OPTIONS] /api/v1/stats/mapa - Status: 200 - Duration: 0.0s - IP: 127.0.0.1 - User: Anonymous
2026-03-09 01:20:28,560 | INFO     | app | [GET] /api/v1/stats/mapa - Status: 200 - Duration: 0.008s - IP: 127.0.0.1 - User: fedegarcia30@gmail.com
2026-03-09 01:20:28,710 | INFO     | app | [OPTIONS] /api/v1/stats/mapa - Status: 200 - Duration: 0.0s - IP: 127.0.0.1 - User: Anonymous
2026-03-09 01:20:28,831 | INFO     | app | [GET] /api/v1/stats/mapa - Status: 200 - Duration: 0.012s - IP: 127.0.0.1 - User: fedegarcia30@gmail.com
2026-03-09 01:20:51,264 | INFO     | app | [OPTIONS] /api/v1/pedidos/calendar - Status: 200 - Duration: 0.0s - IP: 127.0.0.1 - User: Anonymous
2026-03-09 01:20:51,571 | INFO     | app | [OPTIONS] /api/v1/pedidos/calendar - Status: 200 - Duration: 0.0s - IP: 127.0.0.1 - User: Anonymous
2026-03-09 01:20:51,583 | INFO     | app | [GET] /api/v1/pedidos/calendar - Status: 200 - Duration: 0.007s - IP: 127.0.0.1 - User: fedegarcia30@gmail.com
2026-03-09 01:20:51,898 | INFO     | app | [GET] /api/v1/pedidos/calendar - Status: 200 - Duration: 0.005s - IP: 127.0.0.1 - User: fedegarcia30@gmail.com
2026-03-09 01:20:53,024 | INFO     | app | [OPTIONS] /api/v1/availability/check - Status: 200 - Duration: 0.0s - IP: 127.0.0.1 - User: Anonymous
2026-03-09 01:20:53,027 | INFO     | app | [OPTIONS] /api/v1/pedidos - Status: 200 - Duration: 0.0s - IP: 127.0.0.1 - User: Anonymous
2026-03-09 01:20:53,028 | INFO     | app | [OPTIONS] /api/v1/availability/check - Status: 200 - Duration: 0.0s - IP: 127.0.0.1 - User: Anonymous
2026-03-09 01:20:53,033 | INFO     | app | [OPTIONS] /api/v1/pedidos - Status: 200 - Duration: 0.0s - IP: 127.0.0.1 - User: Anonymous
2026-03-09 01:20:53,354 | INFO     | app | [POST] /api/v1/availability/check - Status: 200 - Duration: 0.031s - IP: 127.0.0.1 - User: fedegarcia30@gmail.com
2026-03-09 01:20:53,387 | INFO     | app | [POST] /api/v1/availability/check - Status: 200 - Duration: 0.014s - IP: 127.0.0.1 - User: fedegarcia30@gmail.com
2026-03-09 01:20:53,583 | INFO     | app | [GET] /api/v1/pedidos - Status: 200 - Duration: 0.116s - IP: 127.0.0.1 - User: fedegarcia30@gmail.com
2026-03-09 01:20:53,680 | INFO     | app | [GET] /api/v1/pedidos - Status: 200 - Duration: 0.092s - IP: 127.0.0.1 - User: fedegarcia30@gmail.com
2026-03-09 01:21:02,552 | INFO     | app | [OPTIONS] /api/v1/rices - Status: 200 - Duration: 0.0s - IP: 127.0.0.1 - User: Anonymous
2026-03-09 01:21:02,553 | INFO     | app | [OPTIONS] /api/v1/rices - Status: 200 - Duration: 0.0s - IP: 127.0.0.1 - User: Anonymous
2026-03-09 01:21:02,825 | INFO     | app | [GET] /api/v1/rices - Status: 200 - Duration: 0.008s - IP: 127.0.0.1 - User: fedegarcia30@gmail.com
2026-03-09 01:21:02,894 | INFO     | app | [GET] /api/v1/rices - Status: 200 - Duration: 0.011s - IP: 127.0.0.1 - User: fedegarcia30@gmail.com
2026-03-09 01:21:12,003 | INFO     | app | [OPTIONS] /api/v1/pedidos/3503 - Status: 200 - Duration: 0.001s - IP: 127.0.0.1 - User: Anonymous
2026-03-09 01:21:12,413 | INFO     | app | Pedido #3503 properties updated successfully
2026-03-09 01:21:12,418 | INFO     | app | [PATCH] /api/v1/pedidos/3503 - Status: 200 - Duration: 0.086s - IP: 127.0.0.1 - User: fedegarcia30@gmail.com
2026-03-09 01:21:12,592 | INFO     | app | [OPTIONS] /api/v1/pedidos - Status: 200 - Duration: 0.001s - IP: 127.0.0.1 - User: Anonymous
2026-03-09 01:21:12,728 | INFO     | app | [OPTIONS] /api/v1/availability/check - Status: 200 - Duration: 0.0s - IP: 127.0.0.1 - User: Anonymous
2026-03-09 01:21:12,761 | INFO     | app | [GET] /api/v1/pedidos - Status: 200 - Duration: 0.031s - IP: 127.0.0.1 - User: fedegarcia30@gmail.com
2026-03-09 01:21:12,905 | INFO     | app | [POST] /api/v1/availability/check - Status: 200 - Duration: 0.006s - IP: 127.0.0.1 - User: fedegarcia30@gmail.com
2026-03-09 01:22:53,987 | INFO     | app | [OPTIONS] /api/v1/pedidos - Status: 200 - Duration: 0.001s - IP: 127.0.0.1 - User: Anonymous
2026-03-09 01:22:54,028 | INFO     | app | [OPTIONS] /api/v1/pedidos - Status: 200 - Duration: 0.001s - IP: 127.0.0.1 - User: Anonymous
2026-03-09 01:22:54,134 | INFO     | app | [OPTIONS] /api/v1/pedidos - Status: 200 - Duration: 0.0s - IP: 127.0.0.1 - User: Anonymous
2026-03-09 01:22:54,135 | INFO     | app | [OPTIONS] /api/v1/pedidos - Status: 200 - Duration: 0.0s - IP: 127.0.0.1 - User: Anonymous
2026-03-09 01:22:54,142 | INFO     | app | [OPTIONS] /api/v1/pedidos - Status: 200 - Duration: 0.0s - IP: 127.0.0.1 - User: Anonymous
2026-03-09 01:22:54,157 | INFO     | app | [OPTIONS] /api/v1/pedidos - Status: 200 - Duration: 0.0s - IP: 127.0.0.1 - User: Anonymous
2026-03-09 01:22:54,347 | INFO     | app | [OPTIONS] /api/v1/pedidos - Status: 200 - Duration: 0.0s - IP: 127.0.0.1 - User: Anonymous
2026-03-09 01:22:54,451 | INFO     | app | [OPTIONS] /api/v1/pedidos - Status: 200 - Duration: 0.0s - IP: 127.0.0.1 - User: Anonymous
2026-03-09 01:22:54,457 | INFO     | app | [OPTIONS] /api/v1/pedidos - Status: 200 - Duration: 0.0s - IP: 127.0.0.1 - User: Anonymous
2026-03-09 01:22:54,465 | INFO     | app | [OPTIONS] /api/v1/pedidos - Status: 200 - Duration: 0.0s - IP: 127.0.0.1 - User: Anonymous
2026-03-09 01:22:54,494 | INFO     | app | [OPTIONS] /api/v1/pedidos - Status: 200 - Duration: 0.0s - IP: 127.0.0.1 - User: Anonymous
2026-03-09 01:22:54,593 | INFO     | app | [OPTIONS] /api/v1/pedidos - Status: 200 - Duration: 0.0s - IP: 127.0.0.1 - User: Anonymous
2026-03-09 01:22:54,671 | INFO     | app | [OPTIONS] /api/v1/pedidos - Status: 200 - Duration: 0.0s - IP: 127.0.0.1 - User: Anonymous
2026-03-09 01:22:54,769 | INFO     | app | [OPTIONS] /api/v1/pedidos - Status: 200 - Duration: 0.0s - IP: 127.0.0.1 - User: Anonymous
2026-03-09 01:22:54,773 | INFO     | app | [OPTIONS] /api/v1/pedidos - Status: 200 - Duration: 0.0s - IP: 127.0.0.1 - User: Anonymous
2026-03-09 01:22:54,776 | INFO     | app | [OPTIONS] /api/v1/pedidos - Status: 200 - Duration: 0.0s - IP: 127.0.0.1 - User: Anonymous
2026-03-09 01:22:54,821 | INFO     | app | [GET] /api/v1/pedidos - Status: 200 - Duration: 0.008s - IP: 127.0.0.1 - User: fedegarcia30@gmail.com
2026-03-09 01:22:54,911 | INFO     | app | [GET] /api/v1/pedidos - Status: 200 - Duration: 0.006s - IP: 127.0.0.1 - User: fedegarcia30@gmail.com
2026-03-09 01:22:54,989 | INFO     | app | [GET] /api/v1/pedidos - Status: 200 - Duration: 0.007s - IP: 127.0.0.1 - User: fedegarcia30@gmail.com
2026-03-09 01:22:55,120 | INFO     | app | [GET] /api/v1/pedidos - Status: 200 - Duration: 0.023s - IP: 127.0.0.1 - User: fedegarcia30@gmail.com
2026-03-09 01:22:55,148 | INFO     | app | [GET] /api/v1/pedidos - Status: 200 - Duration: 0.036s - IP: 127.0.0.1 - User: fedegarcia30@gmail.com
2026-03-09 01:22:55,165 | INFO     | app | [GET] /api/v1/pedidos - Status: 200 - Duration: 0.03s - IP: 127.0.0.1 - User: fedegarcia30@gmail.com
2026-03-09 01:22:55,246 | INFO     | app | [GET] /api/v1/pedidos - Status: 200 - Duration: 0.022s - IP: 127.0.0.1 - User: fedegarcia30@gmail.com
2026-03-09 01:22:55,276 | INFO     | app | [GET] /api/v1/pedidos - Status: 200 - Duration: 0.152s - IP: 127.0.0.1 - User: fedegarcia30@gmail.com
2026-03-09 01:22:55,596 | INFO     | app | [GET] /api/v1/pedidos - Status: 200 - Duration: 0.063s - IP: 127.0.0.1 - User: fedegarcia30@gmail.com
2026-03-09 01:22:55,599 | INFO     | app | [GET] /api/v1/pedidos - Status: 200 - Duration: 0.037s - IP: 127.0.0.1 - User: fedegarcia30@gmail.com
2026-03-09 01:22:55,624 | INFO     | app | [GET] /api/v1/pedidos - Status: 200 - Duration: 0.051s - IP: 127.0.0.1 - User: fedegarcia30@gmail.com
2026-03-09 01:22:55,660 | INFO     | app | [GET] /api/v1/pedidos - Status: 200 - Duration: 0.074s - IP: 127.0.0.1 - User: fedegarcia30@gmail.com
2026-03-09 01:22:55,754 | INFO     | app | [GET] /api/v1/pedidos - Status: 200 - Duration: 0.15s - IP: 127.0.0.1 - User: fedegarcia30@gmail.com
2026-03-09 01:22:55,942 | INFO     | app | [GET] /api/v1/pedidos - Status: 200 - Duration: 0.014s - IP: 127.0.0.1 - User: fedegarcia30@gmail.com
2026-03-09 01:22:55,949 | INFO     | app | [OPTIONS] /api/v1/availability/check - Status: 200 - Duration: 0.0s - IP: 127.0.0.1 - User: Anonymous
2026-03-09 01:22:55,989 | INFO     | app | [OPTIONS] /api/v1/pedidos - Status: 200 - Duration: 0.0s - IP: 127.0.0.1 - User: Anonymous
2026-03-09 01:22:56,066 | INFO     | app | [OPTIONS] /api/v1/availability/check - Status: 200 - Duration: 0.0s - IP: 127.0.0.1 - User: Anonymous
2026-03-09 01:22:56,261 | INFO     | app | [OPTIONS] /api/v1/pedidos - Status: 200 - Duration: 0.0s - IP: 127.0.0.1 - User: Anonymous
2026-03-09 01:22:56,293 | INFO     | app | [POST] /api/v1/availability/check - Status: 200 - Duration: 0.024s - IP: 127.0.0.1 - User: fedegarcia30@gmail.com
2026-03-09 01:22:56,325 | INFO     | app | [GET] /api/v1/pedidos - Status: 200 - Duration: 0.019s - IP: 127.0.0.1 - User: fedegarcia30@gmail.com
2026-03-09 01:22:56,411 | INFO     | app | [POST] /api/v1/availability/check - Status: 200 - Duration: 0.022s - IP: 127.0.0.1 - User: fedegarcia30@gmail.com
2026-03-09 01:22:56,599 | INFO     | app | [GET] /api/v1/pedidos - Status: 200 - Duration: 0.014s - IP: 127.0.0.1 - User: fedegarcia30@gmail.com
2026-03-09 01:23:15,833 | INFO     | app | [GET] /api/v1/pedidos - Status: 200 - Duration: 20.53s - IP: 127.0.0.1 - User: fedegarcia30@gmail.com
2026-03-09 01:23:16,132 | INFO     | app | [GET] /api/v1/pedidos - Status: 200 - Duration: 20.197s - IP: 127.0.0.1 - User: fedegarcia30@gmail.com
2026-03-09 01:28:50,953 | INFO     | app | Logger initialized successfully at level INFO
2026-03-09 01:28:59,486 | INFO     | app | [OPTIONS] /api/v1/stats/dashboard - Status: 200 - Duration: 0.0s - IP: 127.0.0.1 - User: Anonymous
2026-03-09 01:28:59,487 | INFO     | app | [OPTIONS] /api/v1/stats/expenses - Status: 200 - Duration: 0.0s - IP: 127.0.0.1 - User: Anonymous
2026-03-09 01:29:00,500 | WARNING  | app | Auth failed. Invalid token: (mysql.connector.errors.DatabaseError) 2059 (HY000): Authentication plugin 'mysql_native_password' cannot be loaded: it is already loaded
(Background on this error at: https://sqlalche.me/e/20/4xp6) - IP: 127.0.0.1
2026-03-09 01:29:00,502 | INFO     | app | [GET] /api/v1/stats/dashboard - Status: 401 - Duration: 0.772s - IP: 127.0.0.1 - User: Anonymous
2026-03-09 01:29:00,569 | INFO     | app | [GET] /api/v1/stats/expenses - Status: 200 - Duration: 0.766s - IP: 127.0.0.1 - User: fedegarcia30@gmail.com
2026-03-09 01:31:53,212 | INFO     | app | [OPTIONS] /api/v1/stats/mapa - Status: 200 - Duration: 0.0s - IP: 127.0.0.1 - User: Anonymous
2026-03-09 01:31:53,216 | INFO     | app | [OPTIONS] /api/v1/stats/mapa - Status: 200 - Duration: 0.002s - IP: 127.0.0.1 - User: Anonymous
2026-03-09 01:31:53,553 | INFO     | app | [GET] /api/v1/stats/mapa - Status: 200 - Duration: 0.085s - IP: 127.0.0.1 - User: fedegarcia30@gmail.com
2026-03-09 01:31:53,603 | INFO     | app | [GET] /api/v1/stats/mapa - Status: 200 - Duration: 0.067s - IP: 127.0.0.1 - User: fedegarcia30@gmail.com
2026-03-09 01:31:56,618 | INFO     | app | [OPTIONS] /api/v1/stats/mapa - Status: 200 - Duration: 0.0s - IP: 127.0.0.1 - User: Anonymous
2026-03-09 01:31:56,970 | INFO     | app | [GET] /api/v1/stats/mapa - Status: 200 - Duration: 0.038s - IP: 127.0.0.1 - User: fedegarcia30@gmail.com
2026-03-09 01:32:32,266 | INFO     | app | [OPTIONS] /api/v1/stats/mapa - Status: 200 - Duration: 0.0s - IP: 127.0.0.1 - User: Anonymous
2026-03-09 01:32:32,657 | INFO     | app | [GET] /api/v1/stats/mapa - Status: 200 - Duration: 0.063s - IP: 127.0.0.1 - User: fedegarcia30@gmail.com
2026-03-09 01:32:32,847 | INFO     | app | [OPTIONS] /api/v1/stats/mapa - Status: 200 - Duration: 0.0s - IP: 127.0.0.1 - User: Anonymous
2026-03-09 01:32:33,013 | INFO     | app | [GET] /api/v1/stats/mapa - Status: 200 - Duration: 0.078s - IP: 127.0.0.1 - User: fedegarcia30@gmail.com
2026-03-09 01:32:33,301 | INFO     | app | [OPTIONS] /api/v1/stats/mapa - Status: 200 - Duration: 0.0s - IP: 127.0.0.1 - User: Anonymous
2026-03-09 01:32:33,686 | INFO     | app | [GET] /api/v1/stats/mapa - Status: 200 - Duration: 0.064s - IP: 127.0.0.1 - User: fedegarcia30@gmail.com
2026-03-09 01:32:33,885 | INFO     | app | [OPTIONS] /api/v1/stats/mapa - Status: 200 - Duration: 0.0s - IP: 127.0.0.1 - User: Anonymous
2026-03-09 01:32:33,970 | INFO     | app | [GET] /api/v1/stats/mapa - Status: 200 - Duration: 0.017s - IP: 127.0.0.1 - User: fedegarcia30@gmail.com
2026-03-09 01:32:34,363 | INFO     | app | [OPTIONS] /api/v1/stats/mapa - Status: 200 - Duration: 0.001s - IP: 127.0.0.1 - User: Anonymous
2026-03-09 01:32:34,709 | INFO     | app | [GET] /api/v1/stats/mapa - Status: 200 - Duration: 0.025s - IP: 127.0.0.1 - User: fedegarcia30@gmail.com
2026-03-09 01:32:34,948 | INFO     | app | [OPTIONS] /api/v1/stats/mapa - Status: 200 - Duration: 0.0s - IP: 127.0.0.1 - User: Anonymous
2026-03-09 01:32:35,099 | INFO     | app | [GET] /api/v1/stats/mapa - Status: 200 - Duration: 0.016s - IP: 127.0.0.1 - User: fedegarcia30@gmail.com
2026-03-09 01:32:35,387 | INFO     | app | [OPTIONS] /api/v1/stats/mapa - Status: 200 - Duration: 0.0s - IP: 127.0.0.1 - User: Anonymous
2026-03-09 01:32:35,712 | INFO     | app | [GET] /api/v1/stats/mapa - Status: 200 - Duration: 0.018s - IP: 127.0.0.1 - User: fedegarcia30@gmail.com
2026-03-09 01:32:35,954 | INFO     | app | [OPTIONS] /api/v1/stats/mapa - Status: 200 - Duration: 0.0s - IP: 127.0.0.1 - User: Anonymous
2026-03-09 01:32:35,988 | INFO     | app | [OPTIONS] /api/v1/stats/mapa - Status: 200 - Duration: 0.0s - IP: 127.0.0.1 - User: Anonymous
2026-03-09 01:32:36,067 | INFO     | app | [GET] /api/v1/stats/mapa - Status: 200 - Duration: 0.03s - IP: 127.0.0.1 - User: fedegarcia30@gmail.com
2026-03-09 01:32:36,296 | INFO     | app | [GET] /api/v1/stats/mapa - Status: 200 - Duration: 0.027s - IP: 127.0.0.1 - User: fedegarcia30@gmail.com
2026-03-09 01:32:36,303 | INFO     | app | [OPTIONS] /api/v1/stats/mapa - Status: 200 - Duration: 0.0s - IP: 127.0.0.1 - User: Anonymous
2026-03-09 01:32:36,375 | INFO     | app | [GET] /api/v1/stats/mapa - Status: 200 - Duration: 0.025s - IP: 127.0.0.1 - User: fedegarcia30@gmail.com
2026-03-09 01:32:36,626 | INFO     | app | [OPTIONS] /api/v1/stats/mapa - Status: 200 - Duration: 0.0s - IP: 127.0.0.1 - User: Anonymous
2026-03-09 01:32:36,837 | INFO     | app | [GET] /api/v1/stats/mapa - Status: 200 - Duration: 0.025s - IP: 127.0.0.1 - User: fedegarcia30@gmail.com
2026-03-09 01:32:36,944 | INFO     | app | [OPTIONS] /api/v1/stats/mapa - Status: 200 - Duration: 0.001s - IP: 127.0.0.1 - User: Anonymous
2026-03-09 01:32:37,156 | INFO     | app | [GET] /api/v1/stats/mapa - Status: 200 - Duration: 0.019s - IP: 127.0.0.1 - User: fedegarcia30@gmail.com
2026-03-09 01:32:37,264 | INFO     | app | [OPTIONS] /api/v1/stats/mapa - Status: 200 - Duration: 0.001s - IP: 127.0.0.1 - User: Anonymous
2026-03-09 01:32:37,348 | INFO     | app | [GET] /api/v1/stats/mapa - Status: 200 - Duration: 0.021s - IP: 127.0.0.1 - User: fedegarcia30@gmail.com
2026-03-09 01:32:37,575 | INFO     | app | [OPTIONS] /api/v1/stats/mapa - Status: 200 - Duration: 0.001s - IP: 127.0.0.1 - User: Anonymous
2026-03-09 01:32:37,663 | INFO     | app | [OPTIONS] /api/v1/stats/mapa - Status: 200 - Duration: 0.0s - IP: 127.0.0.1 - User: Anonymous
2026-03-09 01:32:37,852 | INFO     | app | [GET] /api/v1/stats/mapa - Status: 200 - Duration: 0.024s - IP: 127.0.0.1 - User: fedegarcia30@gmail.com
2026-03-09 01:32:37,951 | INFO     | app | [GET] /api/v1/stats/mapa - Status: 200 - Duration: 0.067s - IP: 127.0.0.1 - User: fedegarcia30@gmail.com
2026-03-09 01:32:37,980 | INFO     | app | [OPTIONS] /api/v1/stats/mapa - Status: 200 - Duration: 0.002s - IP: 127.0.0.1 - User: Anonymous
2026-03-09 01:32:38,215 | INFO     | app | [GET] /api/v1/stats/mapa - Status: 200 - Duration: 0.101s - IP: 127.0.0.1 - User: fedegarcia30@gmail.com
2026-03-09 01:34:37,512 | INFO     | app | [OPTIONS] /api/v1/stats/mapa - Status: 200 - Duration: 0.0s - IP: 127.0.0.1 - User: Anonymous
2026-03-09 01:34:37,801 | INFO     | app | [GET] /api/v1/stats/mapa - Status: 200 - Duration: 0.026s - IP: 127.0.0.1 - User: fedegarcia30@gmail.com
2026-03-09 01:34:39,911 | INFO     | app | [OPTIONS] /api/v1/stats/mapa - Status: 200 - Duration: 0.001s - IP: 127.0.0.1 - User: Anonymous
2026-03-09 01:34:40,263 | INFO     | app | [GET] /api/v1/stats/mapa - Status: 200 - Duration: 0.022s - IP: 127.0.0.1 - User: fedegarcia30@gmail.com
2026-03-09 01:36:27,476 | INFO     | app | [OPTIONS] /api/v1/stats/mapa - Status: 200 - Duration: 0.0s - IP: 127.0.0.1 - User: Anonymous
2026-03-09 01:36:27,811 | INFO     | app | [GET] /api/v1/stats/mapa - Status: 200 - Duration: 0.063s - IP: 127.0.0.1 - User: fedegarcia30@gmail.com
2026-03-09 01:39:02,256 | INFO     | app | [OPTIONS] /api/v1/stats/mapa - Status: 200 - Duration: 0.0s - IP: 127.0.0.1 - User: Anonymous
2026-03-09 01:39:02,577 | INFO     | app | [GET] /api/v1/stats/mapa - Status: 200 - Duration: 0.053s - IP: 127.0.0.1 - User: fedegarcia30@gmail.com
2026-03-09 01:39:09,765 | INFO     | app | [OPTIONS] /api/v1/auth/me - Status: 200 - Duration: 0.0s - IP: 127.0.0.1 - User: Anonymous
2026-03-09 01:39:10,103 | INFO     | app | [GET] /api/v1/auth/me - Status: 200 - Duration: 0.008s - IP: 127.0.0.1 - User: fedegarcia30@gmail.com
2026-03-09 01:39:14,216 | INFO     | app | [OPTIONS] /api/v1/auth/me - Status: 200 - Duration: 0.002s - IP: 127.0.0.1 - User: Anonymous
2026-03-09 01:39:14,538 | INFO     | app | [GET] /api/v1/auth/me - Status: 200 - Duration: 0.008s - IP: 127.0.0.1 - User: fedegarcia30@gmail.com
2026-03-09 01:39:18,598 | INFO     | app | [OPTIONS] /api/v1/auth/me - Status: 200 - Duration: 0.0s - IP: 127.0.0.1 - User: Anonymous
2026-03-09 01:39:18,932 | INFO     | app | [GET] /api/v1/auth/me - Status: 200 - Duration: 0.01s - IP: 127.0.0.1 - User: fedegarcia30@gmail.com
2026-03-09 01:39:19,168 | INFO     | app | [OPTIONS] /api/v1/stats/mapa - Status: 200 - Duration: 0.0s - IP: 127.0.0.1 - User: Anonymous
2026-03-09 01:39:19,438 | INFO     | app | [OPTIONS] /api/v1/stats/mapa - Status: 200 - Duration: 0.0s - IP: 127.0.0.1 - User: Anonymous
2026-03-09 01:39:19,488 | INFO     | app | [GET] /api/v1/stats/mapa - Status: 200 - Duration: 0.048s - IP: 127.0.0.1 - User: fedegarcia30@gmail.com
2026-03-09 01:39:19,546 | INFO     | app | [GET] /api/v1/stats/mapa - Status: 200 - Duration: 0.034s - IP: 127.0.0.1 - User: fedegarcia30@gmail.com
2026-03-09 01:39:21,455 | INFO     | app | [OPTIONS] /api/v1/auth/me - Status: 200 - Duration: 0.0s - IP: 127.0.0.1 - User: Anonymous
2026-03-09 01:39:21,789 | INFO     | app | [GET] /api/v1/auth/me - Status: 200 - Duration: 0.007s - IP: 127.0.0.1 - User: fedegarcia30@gmail.com
2026-03-09 01:39:22,048 | INFO     | app | [OPTIONS] /api/v1/stats/mapa - Status: 200 - Duration: 0.0s - IP: 127.0.0.1 - User: Anonymous
2026-03-09 01:39:22,316 | INFO     | app | [OPTIONS] /api/v1/stats/mapa - Status: 200 - Duration: 0.0s - IP: 127.0.0.1 - User: Anonymous
2026-03-09 01:39:22,401 | INFO     | app | [GET] /api/v1/stats/mapa - Status: 200 - Duration: 0.079s - IP: 127.0.0.1 - User: fedegarcia30@gmail.com
2026-03-09 01:39:22,473 | INFO     | app | [GET] /api/v1/stats/mapa - Status: 200 - Duration: 0.056s - IP: 127.0.0.1 - User: fedegarcia30@gmail.com
2026-03-09 01:39:24,554 | INFO     | app | [OPTIONS] /api/v1/auth/me - Status: 200 - Duration: 0.0s - IP: 127.0.0.1 - User: Anonymous
2026-03-09 01:39:24,899 | INFO     | app | [GET] /api/v1/auth/me - Status: 200 - Duration: 0.011s - IP: 127.0.0.1 - User: fedegarcia30@gmail.com
2026-03-09 01:39:25,146 | INFO     | app | [OPTIONS] /api/v1/stats/mapa - Status: 200 - Duration: 0.0s - IP: 127.0.0.1 - User: Anonymous
2026-03-09 01:39:25,418 | INFO     | app | [OPTIONS] /api/v1/stats/mapa - Status: 200 - Duration: 0.0s - IP: 127.0.0.1 - User: Anonymous
2026-03-09 01:39:25,460 | INFO     | app | [GET] /api/v1/stats/mapa - Status: 200 - Duration: 0.04s - IP: 127.0.0.1 - User: fedegarcia30@gmail.com
2026-03-09 01:39:25,502 | INFO     | app | [GET] /api/v1/stats/mapa - Status: 200 - Duration: 0.034s - IP: 127.0.0.1 - User: fedegarcia30@gmail.com
2026-03-09 01:39:33,376 | INFO     | app | [OPTIONS] /api/v1/stats/mapa - Status: 200 - Duration: 0.001s - IP: 127.0.0.1 - User: Anonymous
2026-03-09 01:39:33,717 | INFO     | app | [GET] /api/v1/stats/mapa - Status: 200 - Duration: 0.022s - IP: 127.0.0.1 - User: fedegarcia30@gmail.com
2026-03-09 01:40:46,574 | INFO     | app | [OPTIONS] /api/v1/stats/mapa - Status: 200 - Duration: 0.002s - IP: 127.0.0.1 - User: Anonymous
2026-03-09 01:40:46,860 | INFO     | app | [GET] /api/v1/stats/mapa - Status: 200 - Duration: 0.037s - IP: 127.0.0.1 - User: fedegarcia30@gmail.com
2026-03-09 01:40:48,659 | INFO     | app | [OPTIONS] /api/v1/stats/mapa - Status: 200 - Duration: 0.001s - IP: 127.0.0.1 - User: Anonymous
2026-03-09 01:40:49,048 | INFO     | app | [GET] /api/v1/stats/mapa - Status: 200 - Duration: 0.062s - IP: 127.0.0.1 - User: fedegarcia30@gmail.com
2026-03-09 01:40:49,773 | INFO     | app | [OPTIONS] /api/v1/stats/mapa - Status: 200 - Duration: 0.0s - IP: 127.0.0.1 - User: Anonymous
2026-03-09 01:40:50,216 | INFO     | app | [GET] /api/v1/stats/mapa - Status: 200 - Duration: 0.101s - IP: 127.0.0.1 - User: fedegarcia30@gmail.com
2026-03-09 01:42:42,559 | INFO     | app | [OPTIONS] /api/v1/stats/mapa - Status: 200 - Duration: 0.001s - IP: 127.0.0.1 - User: Anonymous
2026-03-09 01:42:42,893 | INFO     | app | [GET] /api/v1/stats/mapa - Status: 200 - Duration: 0.073s - IP: 127.0.0.1 - User: fedegarcia30@gmail.com
2026-03-09 01:42:58,953 | INFO     | app | [OPTIONS] /api/v1/stats/mapa - Status: 200 - Duration: 0.001s - IP: 127.0.0.1 - User: Anonymous
2026-03-09 01:42:59,389 | INFO     | app | [GET] /api/v1/stats/mapa - Status: 200 - Duration: 0.125s - IP: 127.0.0.1 - User: fedegarcia30@gmail.com
2026-03-09 01:43:06,215 | INFO     | app | [OPTIONS] /api/v1/stats/mapa - Status: 200 - Duration: 0.0s - IP: 127.0.0.1 - User: Anonymous
2026-03-09 01:43:06,582 | INFO     | app | [GET] /api/v1/stats/mapa - Status: 200 - Duration: 0.052s - IP: 127.0.0.1 - User: fedegarcia30@gmail.com
2026-03-09 01:48:51,621 | INFO     | app | [OPTIONS] /api/v1/clients/stats - Status: 200 - Duration: 0.001s - IP: 127.0.0.1 - User: Anonymous
2026-03-09 01:48:51,623 | INFO     | app | [OPTIONS] /api/v1/clients/stats - Status: 200 - Duration: 0.0s - IP: 127.0.0.1 - User: Anonymous
2026-03-09 01:48:51,871 | INFO     | app | [OPTIONS] /api/v1/clients - Status: 200 - Duration: 0.0s - IP: 127.0.0.1 - User: Anonymous
2026-03-09 01:48:52,004 | INFO     | app | [GET] /api/v1/clients/stats - Status: 200 - Duration: 0.131s - IP: 127.0.0.1 - User: fedegarcia30@gmail.com
2026-03-09 01:48:52,009 | INFO     | app | [GET] /api/v1/clients - Status: 200 - Duration: 0.066s - IP: 127.0.0.1 - User: fedegarcia30@gmail.com
2026-03-09 01:48:52,047 | INFO     | app | [GET] /api/v1/clients/stats - Status: 200 - Duration: 0.106s - IP: 127.0.0.1 - User: fedegarcia30@gmail.com
2026-03-09 01:48:53,295 | INFO     | app | [OPTIONS] /api/v1/stats/mapa - Status: 200 - Duration: 0.002s - IP: 127.0.0.1 - User: Anonymous
2026-03-09 01:48:53,605 | INFO     | app | [OPTIONS] /api/v1/stats/mapa - Status: 200 - Duration: 0.0s - IP: 127.0.0.1 - User: Anonymous
2026-03-09 01:48:53,715 | INFO     | app | [GET] /api/v1/stats/mapa - Status: 200 - Duration: 0.06s - IP: 127.0.0.1 - User: fedegarcia30@gmail.com
2026-03-09 01:48:54,022 | INFO     | app | [GET] /api/v1/stats/mapa - Status: 200 - Duration: 0.092s - IP: 127.0.0.1 - User: fedegarcia30@gmail.com
2026-03-09 01:49:03,524 | INFO     | app | [OPTIONS] /api/v1/stats/mapa - Status: 200 - Duration: 0.0s - IP: 127.0.0.1 - User: Anonymous
2026-03-09 01:49:03,809 | INFO     | app | [GET] /api/v1/stats/mapa - Status: 200 - Duration: 0.024s - IP: 127.0.0.1 - User: fedegarcia30@gmail.com
2026-03-09 01:49:30,709 | INFO     | app | [OPTIONS] /api/v1/stats/mapa - Status: 200 - Duration: 0.0s - IP: 127.0.0.1 - User: Anonymous
2026-03-09 01:49:31,078 | INFO     | app | [GET] /api/v1/stats/mapa - Status: 200 - Duration: 0.05s - IP: 127.0.0.1 - User: fedegarcia30@gmail.com
2026-03-09 01:49:34,829 | INFO     | app | [OPTIONS] /api/v1/stats/mapa - Status: 200 - Duration: 0.0s - IP: 127.0.0.1 - User: Anonymous
2026-03-09 01:49:35,314 | INFO     | app | [GET] /api/v1/stats/mapa - Status: 200 - Duration: 0.163s - IP: 127.0.0.1 - User: fedegarcia30@gmail.com
2026-03-09 01:49:35,434 | INFO     | app | [OPTIONS] /api/v1/stats/mapa - Status: 200 - Duration: 0.001s - IP: 127.0.0.1 - User: Anonymous
2026-03-09 01:49:35,814 | INFO     | app | [GET] /api/v1/stats/mapa - Status: 200 - Duration: 0.167s - IP: 127.0.0.1 - User: fedegarcia30@gmail.com
2026-03-09 01:51:55,685 | INFO     | app | Logger initialized successfully at level INFO
2026-03-09 01:52:00,418 | INFO     | app | Logger initialized successfully at level INFO
2026-03-09 01:56:50,213 | INFO     | app | [OPTIONS] /api/v1/stats/mapa - Status: 200 - Duration: 0.0s - IP: 127.0.0.1 - User: Anonymous
2026-03-09 01:56:51,294 | ERROR    | app | Unhandled Exception on GET /api/v1/stats/mapa: (mysql.connector.errors.ProgrammingError) 1054 (42S22): Unknown column 'pedidos.local_domicilio' in 'field list'
[SQL: SELECT clientes.id AS clientes_id, clientes.nombre AS clientes_nombre, clientes.latitud AS clientes_latitud, clientes.longitud AS clientes_longitud, clientes.direccion_limpia AS clientes_direccion_limpia, sum(CASE WHEN (pedidos.local_domicilio = false) THEN %(param_1)s ELSE %(param_2)s END) AS pedidos_local, sum(CASE WHEN (pedidos.local_domicilio = true) THEN %(param_3)s ELSE %(param_4)s END) AS pedidos_reparto, sum(pedidos.pax) AS total_raciones 
FROM clientes INNER JOIN pedidos ON pedidos.cliente_id = clientes.id 
WHERE date(pedidos.fecha_pedido) >= %(date_1)s AND date(pedidos.fecha_pedido) <= %(date_2)s AND pedidos.deleted_at IS NULL AND pedidos.status != %(status_1)s AND clientes.latitud IS NOT NULL AND clientes.longitud IS NOT NULL GROUP BY clientes.id]
[parameters: {'param_1': 1, 'param_2': 0, 'param_3': 1, 'param_4': 0, 'date_1': datetime.date(2024, 1, 1), 'date_2': datetime.date(2024, 12, 31), 'status_1': 'cancelado'}]
(Background on this error at: https://sqlalche.me/e/20/f405)
Traceback (most recent call last):
  File "C:\ArrocesLlopis\backend\venv\Lib\site-packages\mysql\connector\connection_cext.py", line 772, in cmd_query
    self._cmysql.query(
_mysql_connector.MySQLInterfaceError: Unknown column 'pedidos.local_domicilio' in 'field list'

The above exception was the direct cause of the following exception:

Traceback (most recent call last):
  File "C:\ArrocesLlopis\backend\venv\Lib\site-packages\sqlalchemy\engine\base.py", line 1967, in _exec_single_context
    self.dialect.do_execute(
  File "C:\ArrocesLlopis\backend\venv\Lib\site-packages\sqlalchemy\engine\default.py", line 952, in do_execute
    cursor.execute(statement, parameters)
  File "C:\ArrocesLlopis\backend\venv\Lib\site-packages\mysql\connector\cursor_cext.py", line 353, in execute
    self._connection.cmd_query(
  File "C:\ArrocesLlopis\backend\venv\Lib\site-packages\mysql\connector\opentelemetry\context_propagation.py", line 97, in wrapper
    return method(cnx, *args, **kwargs)
           ^^^^^^^^^^^^^^^^^^^^^^^^^^^^
  File "C:\ArrocesLlopis\backend\venv\Lib\site-packages\mysql\connector\connection_cext.py", line 781, in cmd_query
    raise get_mysql_exception(
mysql.connector.errors.ProgrammingError: 1054 (42S22): Unknown column 'pedidos.local_domicilio' in 'field list'

The above exception was the direct cause of the following exception:

Traceback (most recent call last):
  File "C:\ArrocesLlopis\backend\venv\Lib\site-packages\flask\app.py", line 1514, in wsgi_app
    response = self.handle_exception(e)
               ^^^^^^^^^^^^^^^^^^^^^^^^
  File "C:\ArrocesLlopis\backend\venv\Lib\site-packages\flask_cors\extension.py", line 176, in wrapped_function
    return cors_after_request(app.make_response(f(*args, **kwargs)))
                                                ^^^^^^^^^^^^^^^^^^
  File "C:\ArrocesLlopis\backend\venv\Lib\site-packages\flask\app.py", line 1511, in wsgi_app
    response = self.full_dispatch_request()
               ^^^^^^^^^^^^^^^^^^^^^^^^^^^^
  File "C:\ArrocesLlopis\backend\venv\Lib\site-packages\flask\app.py", line 919, in full_dispatch_request
    rv = self.handle_user_exception(e)
         ^^^^^^^^^^^^^^^^^^^^^^^^^^^^^
  File "C:\ArrocesLlopis\backend\venv\Lib\site-packages\flask_cors\extension.py", line 176, in wrapped_function
    return cors_after_request(app.make_response(f(*args, **kwargs)))
                                                ^^^^^^^^^^^^^^^^^^
  File "C:\ArrocesLlopis\backend\venv\Lib\site-packages\flask\app.py", line 917, in full_dispatch_request
    rv = self.dispatch_request()
         ^^^^^^^^^^^^^^^^^^^^^^^
  File "C:\ArrocesLlopis\backend\venv\Lib\site-packages\flask\app.py", line 902, in dispatch_request
    return self.ensure_sync(self.view_functions[rule.endpoint])(**view_args)  # type: ignore[no-any-return]
           ^^^^^^^^^^^^^^^^^^^^^^^^^^^^^^^^^^^^^^^^^^^^^^^^^^^^^^^^^^^^^^^^^
  File "C:\ArrocesLlopis\backend\app\auth.py", line 71, in decorated
    return f(*args, **kwargs)
           ^^^^^^^^^^^^^^^^^^
  File "C:\ArrocesLlopis\backend\app\auth.py", line 85, in decorated_function
    return f(*args, **kwargs)
           ^^^^^^^^^^^^^^^^^^
  File "C:\ArrocesLlopis\backend\app\routes\stats.py", line 474, in stats_mapa
    "current":  {"label": format_label(year,     period, month, quarter, semester), "data": query_mapa(curr_start, curr_end)},
                                                                                            ^^^^^^^^^^^^^^^^^^^^^^^^^^^^^^^^
  File "C:\ArrocesLlopis\backend\app\routes\stats.py", line 458, in query_mapa
    ).group_by(Cliente.id).all()
                           ^^^^^
  File "C:\ArrocesLlopis\backend\venv\Lib\site-packages\sqlalchemy\orm\query.py", line 2704, in all
    return self._iter().all()  # type: ignore
           ^^^^^^^^^^^^
  File "C:\ArrocesLlopis\backend\venv\Lib\site-packages\sqlalchemy\orm\query.py", line 2857, in _iter
    result: Union[ScalarResult[_T], Result[_T]] = self.session.execute(
                                                  ^^^^^^^^^^^^^^^^^^^^^
  File "C:\ArrocesLlopis\backend\venv\Lib\site-packages\sqlalchemy\orm\session.py", line 2351, in execute
    return self._execute_internal(
           ^^^^^^^^^^^^^^^^^^^^^^^
  File "C:\ArrocesLlopis\backend\venv\Lib\site-packages\sqlalchemy\orm\session.py", line 2249, in _execute_internal
    result: Result[Any] = compile_state_cls.orm_execute_statement(
                          ^^^^^^^^^^^^^^^^^^^^^^^^^^^^^^^^^^^^^^^^
  File "C:\ArrocesLlopis\backend\venv\Lib\site-packages\sqlalchemy\orm\context.py", line 306, in orm_execute_statement
    result = conn.execute(
             ^^^^^^^^^^^^^
  File "C:\ArrocesLlopis\backend\venv\Lib\site-packages\sqlalchemy\engine\base.py", line 1419, in execute
    return meth(
           ^^^^^
  File "C:\ArrocesLlopis\backend\venv\Lib\site-packages\sqlalchemy\sql\elements.py", line 527, in _execute_on_connection
    return connection._execute_clauseelement(
           ^^^^^^^^^^^^^^^^^^^^^^^^^^^^^^^^^^
  File "C:\ArrocesLlopis\backend\venv\Lib\site-packages\sqlalchemy\engine\base.py", line 1641, in _execute_clauseelement
    ret = self._execute_context(
          ^^^^^^^^^^^^^^^^^^^^^^
  File "C:\ArrocesLlopis\backend\venv\Lib\site-packages\sqlalchemy\engine\base.py", line 1846, in _execute_context
    return self._exec_single_context(
           ^^^^^^^^^^^^^^^^^^^^^^^^^^
  File "C:\ArrocesLlopis\backend\venv\Lib\site-packages\sqlalchemy\engine\base.py", line 1986, in _exec_single_context
    self._handle_dbapi_exception(
  File "C:\ArrocesLlopis\backend\venv\Lib\site-packages\sqlalchemy\engine\base.py", line 2363, in _handle_dbapi_exception
    raise sqlalchemy_exception.with_traceback(exc_info[2]) from e
  File "C:\ArrocesLlopis\backend\venv\Lib\site-packages\sqlalchemy\engine\base.py", line 1967, in _exec_single_context
    self.dialect.do_execute(
  File "C:\ArrocesLlopis\backend\venv\Lib\site-packages\sqlalchemy\engine\default.py", line 952, in do_execute
    cursor.execute(statement, parameters)
  File "C:\ArrocesLlopis\backend\venv\Lib\site-packages\mysql\connector\cursor_cext.py", line 353, in execute
    self._connection.cmd_query(
  File "C:\ArrocesLlopis\backend\venv\Lib\site-packages\mysql\connector\opentelemetry\context_propagation.py", line 97, in wrapper
    return method(cnx, *args, **kwargs)
           ^^^^^^^^^^^^^^^^^^^^^^^^^^^^
  File "C:\ArrocesLlopis\backend\venv\Lib\site-packages\mysql\connector\connection_cext.py", line 781, in cmd_query
    raise get_mysql_exception(
sqlalchemy.exc.ProgrammingError: (mysql.connector.errors.ProgrammingError) 1054 (42S22): Unknown column 'pedidos.local_domicilio' in 'field list'
[SQL: SELECT clientes.id AS clientes_id, clientes.nombre AS clientes_nombre, clientes.latitud AS clientes_latitud, clientes.longitud AS clientes_longitud, clientes.direccion_limpia AS clientes_direccion_limpia, sum(CASE WHEN (pedidos.local_domicilio = false) THEN %(param_1)s ELSE %(param_2)s END) AS pedidos_local, sum(CASE WHEN (pedidos.local_domicilio = true) THEN %(param_3)s ELSE %(param_4)s END) AS pedidos_reparto, sum(pedidos.pax) AS total_raciones 
FROM clientes INNER JOIN pedidos ON pedidos.cliente_id = clientes.id 
WHERE date(pedidos.fecha_pedido) >= %(date_1)s AND date(pedidos.fecha_pedido) <= %(date_2)s AND pedidos.deleted_at IS NULL AND pedidos.status != %(status_1)s AND clientes.latitud IS NOT NULL AND clientes.longitud IS NOT NULL GROUP BY clientes.id]
[parameters: {'param_1': 1, 'param_2': 0, 'param_3': 1, 'param_4': 0, 'date_1': datetime.date(2024, 1, 1), 'date_2': datetime.date(2024, 12, 31), 'status_1': 'cancelado'}]
(Background on this error at: https://sqlalche.me/e/20/f405)

2026-03-09 01:59:29,891 | INFO     | app | [OPTIONS] /api/v1/stats/mapa - Status: 200 - Duration: 0.0s - IP: 127.0.0.1 - User: Anonymous
2026-03-09 01:59:30,154 | ERROR    | app | Unhandled Exception on GET /api/v1/stats/mapa: (mysql.connector.errors.ProgrammingError) 1054 (42S22): Unknown column 'pedidos.local_domicilio' in 'field list'
[SQL: SELECT clientes.id AS clientes_id, clientes.nombre AS clientes_nombre, clientes.latitud AS clientes_latitud, clientes.longitud AS clientes_longitud, clientes.direccion_limpia AS clientes_direccion_limpia, sum(CASE WHEN (pedidos.local_domicilio = false) THEN %(param_1)s ELSE %(param_2)s END) AS pedidos_local, sum(CASE WHEN (pedidos.local_domicilio = true) THEN %(param_3)s ELSE %(param_4)s END) AS pedidos_reparto, sum(pedidos.pax) AS total_raciones 
FROM clientes INNER JOIN pedidos ON pedidos.cliente_id = clientes.id 
WHERE date(pedidos.fecha_pedido) >= %(date_1)s AND date(pedidos.fecha_pedido) <= %(date_2)s AND pedidos.deleted_at IS NULL AND pedidos.status != %(status_1)s AND clientes.latitud IS NOT NULL AND clientes.longitud IS NOT NULL GROUP BY clientes.id]
[parameters: {'param_1': 1, 'param_2': 0, 'param_3': 1, 'param_4': 0, 'date_1': datetime.date(2026, 3, 1), 'date_2': datetime.date(2026, 3, 31), 'status_1': 'cancelado'}]
(Background on this error at: https://sqlalche.me/e/20/f405)
Traceback (most recent call last):
  File "C:\ArrocesLlopis\backend\venv\Lib\site-packages\mysql\connector\connection_cext.py", line 772, in cmd_query
    self._cmysql.query(
_mysql_connector.MySQLInterfaceError: Unknown column 'pedidos.local_domicilio' in 'field list'

The above exception was the direct cause of the following exception:

Traceback (most recent call last):
  File "C:\ArrocesLlopis\backend\venv\Lib\site-packages\sqlalchemy\engine\base.py", line 1967, in _exec_single_context
    self.dialect.do_execute(
  File "C:\ArrocesLlopis\backend\venv\Lib\site-packages\sqlalchemy\engine\default.py", line 952, in do_execute
    cursor.execute(statement, parameters)
  File "C:\ArrocesLlopis\backend\venv\Lib\site-packages\mysql\connector\cursor_cext.py", line 353, in execute
    self._connection.cmd_query(
  File "C:\ArrocesLlopis\backend\venv\Lib\site-packages\mysql\connector\opentelemetry\context_propagation.py", line 97, in wrapper
    return method(cnx, *args, **kwargs)
           ^^^^^^^^^^^^^^^^^^^^^^^^^^^^
  File "C:\ArrocesLlopis\backend\venv\Lib\site-packages\mysql\connector\connection_cext.py", line 781, in cmd_query
    raise get_mysql_exception(
mysql.connector.errors.ProgrammingError: 1054 (42S22): Unknown column 'pedidos.local_domicilio' in 'field list'

The above exception was the direct cause of the following exception:

Traceback (most recent call last):
  File "C:\ArrocesLlopis\backend\venv\Lib\site-packages\flask\app.py", line 1514, in wsgi_app
    response = self.handle_exception(e)
               ^^^^^^^^^^^^^^^^^^^^^^^^
  File "C:\ArrocesLlopis\backend\venv\Lib\site-packages\flask_cors\extension.py", line 176, in wrapped_function
    return cors_after_request(app.make_response(f(*args, **kwargs)))
                                                ^^^^^^^^^^^^^^^^^^
  File "C:\ArrocesLlopis\backend\venv\Lib\site-packages\flask\app.py", line 1511, in wsgi_app
    response = self.full_dispatch_request()
               ^^^^^^^^^^^^^^^^^^^^^^^^^^^^
  File "C:\ArrocesLlopis\backend\venv\Lib\site-packages\flask\app.py", line 919, in full_dispatch_request
    rv = self.handle_user_exception(e)
         ^^^^^^^^^^^^^^^^^^^^^^^^^^^^^
  File "C:\ArrocesLlopis\backend\venv\Lib\site-packages\flask_cors\extension.py", line 176, in wrapped_function
    return cors_after_request(app.make_response(f(*args, **kwargs)))
                                                ^^^^^^^^^^^^^^^^^^
  File "C:\ArrocesLlopis\backend\venv\Lib\site-packages\flask\app.py", line 917, in full_dispatch_request
    rv = self.dispatch_request()
         ^^^^^^^^^^^^^^^^^^^^^^^
  File "C:\ArrocesLlopis\backend\venv\Lib\site-packages\flask\app.py", line 902, in dispatch_request
    return self.ensure_sync(self.view_functions[rule.endpoint])(**view_args)  # type: ignore[no-any-return]
           ^^^^^^^^^^^^^^^^^^^^^^^^^^^^^^^^^^^^^^^^^^^^^^^^^^^^^^^^^^^^^^^^^
  File "C:\ArrocesLlopis\backend\app\auth.py", line 71, in decorated
    return f(*args, **kwargs)
           ^^^^^^^^^^^^^^^^^^
  File "C:\ArrocesLlopis\backend\app\auth.py", line 85, in decorated_function
    return f(*args, **kwargs)
           ^^^^^^^^^^^^^^^^^^
  File "C:\ArrocesLlopis\backend\app\routes\stats.py", line 474, in stats_mapa
    "current":  {"label": format_label(year,     period, month, quarter, semester), "data": query_mapa(curr_start, curr_end)},
                                                                                            ^^^^^^^^^^^^^^^^^^^^^^^^^^^^^^^^
  File "C:\ArrocesLlopis\backend\app\routes\stats.py", line 458, in query_mapa
    ).group_by(Cliente.id).all()
                           ^^^^^
  File "C:\ArrocesLlopis\backend\venv\Lib\site-packages\sqlalchemy\orm\query.py", line 2704, in all
    return self._iter().all()  # type: ignore
           ^^^^^^^^^^^^
  File "C:\ArrocesLlopis\backend\venv\Lib\site-packages\sqlalchemy\orm\query.py", line 2857, in _iter
    result: Union[ScalarResult[_T], Result[_T]] = self.session.execute(
                                                  ^^^^^^^^^^^^^^^^^^^^^
  File "C:\ArrocesLlopis\backend\venv\Lib\site-packages\sqlalchemy\orm\session.py", line 2351, in execute
    return self._execute_internal(
           ^^^^^^^^^^^^^^^^^^^^^^^
  File "C:\ArrocesLlopis\backend\venv\Lib\site-packages\sqlalchemy\orm\session.py", line 2249, in _execute_internal
    result: Result[Any] = compile_state_cls.orm_execute_statement(
                          ^^^^^^^^^^^^^^^^^^^^^^^^^^^^^^^^^^^^^^^^
  File "C:\ArrocesLlopis\backend\venv\Lib\site-packages\sqlalchemy\orm\context.py", line 306, in orm_execute_statement
    result = conn.execute(
             ^^^^^^^^^^^^^
  File "C:\ArrocesLlopis\backend\venv\Lib\site-packages\sqlalchemy\engine\base.py", line 1419, in execute
    return meth(
           ^^^^^
  File "C:\ArrocesLlopis\backend\venv\Lib\site-packages\sqlalchemy\sql\elements.py", line 527, in _execute_on_connection
    return connection._execute_clauseelement(
           ^^^^^^^^^^^^^^^^^^^^^^^^^^^^^^^^^^
  File "C:\ArrocesLlopis\backend\venv\Lib\site-packages\sqlalchemy\engine\base.py", line 1641, in _execute_clauseelement
    ret = self._execute_context(
          ^^^^^^^^^^^^^^^^^^^^^^
  File "C:\ArrocesLlopis\backend\venv\Lib\site-packages\sqlalchemy\engine\base.py", line 1846, in _execute_context
    return self._exec_single_context(
           ^^^^^^^^^^^^^^^^^^^^^^^^^^
  File "C:\ArrocesLlopis\backend\venv\Lib\site-packages\sqlalchemy\engine\base.py", line 1986, in _exec_single_context
    self._handle_dbapi_exception(
  File "C:\ArrocesLlopis\backend\venv\Lib\site-packages\sqlalchemy\engine\base.py", line 2363, in _handle_dbapi_exception
    raise sqlalchemy_exception.with_traceback(exc_info[2]) from e
  File "C:\ArrocesLlopis\backend\venv\Lib\site-packages\sqlalchemy\engine\base.py", line 1967, in _exec_single_context
    self.dialect.do_execute(
  File "C:\ArrocesLlopis\backend\venv\Lib\site-packages\sqlalchemy\engine\default.py", line 952, in do_execute
    cursor.execute(statement, parameters)
  File "C:\ArrocesLlopis\backend\venv\Lib\site-packages\mysql\connector\cursor_cext.py", line 353, in execute
    self._connection.cmd_query(
  File "C:\ArrocesLlopis\backend\venv\Lib\site-packages\mysql\connector\opentelemetry\context_propagation.py", line 97, in wrapper
    return method(cnx, *args, **kwargs)
           ^^^^^^^^^^^^^^^^^^^^^^^^^^^^
  File "C:\ArrocesLlopis\backend\venv\Lib\site-packages\mysql\connector\connection_cext.py", line 781, in cmd_query
    raise get_mysql_exception(
sqlalchemy.exc.ProgrammingError: (mysql.connector.errors.ProgrammingError) 1054 (42S22): Unknown column 'pedidos.local_domicilio' in 'field list'
[SQL: SELECT clientes.id AS clientes_id, clientes.nombre AS clientes_nombre, clientes.latitud AS clientes_latitud, clientes.longitud AS clientes_longitud, clientes.direccion_limpia AS clientes_direccion_limpia, sum(CASE WHEN (pedidos.local_domicilio = false) THEN %(param_1)s ELSE %(param_2)s END) AS pedidos_local, sum(CASE WHEN (pedidos.local_domicilio = true) THEN %(param_3)s ELSE %(param_4)s END) AS pedidos_reparto, sum(pedidos.pax) AS total_raciones 
FROM clientes INNER JOIN pedidos ON pedidos.cliente_id = clientes.id 
WHERE date(pedidos.fecha_pedido) >= %(date_1)s AND date(pedidos.fecha_pedido) <= %(date_2)s AND pedidos.deleted_at IS NULL AND pedidos.status != %(status_1)s AND clientes.latitud IS NOT NULL AND clientes.longitud IS NOT NULL GROUP BY clientes.id]
[parameters: {'param_1': 1, 'param_2': 0, 'param_3': 1, 'param_4': 0, 'date_1': datetime.date(2026, 3, 1), 'date_2': datetime.date(2026, 3, 31), 'status_1': 'cancelado'}]
(Background on this error at: https://sqlalche.me/e/20/f405)

2026-03-09 01:59:33,698 | INFO     | app | [OPTIONS] /api/v1/stats/mapa - Status: 200 - Duration: 0.0s - IP: 127.0.0.1 - User: Anonymous
2026-03-09 01:59:34,019 | ERROR    | app | Unhandled Exception on GET /api/v1/stats/mapa: (mysql.connector.errors.ProgrammingError) 1054 (42S22): Unknown column 'pedidos.local_domicilio' in 'field list'
[SQL: SELECT clientes.id AS clientes_id, clientes.nombre AS clientes_nombre, clientes.latitud AS clientes_latitud, clientes.longitud AS clientes_longitud, clientes.direccion_limpia AS clientes_direccion_limpia, sum(CASE WHEN (pedidos.local_domicilio = false) THEN %(param_1)s ELSE %(param_2)s END) AS pedidos_local, sum(CASE WHEN (pedidos.local_domicilio = true) THEN %(param_3)s ELSE %(param_4)s END) AS pedidos_reparto, sum(pedidos.pax) AS total_raciones 
FROM clientes INNER JOIN pedidos ON pedidos.cliente_id = clientes.id 
WHERE date(pedidos.fecha_pedido) >= %(date_1)s AND date(pedidos.fecha_pedido) <= %(date_2)s AND pedidos.deleted_at IS NULL AND pedidos.status != %(status_1)s AND clientes.latitud IS NOT NULL AND clientes.longitud IS NOT NULL GROUP BY clientes.id]
[parameters: {'param_1': 1, 'param_2': 0, 'param_3': 1, 'param_4': 0, 'date_1': datetime.date(2026, 3, 1), 'date_2': datetime.date(2026, 3, 31), 'status_1': 'cancelado'}]
(Background on this error at: https://sqlalche.me/e/20/f405)
Traceback (most recent call last):
  File "C:\ArrocesLlopis\backend\venv\Lib\site-packages\mysql\connector\connection_cext.py", line 772, in cmd_query
    self._cmysql.query(
_mysql_connector.MySQLInterfaceError: Unknown column 'pedidos.local_domicilio' in 'field list'

The above exception was the direct cause of the following exception:

Traceback (most recent call last):
  File "C:\ArrocesLlopis\backend\venv\Lib\site-packages\sqlalchemy\engine\base.py", line 1967, in _exec_single_context
    self.dialect.do_execute(
  File "C:\ArrocesLlopis\backend\venv\Lib\site-packages\sqlalchemy\engine\default.py", line 952, in do_execute
    cursor.execute(statement, parameters)
  File "C:\ArrocesLlopis\backend\venv\Lib\site-packages\mysql\connector\cursor_cext.py", line 353, in execute
    self._connection.cmd_query(
  File "C:\ArrocesLlopis\backend\venv\Lib\site-packages\mysql\connector\opentelemetry\context_propagation.py", line 97, in wrapper
    return method(cnx, *args, **kwargs)
           ^^^^^^^^^^^^^^^^^^^^^^^^^^^^
  File "C:\ArrocesLlopis\backend\venv\Lib\site-packages\mysql\connector\connection_cext.py", line 781, in cmd_query
    raise get_mysql_exception(
mysql.connector.errors.ProgrammingError: 1054 (42S22): Unknown column 'pedidos.local_domicilio' in 'field list'

The above exception was the direct cause of the following exception:

Traceback (most recent call last):
  File "C:\ArrocesLlopis\backend\venv\Lib\site-packages\flask\app.py", line 1514, in wsgi_app
    response = self.handle_exception(e)
               ^^^^^^^^^^^^^^^^^^^^^^^^
  File "C:\ArrocesLlopis\backend\venv\Lib\site-packages\flask_cors\extension.py", line 176, in wrapped_function
    return cors_after_request(app.make_response(f(*args, **kwargs)))
                                                ^^^^^^^^^^^^^^^^^^
  File "C:\ArrocesLlopis\backend\venv\Lib\site-packages\flask\app.py", line 1511, in wsgi_app
    response = self.full_dispatch_request()
               ^^^^^^^^^^^^^^^^^^^^^^^^^^^^
  File "C:\ArrocesLlopis\backend\venv\Lib\site-packages\flask\app.py", line 919, in full_dispatch_request
    rv = self.handle_user_exception(e)
         ^^^^^^^^^^^^^^^^^^^^^^^^^^^^^
  File "C:\ArrocesLlopis\backend\venv\Lib\site-packages\flask_cors\extension.py", line 176, in wrapped_function
    return cors_after_request(app.make_response(f(*args, **kwargs)))
                                                ^^^^^^^^^^^^^^^^^^
  File "C:\ArrocesLlopis\backend\venv\Lib\site-packages\flask\app.py", line 917, in full_dispatch_request
    rv = self.dispatch_request()
         ^^^^^^^^^^^^^^^^^^^^^^^
  File "C:\ArrocesLlopis\backend\venv\Lib\site-packages\flask\app.py", line 902, in dispatch_request
    return self.ensure_sync(self.view_functions[rule.endpoint])(**view_args)  # type: ignore[no-any-return]
           ^^^^^^^^^^^^^^^^^^^^^^^^^^^^^^^^^^^^^^^^^^^^^^^^^^^^^^^^^^^^^^^^^
  File "C:\ArrocesLlopis\backend\app\auth.py", line 71, in decorated
    return f(*args, **kwargs)
           ^^^^^^^^^^^^^^^^^^
  File "C:\ArrocesLlopis\backend\app\auth.py", line 85, in decorated_function
    return f(*args, **kwargs)
           ^^^^^^^^^^^^^^^^^^
  File "C:\ArrocesLlopis\backend\app\routes\stats.py", line 474, in stats_mapa
    "current":  {"label": format_label(year,     period, month, quarter, semester), "data": query_mapa(curr_start, curr_end)},
                                                                                            ^^^^^^^^^^^^^^^^^^^^^^^^^^^^^^^^
  File "C:\ArrocesLlopis\backend\app\routes\stats.py", line 458, in query_mapa
    ).group_by(Cliente.id).all()
                           ^^^^^
  File "C:\ArrocesLlopis\backend\venv\Lib\site-packages\sqlalchemy\orm\query.py", line 2704, in all
    return self._iter().all()  # type: ignore
           ^^^^^^^^^^^^
  File "C:\ArrocesLlopis\backend\venv\Lib\site-packages\sqlalchemy\orm\query.py", line 2857, in _iter
    result: Union[ScalarResult[_T], Result[_T]] = self.session.execute(
                                                  ^^^^^^^^^^^^^^^^^^^^^
  File "C:\ArrocesLlopis\backend\venv\Lib\site-packages\sqlalchemy\orm\session.py", line 2351, in execute
    return self._execute_internal(
           ^^^^^^^^^^^^^^^^^^^^^^^
  File "C:\ArrocesLlopis\backend\venv\Lib\site-packages\sqlalchemy\orm\session.py", line 2249, in _execute_internal
    result: Result[Any] = compile_state_cls.orm_execute_statement(
                          ^^^^^^^^^^^^^^^^^^^^^^^^^^^^^^^^^^^^^^^^
  File "C:\ArrocesLlopis\backend\venv\Lib\site-packages\sqlalchemy\orm\context.py", line 306, in orm_execute_statement
    result = conn.execute(
             ^^^^^^^^^^^^^
  File "C:\ArrocesLlopis\backend\venv\Lib\site-packages\sqlalchemy\engine\base.py", line 1419, in execute
    return meth(
           ^^^^^
  File "C:\ArrocesLlopis\backend\venv\Lib\site-packages\sqlalchemy\sql\elements.py", line 527, in _execute_on_connection
    return connection._execute_clauseelement(
           ^^^^^^^^^^^^^^^^^^^^^^^^^^^^^^^^^^
  File "C:\ArrocesLlopis\backend\venv\Lib\site-packages\sqlalchemy\engine\base.py", line 1641, in _execute_clauseelement
    ret = self._execute_context(
          ^^^^^^^^^^^^^^^^^^^^^^
  File "C:\ArrocesLlopis\backend\venv\Lib\site-packages\sqlalchemy\engine\base.py", line 1846, in _execute_context
    return self._exec_single_context(
           ^^^^^^^^^^^^^^^^^^^^^^^^^^
  File "C:\ArrocesLlopis\backend\venv\Lib\site-packages\sqlalchemy\engine\base.py", line 1986, in _exec_single_context
    self._handle_dbapi_exception(
  File "C:\ArrocesLlopis\backend\venv\Lib\site-packages\sqlalchemy\engine\base.py", line 2363, in _handle_dbapi_exception
    raise sqlalchemy_exception.with_traceback(exc_info[2]) from e
  File "C:\ArrocesLlopis\backend\venv\Lib\site-packages\sqlalchemy\engine\base.py", line 1967, in _exec_single_context
    self.dialect.do_execute(
  File "C:\ArrocesLlopis\backend\venv\Lib\site-packages\sqlalchemy\engine\default.py", line 952, in do_execute
    cursor.execute(statement, parameters)
  File "C:\ArrocesLlopis\backend\venv\Lib\site-packages\mysql\connector\cursor_cext.py", line 353, in execute
    self._connection.cmd_query(
  File "C:\ArrocesLlopis\backend\venv\Lib\site-packages\mysql\connector\opentelemetry\context_propagation.py", line 97, in wrapper
    return method(cnx, *args, **kwargs)
           ^^^^^^^^^^^^^^^^^^^^^^^^^^^^
  File "C:\ArrocesLlopis\backend\venv\Lib\site-packages\mysql\connector\connection_cext.py", line 781, in cmd_query
    raise get_mysql_exception(
sqlalchemy.exc.ProgrammingError: (mysql.connector.errors.ProgrammingError) 1054 (42S22): Unknown column 'pedidos.local_domicilio' in 'field list'
[SQL: SELECT clientes.id AS clientes_id, clientes.nombre AS clientes_nombre, clientes.latitud AS clientes_latitud, clientes.longitud AS clientes_longitud, clientes.direccion_limpia AS clientes_direccion_limpia, sum(CASE WHEN (pedidos.local_domicilio = false) THEN %(param_1)s ELSE %(param_2)s END) AS pedidos_local, sum(CASE WHEN (pedidos.local_domicilio = true) THEN %(param_3)s ELSE %(param_4)s END) AS pedidos_reparto, sum(pedidos.pax) AS total_raciones 
FROM clientes INNER JOIN pedidos ON pedidos.cliente_id = clientes.id 
WHERE date(pedidos.fecha_pedido) >= %(date_1)s AND date(pedidos.fecha_pedido) <= %(date_2)s AND pedidos.deleted_at IS NULL AND pedidos.status != %(status_1)s AND clientes.latitud IS NOT NULL AND clientes.longitud IS NOT NULL GROUP BY clientes.id]
[parameters: {'param_1': 1, 'param_2': 0, 'param_3': 1, 'param_4': 0, 'date_1': datetime.date(2026, 3, 1), 'date_2': datetime.date(2026, 3, 31), 'status_1': 'cancelado'}]
(Background on this error at: https://sqlalche.me/e/20/f405)

2026-03-09 01:59:39,820 | INFO     | app | [OPTIONS] /api/v1/auth/me - Status: 200 - Duration: 0.0s - IP: 127.0.0.1 - User: Anonymous
2026-03-09 01:59:40,149 | INFO     | app | [GET] /api/v1/auth/me - Status: 200 - Duration: 0.007s - IP: 127.0.0.1 - User: fedegarcia30@gmail.com
2026-03-09 01:59:40,401 | INFO     | app | [OPTIONS] /api/v1/stats/mapa - Status: 200 - Duration: 0.0s - IP: 127.0.0.1 - User: Anonymous
2026-03-09 01:59:40,563 | INFO     | app | [OPTIONS] /api/v1/stats/mapa - Status: 200 - Duration: 0.0s - IP: 127.0.0.1 - User: Anonymous
2026-03-09 01:59:40,591 | ERROR    | app | Unhandled Exception on GET /api/v1/stats/mapa: (mysql.connector.errors.ProgrammingError) 1054 (42S22): Unknown column 'pedidos.local_domicilio' in 'field list'
[SQL: SELECT clientes.id AS clientes_id, clientes.nombre AS clientes_nombre, clientes.latitud AS clientes_latitud, clientes.longitud AS clientes_longitud, clientes.direccion_limpia AS clientes_direccion_limpia, sum(CASE WHEN (pedidos.local_domicilio = false) THEN %(param_1)s ELSE %(param_2)s END) AS pedidos_local, sum(CASE WHEN (pedidos.local_domicilio = true) THEN %(param_3)s ELSE %(param_4)s END) AS pedidos_reparto, sum(pedidos.pax) AS total_raciones 
FROM clientes INNER JOIN pedidos ON pedidos.cliente_id = clientes.id 
WHERE date(pedidos.fecha_pedido) >= %(date_1)s AND date(pedidos.fecha_pedido) <= %(date_2)s AND pedidos.deleted_at IS NULL AND pedidos.status != %(status_1)s AND clientes.latitud IS NOT NULL AND clientes.longitud IS NOT NULL GROUP BY clientes.id]
[parameters: {'param_1': 1, 'param_2': 0, 'param_3': 1, 'param_4': 0, 'date_1': datetime.date(2026, 3, 1), 'date_2': datetime.date(2026, 3, 31), 'status_1': 'cancelado'}]
(Background on this error at: https://sqlalche.me/e/20/f405)
Traceback (most recent call last):
  File "C:\ArrocesLlopis\backend\venv\Lib\site-packages\mysql\connector\connection_cext.py", line 772, in cmd_query
    self._cmysql.query(
_mysql_connector.MySQLInterfaceError: Unknown column 'pedidos.local_domicilio' in 'field list'

The above exception was the direct cause of the following exception:

Traceback (most recent call last):
  File "C:\ArrocesLlopis\backend\venv\Lib\site-packages\sqlalchemy\engine\base.py", line 1967, in _exec_single_context
    self.dialect.do_execute(
  File "C:\ArrocesLlopis\backend\venv\Lib\site-packages\sqlalchemy\engine\default.py", line 952, in do_execute
    cursor.execute(statement, parameters)
  File "C:\ArrocesLlopis\backend\venv\Lib\site-packages\mysql\connector\cursor_cext.py", line 353, in execute
    self._connection.cmd_query(
  File "C:\ArrocesLlopis\backend\venv\Lib\site-packages\mysql\connector\opentelemetry\context_propagation.py", line 97, in wrapper
    return method(cnx, *args, **kwargs)
           ^^^^^^^^^^^^^^^^^^^^^^^^^^^^
  File "C:\ArrocesLlopis\backend\venv\Lib\site-packages\mysql\connector\connection_cext.py", line 781, in cmd_query
    raise get_mysql_exception(
mysql.connector.errors.ProgrammingError: 1054 (42S22): Unknown column 'pedidos.local_domicilio' in 'field list'

The above exception was the direct cause of the following exception:

Traceback (most recent call last):
  File "C:\ArrocesLlopis\backend\venv\Lib\site-packages\flask\app.py", line 1514, in wsgi_app
    response = self.handle_exception(e)
               ^^^^^^^^^^^^^^^^^^^^^^^^
  File "C:\ArrocesLlopis\backend\venv\Lib\site-packages\flask_cors\extension.py", line 176, in wrapped_function
    return cors_after_request(app.make_response(f(*args, **kwargs)))
                                                ^^^^^^^^^^^^^^^^^^
  File "C:\ArrocesLlopis\backend\venv\Lib\site-packages\flask\app.py", line 1511, in wsgi_app
    response = self.full_dispatch_request()
               ^^^^^^^^^^^^^^^^^^^^^^^^^^^^
  File "C:\ArrocesLlopis\backend\venv\Lib\site-packages\flask\app.py", line 919, in full_dispatch_request
    rv = self.handle_user_exception(e)
         ^^^^^^^^^^^^^^^^^^^^^^^^^^^^^
  File "C:\ArrocesLlopis\backend\venv\Lib\site-packages\flask_cors\extension.py", line 176, in wrapped_function
    return cors_after_request(app.make_response(f(*args, **kwargs)))
                                                ^^^^^^^^^^^^^^^^^^
  File "C:\ArrocesLlopis\backend\venv\Lib\site-packages\flask\app.py", line 917, in full_dispatch_request
    rv = self.dispatch_request()
         ^^^^^^^^^^^^^^^^^^^^^^^
  File "C:\ArrocesLlopis\backend\venv\Lib\site-packages\flask\app.py", line 902, in dispatch_request
    return self.ensure_sync(self.view_functions[rule.endpoint])(**view_args)  # type: ignore[no-any-return]
           ^^^^^^^^^^^^^^^^^^^^^^^^^^^^^^^^^^^^^^^^^^^^^^^^^^^^^^^^^^^^^^^^^
  File "C:\ArrocesLlopis\backend\app\auth.py", line 71, in decorated
    return f(*args, **kwargs)
           ^^^^^^^^^^^^^^^^^^
  File "C:\ArrocesLlopis\backend\app\auth.py", line 85, in decorated_function
    return f(*args, **kwargs)
           ^^^^^^^^^^^^^^^^^^
  File "C:\ArrocesLlopis\backend\app\routes\stats.py", line 474, in stats_mapa
    "current":  {"label": format_label(year,     period, month, quarter, semester), "data": query_mapa(curr_start, curr_end)},
                                                                                            ^^^^^^^^^^^^^^^^^^^^^^^^^^^^^^^^
  File "C:\ArrocesLlopis\backend\app\routes\stats.py", line 458, in query_mapa
    ).group_by(Cliente.id).all()
                           ^^^^^
  File "C:\ArrocesLlopis\backend\venv\Lib\site-packages\sqlalchemy\orm\query.py", line 2704, in all
    return self._iter().all()  # type: ignore
           ^^^^^^^^^^^^
  File "C:\ArrocesLlopis\backend\venv\Lib\site-packages\sqlalchemy\orm\query.py", line 2857, in _iter
    result: Union[ScalarResult[_T], Result[_T]] = self.session.execute(
                                                  ^^^^^^^^^^^^^^^^^^^^^
  File "C:\ArrocesLlopis\backend\venv\Lib\site-packages\sqlalchemy\orm\session.py", line 2351, in execute
    return self._execute_internal(
           ^^^^^^^^^^^^^^^^^^^^^^^
  File "C:\ArrocesLlopis\backend\venv\Lib\site-packages\sqlalchemy\orm\session.py", line 2249, in _execute_internal
    result: Result[Any] = compile_state_cls.orm_execute_statement(
                          ^^^^^^^^^^^^^^^^^^^^^^^^^^^^^^^^^^^^^^^^
  File "C:\ArrocesLlopis\backend\venv\Lib\site-packages\sqlalchemy\orm\context.py", line 306, in orm_execute_statement
    result = conn.execute(
             ^^^^^^^^^^^^^
  File "C:\ArrocesLlopis\backend\venv\Lib\site-packages\sqlalchemy\engine\base.py", line 1419, in execute
    return meth(
           ^^^^^
  File "C:\ArrocesLlopis\backend\venv\Lib\site-packages\sqlalchemy\sql\elements.py", line 527, in _execute_on_connection
    return connection._execute_clauseelement(
           ^^^^^^^^^^^^^^^^^^^^^^^^^^^^^^^^^^
  File "C:\ArrocesLlopis\backend\venv\Lib\site-packages\sqlalchemy\engine\base.py", line 1641, in _execute_clauseelement
    ret = self._execute_context(
          ^^^^^^^^^^^^^^^^^^^^^^
  File "C:\ArrocesLlopis\backend\venv\Lib\site-packages\sqlalchemy\engine\base.py", line 1846, in _execute_context
    return self._exec_single_context(
           ^^^^^^^^^^^^^^^^^^^^^^^^^^
  File "C:\ArrocesLlopis\backend\venv\Lib\site-packages\sqlalchemy\engine\base.py", line 1986, in _exec_single_context
    self._handle_dbapi_exception(
  File "C:\ArrocesLlopis\backend\venv\Lib\site-packages\sqlalchemy\engine\base.py", line 2363, in _handle_dbapi_exception
    raise sqlalchemy_exception.with_traceback(exc_info[2]) from e
  File "C:\ArrocesLlopis\backend\venv\Lib\site-packages\sqlalchemy\engine\base.py", line 1967, in _exec_single_context
    self.dialect.do_execute(
  File "C:\ArrocesLlopis\backend\venv\Lib\site-packages\sqlalchemy\engine\default.py", line 952, in do_execute
    cursor.execute(statement, parameters)
  File "C:\ArrocesLlopis\backend\venv\Lib\site-packages\mysql\connector\cursor_cext.py", line 353, in execute
    self._connection.cmd_query(
  File "C:\ArrocesLlopis\backend\venv\Lib\site-packages\mysql\connector\opentelemetry\context_propagation.py", line 97, in wrapper
    return method(cnx, *args, **kwargs)
           ^^^^^^^^^^^^^^^^^^^^^^^^^^^^
  File "C:\ArrocesLlopis\backend\venv\Lib\site-packages\mysql\connector\connection_cext.py", line 781, in cmd_query
    raise get_mysql_exception(
sqlalchemy.exc.ProgrammingError: (mysql.connector.errors.ProgrammingError) 1054 (42S22): Unknown column 'pedidos.local_domicilio' in 'field list'
[SQL: SELECT clientes.id AS clientes_id, clientes.nombre AS clientes_nombre, clientes.latitud AS clientes_latitud, clientes.longitud AS clientes_longitud, clientes.direccion_limpia AS clientes_direccion_limpia, sum(CASE WHEN (pedidos.local_domicilio = false) THEN %(param_1)s ELSE %(param_2)s END) AS pedidos_local, sum(CASE WHEN (pedidos.local_domicilio = true) THEN %(param_3)s ELSE %(param_4)s END) AS pedidos_reparto, sum(pedidos.pax) AS total_raciones 
FROM clientes INNER JOIN pedidos ON pedidos.cliente_id = clientes.id 
WHERE date(pedidos.fecha_pedido) >= %(date_1)s AND date(pedidos.fecha_pedido) <= %(date_2)s AND pedidos.deleted_at IS NULL AND pedidos.status != %(status_1)s AND clientes.latitud IS NOT NULL AND clientes.longitud IS NOT NULL GROUP BY clientes.id]
[parameters: {'param_1': 1, 'param_2': 0, 'param_3': 1, 'param_4': 0, 'date_1': datetime.date(2026, 3, 1), 'date_2': datetime.date(2026, 3, 31), 'status_1': 'cancelado'}]
(Background on this error at: https://sqlalche.me/e/20/f405)

2026-03-09 01:59:40,736 | ERROR    | app | Unhandled Exception on GET /api/v1/stats/mapa: (mysql.connector.errors.ProgrammingError) 1054 (42S22): Unknown column 'pedidos.local_domicilio' in 'field list'
[SQL: SELECT clientes.id AS clientes_id, clientes.nombre AS clientes_nombre, clientes.latitud AS clientes_latitud, clientes.longitud AS clientes_longitud, clientes.direccion_limpia AS clientes_direccion_limpia, sum(CASE WHEN (pedidos.local_domicilio = false) THEN %(param_1)s ELSE %(param_2)s END) AS pedidos_local, sum(CASE WHEN (pedidos.local_domicilio = true) THEN %(param_3)s ELSE %(param_4)s END) AS pedidos_reparto, sum(pedidos.pax) AS total_raciones 
FROM clientes INNER JOIN pedidos ON pedidos.cliente_id = clientes.id 
WHERE date(pedidos.fecha_pedido) >= %(date_1)s AND date(pedidos.fecha_pedido) <= %(date_2)s AND pedidos.deleted_at IS NULL AND pedidos.status != %(status_1)s AND clientes.latitud IS NOT NULL AND clientes.longitud IS NOT NULL GROUP BY clientes.id]
[parameters: {'param_1': 1, 'param_2': 0, 'param_3': 1, 'param_4': 0, 'date_1': datetime.date(2026, 3, 1), 'date_2': datetime.date(2026, 3, 31), 'status_1': 'cancelado'}]
(Background on this error at: https://sqlalche.me/e/20/f405)
Traceback (most recent call last):
  File "C:\ArrocesLlopis\backend\venv\Lib\site-packages\mysql\connector\connection_cext.py", line 772, in cmd_query
    self._cmysql.query(
_mysql_connector.MySQLInterfaceError: Unknown column 'pedidos.local_domicilio' in 'field list'

The above exception was the direct cause of the following exception:

Traceback (most recent call last):
  File "C:\ArrocesLlopis\backend\venv\Lib\site-packages\sqlalchemy\engine\base.py", line 1967, in _exec_single_context
    self.dialect.do_execute(
  File "C:\ArrocesLlopis\backend\venv\Lib\site-packages\sqlalchemy\engine\default.py", line 952, in do_execute
    cursor.execute(statement, parameters)
  File "C:\ArrocesLlopis\backend\venv\Lib\site-packages\mysql\connector\cursor_cext.py", line 353, in execute
    self._connection.cmd_query(
  File "C:\ArrocesLlopis\backend\venv\Lib\site-packages\mysql\connector\opentelemetry\context_propagation.py", line 97, in wrapper
    return method(cnx, *args, **kwargs)
           ^^^^^^^^^^^^^^^^^^^^^^^^^^^^
  File "C:\ArrocesLlopis\backend\venv\Lib\site-packages\mysql\connector\connection_cext.py", line 781, in cmd_query
    raise get_mysql_exception(
mysql.connector.errors.ProgrammingError: 1054 (42S22): Unknown column 'pedidos.local_domicilio' in 'field list'

The above exception was the direct cause of the following exception:

Traceback (most recent call last):
  File "C:\ArrocesLlopis\backend\venv\Lib\site-packages\flask\app.py", line 1514, in wsgi_app
    response = self.handle_exception(e)
               ^^^^^^^^^^^^^^^^^^^^^^^^
  File "C:\ArrocesLlopis\backend\venv\Lib\site-packages\flask_cors\extension.py", line 176, in wrapped_function
    return cors_after_request(app.make_response(f(*args, **kwargs)))
                                                ^^^^^^^^^^^^^^^^^^
  File "C:\ArrocesLlopis\backend\venv\Lib\site-packages\flask\app.py", line 1511, in wsgi_app
    response = self.full_dispatch_request()
               ^^^^^^^^^^^^^^^^^^^^^^^^^^^^
  File "C:\ArrocesLlopis\backend\venv\Lib\site-packages\flask\app.py", line 919, in full_dispatch_request
    rv = self.handle_user_exception(e)
         ^^^^^^^^^^^^^^^^^^^^^^^^^^^^^
  File "C:\ArrocesLlopis\backend\venv\Lib\site-packages\flask_cors\extension.py", line 176, in wrapped_function
    return cors_after_request(app.make_response(f(*args, **kwargs)))
                                                ^^^^^^^^^^^^^^^^^^
  File "C:\ArrocesLlopis\backend\venv\Lib\site-packages\flask\app.py", line 917, in full_dispatch_request
    rv = self.dispatch_request()
         ^^^^^^^^^^^^^^^^^^^^^^^
  File "C:\ArrocesLlopis\backend\venv\Lib\site-packages\flask\app.py", line 902, in dispatch_request
    return self.ensure_sync(self.view_functions[rule.endpoint])(**view_args)  # type: ignore[no-any-return]
           ^^^^^^^^^^^^^^^^^^^^^^^^^^^^^^^^^^^^^^^^^^^^^^^^^^^^^^^^^^^^^^^^^
  File "C:\ArrocesLlopis\backend\app\auth.py", line 71, in decorated
    return f(*args, **kwargs)
           ^^^^^^^^^^^^^^^^^^
  File "C:\ArrocesLlopis\backend\app\auth.py", line 85, in decorated_function
    return f(*args, **kwargs)
           ^^^^^^^^^^^^^^^^^^
  File "C:\ArrocesLlopis\backend\app\routes\stats.py", line 474, in stats_mapa
    "current":  {"label": format_label(year,     period, month, quarter, semester), "data": query_mapa(curr_start, curr_end)},
                                                                                            ^^^^^^^^^^^^^^^^^^^^^^^^^^^^^^^^
  File "C:\ArrocesLlopis\backend\app\routes\stats.py", line 458, in query_mapa
    ).group_by(Cliente.id).all()
                           ^^^^^
  File "C:\ArrocesLlopis\backend\venv\Lib\site-packages\sqlalchemy\orm\query.py", line 2704, in all
    return self._iter().all()  # type: ignore
           ^^^^^^^^^^^^
  File "C:\ArrocesLlopis\backend\venv\Lib\site-packages\sqlalchemy\orm\query.py", line 2857, in _iter
    result: Union[ScalarResult[_T], Result[_T]] = self.session.execute(
                                                  ^^^^^^^^^^^^^^^^^^^^^
  File "C:\ArrocesLlopis\backend\venv\Lib\site-packages\sqlalchemy\orm\session.py", line 2351, in execute
    return self._execute_internal(
           ^^^^^^^^^^^^^^^^^^^^^^^
  File "C:\ArrocesLlopis\backend\venv\Lib\site-packages\sqlalchemy\orm\session.py", line 2249, in _execute_internal
    result: Result[Any] = compile_state_cls.orm_execute_statement(
                          ^^^^^^^^^^^^^^^^^^^^^^^^^^^^^^^^^^^^^^^^
  File "C:\ArrocesLlopis\backend\venv\Lib\site-packages\sqlalchemy\orm\context.py", line 306, in orm_execute_statement
    result = conn.execute(
             ^^^^^^^^^^^^^
  File "C:\ArrocesLlopis\backend\venv\Lib\site-packages\sqlalchemy\engine\base.py", line 1419, in execute
    return meth(
           ^^^^^
  File "C:\ArrocesLlopis\backend\venv\Lib\site-packages\sqlalchemy\sql\elements.py", line 527, in _execute_on_connection
    return connection._execute_clauseelement(
           ^^^^^^^^^^^^^^^^^^^^^^^^^^^^^^^^^^
  File "C:\ArrocesLlopis\backend\venv\Lib\site-packages\sqlalchemy\engine\base.py", line 1641, in _execute_clauseelement
    ret = self._execute_context(
          ^^^^^^^^^^^^^^^^^^^^^^
  File "C:\ArrocesLlopis\backend\venv\Lib\site-packages\sqlalchemy\engine\base.py", line 1846, in _execute_context
    return self._exec_single_context(
           ^^^^^^^^^^^^^^^^^^^^^^^^^^
  File "C:\ArrocesLlopis\backend\venv\Lib\site-packages\sqlalchemy\engine\base.py", line 1986, in _exec_single_context
    self._handle_dbapi_exception(
  File "C:\ArrocesLlopis\backend\venv\Lib\site-packages\sqlalchemy\engine\base.py", line 2363, in _handle_dbapi_exception
    raise sqlalchemy_exception.with_traceback(exc_info[2]) from e
  File "C:\ArrocesLlopis\backend\venv\Lib\site-packages\sqlalchemy\engine\base.py", line 1967, in _exec_single_context
    self.dialect.do_execute(
  File "C:\ArrocesLlopis\backend\venv\Lib\site-packages\sqlalchemy\engine\default.py", line 952, in do_execute
    cursor.execute(statement, parameters)
  File "C:\ArrocesLlopis\backend\venv\Lib\site-packages\mysql\connector\cursor_cext.py", line 353, in execute
    self._connection.cmd_query(
  File "C:\ArrocesLlopis\backend\venv\Lib\site-packages\mysql\connector\opentelemetry\context_propagation.py", line 97, in wrapper
    return method(cnx, *args, **kwargs)
           ^^^^^^^^^^^^^^^^^^^^^^^^^^^^
  File "C:\ArrocesLlopis\backend\venv\Lib\site-packages\mysql\connector\connection_cext.py", line 781, in cmd_query
    raise get_mysql_exception(
sqlalchemy.exc.ProgrammingError: (mysql.connector.errors.ProgrammingError) 1054 (42S22): Unknown column 'pedidos.local_domicilio' in 'field list'
[SQL: SELECT clientes.id AS clientes_id, clientes.nombre AS clientes_nombre, clientes.latitud AS clientes_latitud, clientes.longitud AS clientes_longitud, clientes.direccion_limpia AS clientes_direccion_limpia, sum(CASE WHEN (pedidos.local_domicilio = false) THEN %(param_1)s ELSE %(param_2)s END) AS pedidos_local, sum(CASE WHEN (pedidos.local_domicilio = true) THEN %(param_3)s ELSE %(param_4)s END) AS pedidos_reparto, sum(pedidos.pax) AS total_raciones 
FROM clientes INNER JOIN pedidos ON pedidos.cliente_id = clientes.id 
WHERE date(pedidos.fecha_pedido) >= %(date_1)s AND date(pedidos.fecha_pedido) <= %(date_2)s AND pedidos.deleted_at IS NULL AND pedidos.status != %(status_1)s AND clientes.latitud IS NOT NULL AND clientes.longitud IS NOT NULL GROUP BY clientes.id]
[parameters: {'param_1': 1, 'param_2': 0, 'param_3': 1, 'param_4': 0, 'date_1': datetime.date(2026, 3, 1), 'date_2': datetime.date(2026, 3, 31), 'status_1': 'cancelado'}]
(Background on this error at: https://sqlalche.me/e/20/f405)

2026-03-09 02:00:36,211 | INFO     | app | [OPTIONS] /api/v1/stats/mapa - Status: 200 - Duration: 0.0s - IP: 127.0.0.1 - User: Anonymous
2026-03-09 02:00:36,539 | ERROR    | app | Unhandled Exception on GET /api/v1/stats/mapa: (mysql.connector.errors.ProgrammingError) 1054 (42S22): Unknown column 'pedidos.local_domicilio' in 'field list'
[SQL: SELECT clientes.id AS clientes_id, clientes.nombre AS clientes_nombre, clientes.latitud AS clientes_latitud, clientes.longitud AS clientes_longitud, clientes.direccion_limpia AS clientes_direccion_limpia, sum(CASE WHEN (pedidos.local_domicilio = false) THEN %(param_1)s ELSE %(param_2)s END) AS pedidos_local, sum(CASE WHEN (pedidos.local_domicilio = true) THEN %(param_3)s ELSE %(param_4)s END) AS pedidos_reparto, sum(pedidos.pax) AS total_raciones 
FROM clientes INNER JOIN pedidos ON pedidos.cliente_id = clientes.id 
WHERE date(pedidos.fecha_pedido) >= %(date_1)s AND date(pedidos.fecha_pedido) <= %(date_2)s AND pedidos.deleted_at IS NULL AND pedidos.status != %(status_1)s AND clientes.latitud IS NOT NULL AND clientes.longitud IS NOT NULL GROUP BY clientes.id]
[parameters: {'param_1': 1, 'param_2': 0, 'param_3': 1, 'param_4': 0, 'date_1': datetime.date(2026, 1, 1), 'date_2': datetime.date(2026, 3, 31), 'status_1': 'cancelado'}]
(Background on this error at: https://sqlalche.me/e/20/f405)
Traceback (most recent call last):
  File "C:\ArrocesLlopis\backend\venv\Lib\site-packages\mysql\connector\connection_cext.py", line 772, in cmd_query
    self._cmysql.query(
_mysql_connector.MySQLInterfaceError: Unknown column 'pedidos.local_domicilio' in 'field list'

The above exception was the direct cause of the following exception:

Traceback (most recent call last):
  File "C:\ArrocesLlopis\backend\venv\Lib\site-packages\sqlalchemy\engine\base.py", line 1967, in _exec_single_context
    self.dialect.do_execute(
  File "C:\ArrocesLlopis\backend\venv\Lib\site-packages\sqlalchemy\engine\default.py", line 952, in do_execute
    cursor.execute(statement, parameters)
  File "C:\ArrocesLlopis\backend\venv\Lib\site-packages\mysql\connector\cursor_cext.py", line 353, in execute
    self._connection.cmd_query(
  File "C:\ArrocesLlopis\backend\venv\Lib\site-packages\mysql\connector\opentelemetry\context_propagation.py", line 97, in wrapper
    return method(cnx, *args, **kwargs)
           ^^^^^^^^^^^^^^^^^^^^^^^^^^^^
  File "C:\ArrocesLlopis\backend\venv\Lib\site-packages\mysql\connector\connection_cext.py", line 781, in cmd_query
    raise get_mysql_exception(
mysql.connector.errors.ProgrammingError: 1054 (42S22): Unknown column 'pedidos.local_domicilio' in 'field list'

The above exception was the direct cause of the following exception:

Traceback (most recent call last):
  File "C:\ArrocesLlopis\backend\venv\Lib\site-packages\flask\app.py", line 1514, in wsgi_app
    response = self.handle_exception(e)
               ^^^^^^^^^^^^^^^^^^^^^^^^
  File "C:\ArrocesLlopis\backend\venv\Lib\site-packages\flask_cors\extension.py", line 176, in wrapped_function
    return cors_after_request(app.make_response(f(*args, **kwargs)))
                                                ^^^^^^^^^^^^^^^^^^
  File "C:\ArrocesLlopis\backend\venv\Lib\site-packages\flask\app.py", line 1511, in wsgi_app
    response = self.full_dispatch_request()
               ^^^^^^^^^^^^^^^^^^^^^^^^^^^^
  File "C:\ArrocesLlopis\backend\venv\Lib\site-packages\flask\app.py", line 919, in full_dispatch_request
    rv = self.handle_user_exception(e)
         ^^^^^^^^^^^^^^^^^^^^^^^^^^^^^
  File "C:\ArrocesLlopis\backend\venv\Lib\site-packages\flask_cors\extension.py", line 176, in wrapped_function
    return cors_after_request(app.make_response(f(*args, **kwargs)))
                                                ^^^^^^^^^^^^^^^^^^
  File "C:\ArrocesLlopis\backend\venv\Lib\site-packages\flask\app.py", line 917, in full_dispatch_request
    rv = self.dispatch_request()
         ^^^^^^^^^^^^^^^^^^^^^^^
  File "C:\ArrocesLlopis\backend\venv\Lib\site-packages\flask\app.py", line 902, in dispatch_request
    return self.ensure_sync(self.view_functions[rule.endpoint])(**view_args)  # type: ignore[no-any-return]
           ^^^^^^^^^^^^^^^^^^^^^^^^^^^^^^^^^^^^^^^^^^^^^^^^^^^^^^^^^^^^^^^^^
  File "C:\ArrocesLlopis\backend\app\auth.py", line 71, in decorated
    return f(*args, **kwargs)
           ^^^^^^^^^^^^^^^^^^
  File "C:\ArrocesLlopis\backend\app\auth.py", line 85, in decorated_function
    return f(*args, **kwargs)
           ^^^^^^^^^^^^^^^^^^
  File "C:\ArrocesLlopis\backend\app\routes\stats.py", line 474, in stats_mapa
    "current":  {"label": format_label(year,     period, month, quarter, semester), "data": query_mapa(curr_start, curr_end)},
                                                                                            ^^^^^^^^^^^^^^^^^^^^^^^^^^^^^^^^
  File "C:\ArrocesLlopis\backend\app\routes\stats.py", line 458, in query_mapa
    ).group_by(Cliente.id).all()
                           ^^^^^
  File "C:\ArrocesLlopis\backend\venv\Lib\site-packages\sqlalchemy\orm\query.py", line 2704, in all
    return self._iter().all()  # type: ignore
           ^^^^^^^^^^^^
  File "C:\ArrocesLlopis\backend\venv\Lib\site-packages\sqlalchemy\orm\query.py", line 2857, in _iter
    result: Union[ScalarResult[_T], Result[_T]] = self.session.execute(
                                                  ^^^^^^^^^^^^^^^^^^^^^
  File "C:\ArrocesLlopis\backend\venv\Lib\site-packages\sqlalchemy\orm\session.py", line 2351, in execute
    return self._execute_internal(
           ^^^^^^^^^^^^^^^^^^^^^^^
  File "C:\ArrocesLlopis\backend\venv\Lib\site-packages\sqlalchemy\orm\session.py", line 2249, in _execute_internal
    result: Result[Any] = compile_state_cls.orm_execute_statement(
                          ^^^^^^^^^^^^^^^^^^^^^^^^^^^^^^^^^^^^^^^^
  File "C:\ArrocesLlopis\backend\venv\Lib\site-packages\sqlalchemy\orm\context.py", line 306, in orm_execute_statement
    result = conn.execute(
             ^^^^^^^^^^^^^
  File "C:\ArrocesLlopis\backend\venv\Lib\site-packages\sqlalchemy\engine\base.py", line 1419, in execute
    return meth(
           ^^^^^
  File "C:\ArrocesLlopis\backend\venv\Lib\site-packages\sqlalchemy\sql\elements.py", line 527, in _execute_on_connection
    return connection._execute_clauseelement(
           ^^^^^^^^^^^^^^^^^^^^^^^^^^^^^^^^^^
  File "C:\ArrocesLlopis\backend\venv\Lib\site-packages\sqlalchemy\engine\base.py", line 1641, in _execute_clauseelement
    ret = self._execute_context(
          ^^^^^^^^^^^^^^^^^^^^^^
  File "C:\ArrocesLlopis\backend\venv\Lib\site-packages\sqlalchemy\engine\base.py", line 1846, in _execute_context
    return self._exec_single_context(
           ^^^^^^^^^^^^^^^^^^^^^^^^^^
  File "C:\ArrocesLlopis\backend\venv\Lib\site-packages\sqlalchemy\engine\base.py", line 1986, in _exec_single_context
    self._handle_dbapi_exception(
  File "C:\ArrocesLlopis\backend\venv\Lib\site-packages\sqlalchemy\engine\base.py", line 2363, in _handle_dbapi_exception
    raise sqlalchemy_exception.with_traceback(exc_info[2]) from e
  File "C:\ArrocesLlopis\backend\venv\Lib\site-packages\sqlalchemy\engine\base.py", line 1967, in _exec_single_context
    self.dialect.do_execute(
  File "C:\ArrocesLlopis\backend\venv\Lib\site-packages\sqlalchemy\engine\default.py", line 952, in do_execute
    cursor.execute(statement, parameters)
  File "C:\ArrocesLlopis\backend\venv\Lib\site-packages\mysql\connector\cursor_cext.py", line 353, in execute
    self._connection.cmd_query(
  File "C:\ArrocesLlopis\backend\venv\Lib\site-packages\mysql\connector\opentelemetry\context_propagation.py", line 97, in wrapper
    return method(cnx, *args, **kwargs)
           ^^^^^^^^^^^^^^^^^^^^^^^^^^^^
  File "C:\ArrocesLlopis\backend\venv\Lib\site-packages\mysql\connector\connection_cext.py", line 781, in cmd_query
    raise get_mysql_exception(
sqlalchemy.exc.ProgrammingError: (mysql.connector.errors.ProgrammingError) 1054 (42S22): Unknown column 'pedidos.local_domicilio' in 'field list'
[SQL: SELECT clientes.id AS clientes_id, clientes.nombre AS clientes_nombre, clientes.latitud AS clientes_latitud, clientes.longitud AS clientes_longitud, clientes.direccion_limpia AS clientes_direccion_limpia, sum(CASE WHEN (pedidos.local_domicilio = false) THEN %(param_1)s ELSE %(param_2)s END) AS pedidos_local, sum(CASE WHEN (pedidos.local_domicilio = true) THEN %(param_3)s ELSE %(param_4)s END) AS pedidos_reparto, sum(pedidos.pax) AS total_raciones 
FROM clientes INNER JOIN pedidos ON pedidos.cliente_id = clientes.id 
WHERE date(pedidos.fecha_pedido) >= %(date_1)s AND date(pedidos.fecha_pedido) <= %(date_2)s AND pedidos.deleted_at IS NULL AND pedidos.status != %(status_1)s AND clientes.latitud IS NOT NULL AND clientes.longitud IS NOT NULL GROUP BY clientes.id]
[parameters: {'param_1': 1, 'param_2': 0, 'param_3': 1, 'param_4': 0, 'date_1': datetime.date(2026, 1, 1), 'date_2': datetime.date(2026, 3, 31), 'status_1': 'cancelado'}]
(Background on this error at: https://sqlalche.me/e/20/f405)

2026-03-09 02:00:37,160 | INFO     | app | [OPTIONS] /api/v1/stats/mapa - Status: 200 - Duration: 0.0s - IP: 127.0.0.1 - User: Anonymous
2026-03-09 02:00:37,489 | ERROR    | app | Unhandled Exception on GET /api/v1/stats/mapa: (mysql.connector.errors.ProgrammingError) 1054 (42S22): Unknown column 'pedidos.local_domicilio' in 'field list'
[SQL: SELECT clientes.id AS clientes_id, clientes.nombre AS clientes_nombre, clientes.latitud AS clientes_latitud, clientes.longitud AS clientes_longitud, clientes.direccion_limpia AS clientes_direccion_limpia, sum(CASE WHEN (pedidos.local_domicilio = false) THEN %(param_1)s ELSE %(param_2)s END) AS pedidos_local, sum(CASE WHEN (pedidos.local_domicilio = true) THEN %(param_3)s ELSE %(param_4)s END) AS pedidos_reparto, sum(pedidos.pax) AS total_raciones 
FROM clientes INNER JOIN pedidos ON pedidos.cliente_id = clientes.id 
WHERE date(pedidos.fecha_pedido) >= %(date_1)s AND date(pedidos.fecha_pedido) <= %(date_2)s AND pedidos.deleted_at IS NULL AND pedidos.status != %(status_1)s AND clientes.latitud IS NOT NULL AND clientes.longitud IS NOT NULL GROUP BY clientes.id]
[parameters: {'param_1': 1, 'param_2': 0, 'param_3': 1, 'param_4': 0, 'date_1': datetime.date(2026, 3, 1), 'date_2': datetime.date(2026, 3, 31), 'status_1': 'cancelado'}]
(Background on this error at: https://sqlalche.me/e/20/f405)
Traceback (most recent call last):
  File "C:\ArrocesLlopis\backend\venv\Lib\site-packages\mysql\connector\connection_cext.py", line 772, in cmd_query
    self._cmysql.query(
_mysql_connector.MySQLInterfaceError: Unknown column 'pedidos.local_domicilio' in 'field list'

The above exception was the direct cause of the following exception:

Traceback (most recent call last):
  File "C:\ArrocesLlopis\backend\venv\Lib\site-packages\sqlalchemy\engine\base.py", line 1967, in _exec_single_context
    self.dialect.do_execute(
  File "C:\ArrocesLlopis\backend\venv\Lib\site-packages\sqlalchemy\engine\default.py", line 952, in do_execute
    cursor.execute(statement, parameters)
  File "C:\ArrocesLlopis\backend\venv\Lib\site-packages\mysql\connector\cursor_cext.py", line 353, in execute
    self._connection.cmd_query(
  File "C:\ArrocesLlopis\backend\venv\Lib\site-packages\mysql\connector\opentelemetry\context_propagation.py", line 97, in wrapper
    return method(cnx, *args, **kwargs)
           ^^^^^^^^^^^^^^^^^^^^^^^^^^^^
  File "C:\ArrocesLlopis\backend\venv\Lib\site-packages\mysql\connector\connection_cext.py", line 781, in cmd_query
    raise get_mysql_exception(
mysql.connector.errors.ProgrammingError: 1054 (42S22): Unknown column 'pedidos.local_domicilio' in 'field list'

The above exception was the direct cause of the following exception:

Traceback (most recent call last):
  File "C:\ArrocesLlopis\backend\venv\Lib\site-packages\flask\app.py", line 1514, in wsgi_app
    response = self.handle_exception(e)
               ^^^^^^^^^^^^^^^^^^^^^^^^
  File "C:\ArrocesLlopis\backend\venv\Lib\site-packages\flask_cors\extension.py", line 176, in wrapped_function
    return cors_after_request(app.make_response(f(*args, **kwargs)))
                                                ^^^^^^^^^^^^^^^^^^
  File "C:\ArrocesLlopis\backend\venv\Lib\site-packages\flask\app.py", line 1511, in wsgi_app
    response = self.full_dispatch_request()
               ^^^^^^^^^^^^^^^^^^^^^^^^^^^^
  File "C:\ArrocesLlopis\backend\venv\Lib\site-packages\flask\app.py", line 919, in full_dispatch_request
    rv = self.handle_user_exception(e)
         ^^^^^^^^^^^^^^^^^^^^^^^^^^^^^
  File "C:\ArrocesLlopis\backend\venv\Lib\site-packages\flask_cors\extension.py", line 176, in wrapped_function
    return cors_after_request(app.make_response(f(*args, **kwargs)))
                                                ^^^^^^^^^^^^^^^^^^
  File "C:\ArrocesLlopis\backend\venv\Lib\site-packages\flask\app.py", line 917, in full_dispatch_request
    rv = self.dispatch_request()
         ^^^^^^^^^^^^^^^^^^^^^^^
  File "C:\ArrocesLlopis\backend\venv\Lib\site-packages\flask\app.py", line 902, in dispatch_request
    return self.ensure_sync(self.view_functions[rule.endpoint])(**view_args)  # type: ignore[no-any-return]
           ^^^^^^^^^^^^^^^^^^^^^^^^^^^^^^^^^^^^^^^^^^^^^^^^^^^^^^^^^^^^^^^^^
  File "C:\ArrocesLlopis\backend\app\auth.py", line 71, in decorated
    return f(*args, **kwargs)
           ^^^^^^^^^^^^^^^^^^
  File "C:\ArrocesLlopis\backend\app\auth.py", line 85, in decorated_function
    return f(*args, **kwargs)
           ^^^^^^^^^^^^^^^^^^
  File "C:\ArrocesLlopis\backend\app\routes\stats.py", line 474, in stats_mapa
    "current":  {"label": format_label(year,     period, month, quarter, semester), "data": query_mapa(curr_start, curr_end)},
                                                                                            ^^^^^^^^^^^^^^^^^^^^^^^^^^^^^^^^
  File "C:\ArrocesLlopis\backend\app\routes\stats.py", line 458, in query_mapa
    ).group_by(Cliente.id).all()
                           ^^^^^
  File "C:\ArrocesLlopis\backend\venv\Lib\site-packages\sqlalchemy\orm\query.py", line 2704, in all
    return self._iter().all()  # type: ignore
           ^^^^^^^^^^^^
  File "C:\ArrocesLlopis\backend\venv\Lib\site-packages\sqlalchemy\orm\query.py", line 2857, in _iter
    result: Union[ScalarResult[_T], Result[_T]] = self.session.execute(
                                                  ^^^^^^^^^^^^^^^^^^^^^
  File "C:\ArrocesLlopis\backend\venv\Lib\site-packages\sqlalchemy\orm\session.py", line 2351, in execute
    return self._execute_internal(
           ^^^^^^^^^^^^^^^^^^^^^^^
  File "C:\ArrocesLlopis\backend\venv\Lib\site-packages\sqlalchemy\orm\session.py", line 2249, in _execute_internal
    result: Result[Any] = compile_state_cls.orm_execute_statement(
                          ^^^^^^^^^^^^^^^^^^^^^^^^^^^^^^^^^^^^^^^^
  File "C:\ArrocesLlopis\backend\venv\Lib\site-packages\sqlalchemy\orm\context.py", line 306, in orm_execute_statement
    result = conn.execute(
             ^^^^^^^^^^^^^
  File "C:\ArrocesLlopis\backend\venv\Lib\site-packages\sqlalchemy\engine\base.py", line 1419, in execute
    return meth(
           ^^^^^
  File "C:\ArrocesLlopis\backend\venv\Lib\site-packages\sqlalchemy\sql\elements.py", line 527, in _execute_on_connection
    return connection._execute_clauseelement(
           ^^^^^^^^^^^^^^^^^^^^^^^^^^^^^^^^^^
  File "C:\ArrocesLlopis\backend\venv\Lib\site-packages\sqlalchemy\engine\base.py", line 1641, in _execute_clauseelement
    ret = self._execute_context(
          ^^^^^^^^^^^^^^^^^^^^^^
  File "C:\ArrocesLlopis\backend\venv\Lib\site-packages\sqlalchemy\engine\base.py", line 1846, in _execute_context
    return self._exec_single_context(
           ^^^^^^^^^^^^^^^^^^^^^^^^^^
  File "C:\ArrocesLlopis\backend\venv\Lib\site-packages\sqlalchemy\engine\base.py", line 1986, in _exec_single_context
    self._handle_dbapi_exception(
  File "C:\ArrocesLlopis\backend\venv\Lib\site-packages\sqlalchemy\engine\base.py", line 2363, in _handle_dbapi_exception
    raise sqlalchemy_exception.with_traceback(exc_info[2]) from e
  File "C:\ArrocesLlopis\backend\venv\Lib\site-packages\sqlalchemy\engine\base.py", line 1967, in _exec_single_context
    self.dialect.do_execute(
  File "C:\ArrocesLlopis\backend\venv\Lib\site-packages\sqlalchemy\engine\default.py", line 952, in do_execute
    cursor.execute(statement, parameters)
  File "C:\ArrocesLlopis\backend\venv\Lib\site-packages\mysql\connector\cursor_cext.py", line 353, in execute
    self._connection.cmd_query(
  File "C:\ArrocesLlopis\backend\venv\Lib\site-packages\mysql\connector\opentelemetry\context_propagation.py", line 97, in wrapper
    return method(cnx, *args, **kwargs)
           ^^^^^^^^^^^^^^^^^^^^^^^^^^^^
  File "C:\ArrocesLlopis\backend\venv\Lib\site-packages\mysql\connector\connection_cext.py", line 781, in cmd_query
    raise get_mysql_exception(
sqlalchemy.exc.ProgrammingError: (mysql.connector.errors.ProgrammingError) 1054 (42S22): Unknown column 'pedidos.local_domicilio' in 'field list'
[SQL: SELECT clientes.id AS clientes_id, clientes.nombre AS clientes_nombre, clientes.latitud AS clientes_latitud, clientes.longitud AS clientes_longitud, clientes.direccion_limpia AS clientes_direccion_limpia, sum(CASE WHEN (pedidos.local_domicilio = false) THEN %(param_1)s ELSE %(param_2)s END) AS pedidos_local, sum(CASE WHEN (pedidos.local_domicilio = true) THEN %(param_3)s ELSE %(param_4)s END) AS pedidos_reparto, sum(pedidos.pax) AS total_raciones 
FROM clientes INNER JOIN pedidos ON pedidos.cliente_id = clientes.id 
WHERE date(pedidos.fecha_pedido) >= %(date_1)s AND date(pedidos.fecha_pedido) <= %(date_2)s AND pedidos.deleted_at IS NULL AND pedidos.status != %(status_1)s AND clientes.latitud IS NOT NULL AND clientes.longitud IS NOT NULL GROUP BY clientes.id]
[parameters: {'param_1': 1, 'param_2': 0, 'param_3': 1, 'param_4': 0, 'date_1': datetime.date(2026, 3, 1), 'date_2': datetime.date(2026, 3, 31), 'status_1': 'cancelado'}]
(Background on this error at: https://sqlalche.me/e/20/f405)

2026-03-09 02:00:44,195 | INFO     | app | [OPTIONS] /api/v1/stats/mapa - Status: 200 - Duration: 0.0s - IP: 127.0.0.1 - User: Anonymous
2026-03-09 02:00:44,532 | ERROR    | app | Unhandled Exception on GET /api/v1/stats/mapa: (mysql.connector.errors.ProgrammingError) 1054 (42S22): Unknown column 'pedidos.local_domicilio' in 'field list'
[SQL: SELECT clientes.id AS clientes_id, clientes.nombre AS clientes_nombre, clientes.latitud AS clientes_latitud, clientes.longitud AS clientes_longitud, clientes.direccion_limpia AS clientes_direccion_limpia, sum(CASE WHEN (pedidos.local_domicilio = false) THEN %(param_1)s ELSE %(param_2)s END) AS pedidos_local, sum(CASE WHEN (pedidos.local_domicilio = true) THEN %(param_3)s ELSE %(param_4)s END) AS pedidos_reparto, sum(pedidos.pax) AS total_raciones 
FROM clientes INNER JOIN pedidos ON pedidos.cliente_id = clientes.id 
WHERE date(pedidos.fecha_pedido) >= %(date_1)s AND date(pedidos.fecha_pedido) <= %(date_2)s AND pedidos.deleted_at IS NULL AND pedidos.status != %(status_1)s AND clientes.latitud IS NOT NULL AND clientes.longitud IS NOT NULL GROUP BY clientes.id]
[parameters: {'param_1': 1, 'param_2': 0, 'param_3': 1, 'param_4': 0, 'date_1': datetime.date(2026, 2, 1), 'date_2': datetime.date(2026, 2, 28), 'status_1': 'cancelado'}]
(Background on this error at: https://sqlalche.me/e/20/f405)
Traceback (most recent call last):
  File "C:\ArrocesLlopis\backend\venv\Lib\site-packages\mysql\connector\connection_cext.py", line 772, in cmd_query
    self._cmysql.query(
_mysql_connector.MySQLInterfaceError: Unknown column 'pedidos.local_domicilio' in 'field list'

The above exception was the direct cause of the following exception:

Traceback (most recent call last):
  File "C:\ArrocesLlopis\backend\venv\Lib\site-packages\sqlalchemy\engine\base.py", line 1967, in _exec_single_context
    self.dialect.do_execute(
  File "C:\ArrocesLlopis\backend\venv\Lib\site-packages\sqlalchemy\engine\default.py", line 952, in do_execute
    cursor.execute(statement, parameters)
  File "C:\ArrocesLlopis\backend\venv\Lib\site-packages\mysql\connector\cursor_cext.py", line 353, in execute
    self._connection.cmd_query(
  File "C:\ArrocesLlopis\backend\venv\Lib\site-packages\mysql\connector\opentelemetry\context_propagation.py", line 97, in wrapper
    return method(cnx, *args, **kwargs)
           ^^^^^^^^^^^^^^^^^^^^^^^^^^^^
  File "C:\ArrocesLlopis\backend\venv\Lib\site-packages\mysql\connector\connection_cext.py", line 781, in cmd_query
    raise get_mysql_exception(
mysql.connector.errors.ProgrammingError: 1054 (42S22): Unknown column 'pedidos.local_domicilio' in 'field list'

The above exception was the direct cause of the following exception:

Traceback (most recent call last):
  File "C:\ArrocesLlopis\backend\venv\Lib\site-packages\flask\app.py", line 1514, in wsgi_app
    response = self.handle_exception(e)
               ^^^^^^^^^^^^^^^^^^^^^^^^
  File "C:\ArrocesLlopis\backend\venv\Lib\site-packages\flask_cors\extension.py", line 176, in wrapped_function
    return cors_after_request(app.make_response(f(*args, **kwargs)))
                                                ^^^^^^^^^^^^^^^^^^
  File "C:\ArrocesLlopis\backend\venv\Lib\site-packages\flask\app.py", line 1511, in wsgi_app
    response = self.full_dispatch_request()
               ^^^^^^^^^^^^^^^^^^^^^^^^^^^^
  File "C:\ArrocesLlopis\backend\venv\Lib\site-packages\flask\app.py", line 919, in full_dispatch_request
    rv = self.handle_user_exception(e)
         ^^^^^^^^^^^^^^^^^^^^^^^^^^^^^
  File "C:\ArrocesLlopis\backend\venv\Lib\site-packages\flask_cors\extension.py", line 176, in wrapped_function
    return cors_after_request(app.make_response(f(*args, **kwargs)))
                                                ^^^^^^^^^^^^^^^^^^
  File "C:\ArrocesLlopis\backend\venv\Lib\site-packages\flask\app.py", line 917, in full_dispatch_request
    rv = self.dispatch_request()
         ^^^^^^^^^^^^^^^^^^^^^^^
  File "C:\ArrocesLlopis\backend\venv\Lib\site-packages\flask\app.py", line 902, in dispatch_request
    return self.ensure_sync(self.view_functions[rule.endpoint])(**view_args)  # type: ignore[no-any-return]
           ^^^^^^^^^^^^^^^^^^^^^^^^^^^^^^^^^^^^^^^^^^^^^^^^^^^^^^^^^^^^^^^^^
  File "C:\ArrocesLlopis\backend\app\auth.py", line 71, in decorated
    return f(*args, **kwargs)
           ^^^^^^^^^^^^^^^^^^
  File "C:\ArrocesLlopis\backend\app\auth.py", line 85, in decorated_function
    return f(*args, **kwargs)
           ^^^^^^^^^^^^^^^^^^
  File "C:\ArrocesLlopis\backend\app\routes\stats.py", line 474, in stats_mapa
    "current":  {"label": format_label(year,     period, month, quarter, semester), "data": query_mapa(curr_start, curr_end)},
                                                                                            ^^^^^^^^^^^^^^^^^^^^^^^^^^^^^^^^
  File "C:\ArrocesLlopis\backend\app\routes\stats.py", line 458, in query_mapa
    ).group_by(Cliente.id).all()
                           ^^^^^
  File "C:\ArrocesLlopis\backend\venv\Lib\site-packages\sqlalchemy\orm\query.py", line 2704, in all
    return self._iter().all()  # type: ignore
           ^^^^^^^^^^^^
  File "C:\ArrocesLlopis\backend\venv\Lib\site-packages\sqlalchemy\orm\query.py", line 2857, in _iter
    result: Union[ScalarResult[_T], Result[_T]] = self.session.execute(
                                                  ^^^^^^^^^^^^^^^^^^^^^
  File "C:\ArrocesLlopis\backend\venv\Lib\site-packages\sqlalchemy\orm\session.py", line 2351, in execute
    return self._execute_internal(
           ^^^^^^^^^^^^^^^^^^^^^^^
  File "C:\ArrocesLlopis\backend\venv\Lib\site-packages\sqlalchemy\orm\session.py", line 2249, in _execute_internal
    result: Result[Any] = compile_state_cls.orm_execute_statement(
                          ^^^^^^^^^^^^^^^^^^^^^^^^^^^^^^^^^^^^^^^^
  File "C:\ArrocesLlopis\backend\venv\Lib\site-packages\sqlalchemy\orm\context.py", line 306, in orm_execute_statement
    result = conn.execute(
             ^^^^^^^^^^^^^
  File "C:\ArrocesLlopis\backend\venv\Lib\site-packages\sqlalchemy\engine\base.py", line 1419, in execute
    return meth(
           ^^^^^
  File "C:\ArrocesLlopis\backend\venv\Lib\site-packages\sqlalchemy\sql\elements.py", line 527, in _execute_on_connection
    return connection._execute_clauseelement(
           ^^^^^^^^^^^^^^^^^^^^^^^^^^^^^^^^^^
  File "C:\ArrocesLlopis\backend\venv\Lib\site-packages\sqlalchemy\engine\base.py", line 1641, in _execute_clauseelement
    ret = self._execute_context(
          ^^^^^^^^^^^^^^^^^^^^^^
  File "C:\ArrocesLlopis\backend\venv\Lib\site-packages\sqlalchemy\engine\base.py", line 1846, in _execute_context
    return self._exec_single_context(
           ^^^^^^^^^^^^^^^^^^^^^^^^^^
  File "C:\ArrocesLlopis\backend\venv\Lib\site-packages\sqlalchemy\engine\base.py", line 1986, in _exec_single_context
    self._handle_dbapi_exception(
  File "C:\ArrocesLlopis\backend\venv\Lib\site-packages\sqlalchemy\engine\base.py", line 2363, in _handle_dbapi_exception
    raise sqlalchemy_exception.with_traceback(exc_info[2]) from e
  File "C:\ArrocesLlopis\backend\venv\Lib\site-packages\sqlalchemy\engine\base.py", line 1967, in _exec_single_context
    self.dialect.do_execute(
  File "C:\ArrocesLlopis\backend\venv\Lib\site-packages\sqlalchemy\engine\default.py", line 952, in do_execute
    cursor.execute(statement, parameters)
  File "C:\ArrocesLlopis\backend\venv\Lib\site-packages\mysql\connector\cursor_cext.py", line 353, in execute
    self._connection.cmd_query(
  File "C:\ArrocesLlopis\backend\venv\Lib\site-packages\mysql\connector\opentelemetry\context_propagation.py", line 97, in wrapper
    return method(cnx, *args, **kwargs)
           ^^^^^^^^^^^^^^^^^^^^^^^^^^^^
  File "C:\ArrocesLlopis\backend\venv\Lib\site-packages\mysql\connector\connection_cext.py", line 781, in cmd_query
    raise get_mysql_exception(
sqlalchemy.exc.ProgrammingError: (mysql.connector.errors.ProgrammingError) 1054 (42S22): Unknown column 'pedidos.local_domicilio' in 'field list'
[SQL: SELECT clientes.id AS clientes_id, clientes.nombre AS clientes_nombre, clientes.latitud AS clientes_latitud, clientes.longitud AS clientes_longitud, clientes.direccion_limpia AS clientes_direccion_limpia, sum(CASE WHEN (pedidos.local_domicilio = false) THEN %(param_1)s ELSE %(param_2)s END) AS pedidos_local, sum(CASE WHEN (pedidos.local_domicilio = true) THEN %(param_3)s ELSE %(param_4)s END) AS pedidos_reparto, sum(pedidos.pax) AS total_raciones 
FROM clientes INNER JOIN pedidos ON pedidos.cliente_id = clientes.id 
WHERE date(pedidos.fecha_pedido) >= %(date_1)s AND date(pedidos.fecha_pedido) <= %(date_2)s AND pedidos.deleted_at IS NULL AND pedidos.status != %(status_1)s AND clientes.latitud IS NOT NULL AND clientes.longitud IS NOT NULL GROUP BY clientes.id]
[parameters: {'param_1': 1, 'param_2': 0, 'param_3': 1, 'param_4': 0, 'date_1': datetime.date(2026, 2, 1), 'date_2': datetime.date(2026, 2, 28), 'status_1': 'cancelado'}]
(Background on this error at: https://sqlalche.me/e/20/f405)

2026-03-09 02:00:55,633 | INFO     | app | [OPTIONS] /api/v1/stats/mapa - Status: 200 - Duration: 0.0s - IP: 127.0.0.1 - User: Anonymous
2026-03-09 02:00:55,958 | ERROR    | app | Unhandled Exception on GET /api/v1/stats/mapa: (mysql.connector.errors.ProgrammingError) 1054 (42S22): Unknown column 'pedidos.local_domicilio' in 'field list'
[SQL: SELECT clientes.id AS clientes_id, clientes.nombre AS clientes_nombre, clientes.latitud AS clientes_latitud, clientes.longitud AS clientes_longitud, clientes.direccion_limpia AS clientes_direccion_limpia, sum(CASE WHEN (pedidos.local_domicilio = false) THEN %(param_1)s ELSE %(param_2)s END) AS pedidos_local, sum(CASE WHEN (pedidos.local_domicilio = true) THEN %(param_3)s ELSE %(param_4)s END) AS pedidos_reparto, sum(pedidos.pax) AS total_raciones 
FROM clientes INNER JOIN pedidos ON pedidos.cliente_id = clientes.id 
WHERE date(pedidos.fecha_pedido) >= %(date_1)s AND date(pedidos.fecha_pedido) <= %(date_2)s AND pedidos.deleted_at IS NULL AND pedidos.status != %(status_1)s AND clientes.latitud IS NOT NULL AND clientes.longitud IS NOT NULL GROUP BY clientes.id]
[parameters: {'param_1': 1, 'param_2': 0, 'param_3': 1, 'param_4': 0, 'date_1': datetime.date(2026, 1, 1), 'date_2': datetime.date(2026, 1, 31), 'status_1': 'cancelado'}]
(Background on this error at: https://sqlalche.me/e/20/f405)
Traceback (most recent call last):
  File "C:\ArrocesLlopis\backend\venv\Lib\site-packages\mysql\connector\connection_cext.py", line 772, in cmd_query
    self._cmysql.query(
_mysql_connector.MySQLInterfaceError: Unknown column 'pedidos.local_domicilio' in 'field list'

The above exception was the direct cause of the following exception:

Traceback (most recent call last):
  File "C:\ArrocesLlopis\backend\venv\Lib\site-packages\sqlalchemy\engine\base.py", line 1967, in _exec_single_context
    self.dialect.do_execute(
  File "C:\ArrocesLlopis\backend\venv\Lib\site-packages\sqlalchemy\engine\default.py", line 952, in do_execute
    cursor.execute(statement, parameters)
  File "C:\ArrocesLlopis\backend\venv\Lib\site-packages\mysql\connector\cursor_cext.py", line 353, in execute
    self._connection.cmd_query(
  File "C:\ArrocesLlopis\backend\venv\Lib\site-packages\mysql\connector\opentelemetry\context_propagation.py", line 97, in wrapper
    return method(cnx, *args, **kwargs)
           ^^^^^^^^^^^^^^^^^^^^^^^^^^^^
  File "C:\ArrocesLlopis\backend\venv\Lib\site-packages\mysql\connector\connection_cext.py", line 781, in cmd_query
    raise get_mysql_exception(
mysql.connector.errors.ProgrammingError: 1054 (42S22): Unknown column 'pedidos.local_domicilio' in 'field list'

The above exception was the direct cause of the following exception:

Traceback (most recent call last):
  File "C:\ArrocesLlopis\backend\venv\Lib\site-packages\flask\app.py", line 1514, in wsgi_app
    response = self.handle_exception(e)
               ^^^^^^^^^^^^^^^^^^^^^^^^
  File "C:\ArrocesLlopis\backend\venv\Lib\site-packages\flask_cors\extension.py", line 176, in wrapped_function
    return cors_after_request(app.make_response(f(*args, **kwargs)))
                                                ^^^^^^^^^^^^^^^^^^
  File "C:\ArrocesLlopis\backend\venv\Lib\site-packages\flask\app.py", line 1511, in wsgi_app
    response = self.full_dispatch_request()
               ^^^^^^^^^^^^^^^^^^^^^^^^^^^^
  File "C:\ArrocesLlopis\backend\venv\Lib\site-packages\flask\app.py", line 919, in full_dispatch_request
    rv = self.handle_user_exception(e)
         ^^^^^^^^^^^^^^^^^^^^^^^^^^^^^
  File "C:\ArrocesLlopis\backend\venv\Lib\site-packages\flask_cors\extension.py", line 176, in wrapped_function
    return cors_after_request(app.make_response(f(*args, **kwargs)))
                                                ^^^^^^^^^^^^^^^^^^
  File "C:\ArrocesLlopis\backend\venv\Lib\site-packages\flask\app.py", line 917, in full_dispatch_request
    rv = self.dispatch_request()
         ^^^^^^^^^^^^^^^^^^^^^^^
  File "C:\ArrocesLlopis\backend\venv\Lib\site-packages\flask\app.py", line 902, in dispatch_request
    return self.ensure_sync(self.view_functions[rule.endpoint])(**view_args)  # type: ignore[no-any-return]
           ^^^^^^^^^^^^^^^^^^^^^^^^^^^^^^^^^^^^^^^^^^^^^^^^^^^^^^^^^^^^^^^^^
  File "C:\ArrocesLlopis\backend\app\auth.py", line 71, in decorated
    return f(*args, **kwargs)
           ^^^^^^^^^^^^^^^^^^
  File "C:\ArrocesLlopis\backend\app\auth.py", line 85, in decorated_function
    return f(*args, **kwargs)
           ^^^^^^^^^^^^^^^^^^
  File "C:\ArrocesLlopis\backend\app\routes\stats.py", line 474, in stats_mapa
    "current":  {"label": format_label(year,     period, month, quarter, semester), "data": query_mapa(curr_start, curr_end)},
                                                                                            ^^^^^^^^^^^^^^^^^^^^^^^^^^^^^^^^
  File "C:\ArrocesLlopis\backend\app\routes\stats.py", line 458, in query_mapa
    ).group_by(Cliente.id).all()
                           ^^^^^
  File "C:\ArrocesLlopis\backend\venv\Lib\site-packages\sqlalchemy\orm\query.py", line 2704, in all
    return self._iter().all()  # type: ignore
           ^^^^^^^^^^^^
  File "C:\ArrocesLlopis\backend\venv\Lib\site-packages\sqlalchemy\orm\query.py", line 2857, in _iter
    result: Union[ScalarResult[_T], Result[_T]] = self.session.execute(
                                                  ^^^^^^^^^^^^^^^^^^^^^
  File "C:\ArrocesLlopis\backend\venv\Lib\site-packages\sqlalchemy\orm\session.py", line 2351, in execute
    return self._execute_internal(
           ^^^^^^^^^^^^^^^^^^^^^^^
  File "C:\ArrocesLlopis\backend\venv\Lib\site-packages\sqlalchemy\orm\session.py", line 2249, in _execute_internal
    result: Result[Any] = compile_state_cls.orm_execute_statement(
                          ^^^^^^^^^^^^^^^^^^^^^^^^^^^^^^^^^^^^^^^^
  File "C:\ArrocesLlopis\backend\venv\Lib\site-packages\sqlalchemy\orm\context.py", line 306, in orm_execute_statement
    result = conn.execute(
             ^^^^^^^^^^^^^
  File "C:\ArrocesLlopis\backend\venv\Lib\site-packages\sqlalchemy\engine\base.py", line 1419, in execute
    return meth(
           ^^^^^
  File "C:\ArrocesLlopis\backend\venv\Lib\site-packages\sqlalchemy\sql\elements.py", line 527, in _execute_on_connection
    return connection._execute_clauseelement(
           ^^^^^^^^^^^^^^^^^^^^^^^^^^^^^^^^^^
  File "C:\ArrocesLlopis\backend\venv\Lib\site-packages\sqlalchemy\engine\base.py", line 1641, in _execute_clauseelement
    ret = self._execute_context(
          ^^^^^^^^^^^^^^^^^^^^^^
  File "C:\ArrocesLlopis\backend\venv\Lib\site-packages\sqlalchemy\engine\base.py", line 1846, in _execute_context
    return self._exec_single_context(
           ^^^^^^^^^^^^^^^^^^^^^^^^^^
  File "C:\ArrocesLlopis\backend\venv\Lib\site-packages\sqlalchemy\engine\base.py", line 1986, in _exec_single_context
    self._handle_dbapi_exception(
  File "C:\ArrocesLlopis\backend\venv\Lib\site-packages\sqlalchemy\engine\base.py", line 2363, in _handle_dbapi_exception
    raise sqlalchemy_exception.with_traceback(exc_info[2]) from e
  File "C:\ArrocesLlopis\backend\venv\Lib\site-packages\sqlalchemy\engine\base.py", line 1967, in _exec_single_context
    self.dialect.do_execute(
  File "C:\ArrocesLlopis\backend\venv\Lib\site-packages\sqlalchemy\engine\default.py", line 952, in do_execute
    cursor.execute(statement, parameters)
  File "C:\ArrocesLlopis\backend\venv\Lib\site-packages\mysql\connector\cursor_cext.py", line 353, in execute
    self._connection.cmd_query(
  File "C:\ArrocesLlopis\backend\venv\Lib\site-packages\mysql\connector\opentelemetry\context_propagation.py", line 97, in wrapper
    return method(cnx, *args, **kwargs)
           ^^^^^^^^^^^^^^^^^^^^^^^^^^^^
  File "C:\ArrocesLlopis\backend\venv\Lib\site-packages\mysql\connector\connection_cext.py", line 781, in cmd_query
    raise get_mysql_exception(
sqlalchemy.exc.ProgrammingError: (mysql.connector.errors.ProgrammingError) 1054 (42S22): Unknown column 'pedidos.local_domicilio' in 'field list'
[SQL: SELECT clientes.id AS clientes_id, clientes.nombre AS clientes_nombre, clientes.latitud AS clientes_latitud, clientes.longitud AS clientes_longitud, clientes.direccion_limpia AS clientes_direccion_limpia, sum(CASE WHEN (pedidos.local_domicilio = false) THEN %(param_1)s ELSE %(param_2)s END) AS pedidos_local, sum(CASE WHEN (pedidos.local_domicilio = true) THEN %(param_3)s ELSE %(param_4)s END) AS pedidos_reparto, sum(pedidos.pax) AS total_raciones 
FROM clientes INNER JOIN pedidos ON pedidos.cliente_id = clientes.id 
WHERE date(pedidos.fecha_pedido) >= %(date_1)s AND date(pedidos.fecha_pedido) <= %(date_2)s AND pedidos.deleted_at IS NULL AND pedidos.status != %(status_1)s AND clientes.latitud IS NOT NULL AND clientes.longitud IS NOT NULL GROUP BY clientes.id]
[parameters: {'param_1': 1, 'param_2': 0, 'param_3': 1, 'param_4': 0, 'date_1': datetime.date(2026, 1, 1), 'date_2': datetime.date(2026, 1, 31), 'status_1': 'cancelado'}]
(Background on this error at: https://sqlalche.me/e/20/f405)

2026-03-09 02:02:31,328 | INFO     | app | Logger initialized successfully at level INFO
2026-03-09 02:02:35,595 | INFO     | app | Logger initialized successfully at level INFO
2026-03-09 02:09:01,473 | INFO     | app | [OPTIONS] /api/v1/auth/me - Status: 200 - Duration: 0.0s - IP: 127.0.0.1 - User: Anonymous
2026-03-09 02:09:02,706 | INFO     | app | [GET] /api/v1/auth/me - Status: 200 - Duration: 0.978s - IP: 127.0.0.1 - User: fedegarcia30@gmail.com
2026-03-09 02:09:02,776 | INFO     | app | [OPTIONS] /api/v1/availability/check - Status: 200 - Duration: 0.0s - IP: 127.0.0.1 - User: Anonymous
2026-03-09 02:09:03,093 | INFO     | app | [OPTIONS] /api/v1/availability/check - Status: 200 - Duration: 0.0s - IP: 127.0.0.1 - User: Anonymous
2026-03-09 02:09:03,095 | INFO     | app | [OPTIONS] /api/v1/availability/check - Status: 200 - Duration: 0.001s - IP: 127.0.0.1 - User: Anonymous
2026-03-09 02:09:03,414 | INFO     | app | [OPTIONS] /api/v1/availability/check - Status: 200 - Duration: 0.0s - IP: 127.0.0.1 - User: Anonymous
2026-03-09 02:09:03,415 | INFO     | app | [OPTIONS] /api/v1/pedidos/calendar - Status: 200 - Duration: 0.0s - IP: 127.0.0.1 - User: Anonymous
2026-03-09 02:09:03,689 | INFO     | app | [GET] /api/v1/pedidos/calendar - Status: 200 - Duration: 0.015s - IP: 127.0.0.1 - User: fedegarcia30@gmail.com
2026-03-09 02:09:03,731 | INFO     | app | [OPTIONS] /api/v1/pedidos/calendar - Status: 200 - Duration: 0.0s - IP: 127.0.0.1 - User: Anonymous
2026-03-09 02:09:03,789 | INFO     | app | [GET] /api/v1/pedidos/calendar - Status: 200 - Duration: 0.014s - IP: 127.0.0.1 - User: fedegarcia30@gmail.com
2026-03-09 02:09:07,211 | INFO     | app | [OPTIONS] /api/v1/stats/dashboard - Status: 200 - Duration: 0.0s - IP: 127.0.0.1 - User: Anonymous
2026-03-09 02:09:07,212 | INFO     | app | [OPTIONS] /api/v1/stats/expenses - Status: 200 - Duration: 0.0s - IP: 127.0.0.1 - User: Anonymous
2026-03-09 02:09:07,214 | INFO     | app | [OPTIONS] /api/v1/stats/dashboard - Status: 200 - Duration: 0.0s - IP: 127.0.0.1 - User: Anonymous
2026-03-09 02:09:07,218 | INFO     | app | [OPTIONS] /api/v1/stats/expenses - Status: 200 - Duration: 0.001s - IP: 127.0.0.1 - User: Anonymous
2026-03-09 02:09:07,630 | INFO     | app | [GET] /api/v1/stats/expenses - Status: 200 - Duration: 0.085s - IP: 127.0.0.1 - User: fedegarcia30@gmail.com
2026-03-09 02:09:07,630 | INFO     | app | [GET] /api/v1/stats/expenses - Status: 200 - Duration: 0.082s - IP: 127.0.0.1 - User: fedegarcia30@gmail.com
2026-03-09 02:09:07,634 | INFO     | app | [GET] /api/v1/stats/dashboard - Status: 200 - Duration: 0.18s - IP: 127.0.0.1 - User: fedegarcia30@gmail.com
2026-03-09 02:09:07,746 | INFO     | app | [GET] /api/v1/stats/dashboard - Status: 200 - Duration: 0.201s - IP: 127.0.0.1 - User: fedegarcia30@gmail.com
2026-03-09 02:09:08,694 | INFO     | app | [OPTIONS] /api/v1/stats/mapa - Status: 200 - Duration: 0.0s - IP: 127.0.0.1 - User: Anonymous
2026-03-09 02:09:09,007 | INFO     | app | [OPTIONS] /api/v1/stats/mapa - Status: 200 - Duration: 0.0s - IP: 127.0.0.1 - User: Anonymous
2026-03-09 02:09:09,051 | INFO     | app | [GET] /api/v1/stats/mapa - Status: 200 - Duration: 0.029s - IP: 127.0.0.1 - User: fedegarcia30@gmail.com
2026-03-09 02:09:09,353 | INFO     | app | [GET] /api/v1/stats/mapa - Status: 200 - Duration: 0.03s - IP: 127.0.0.1 - User: fedegarcia30@gmail.com
2026-03-09 02:09:12,456 | INFO     | app | [OPTIONS] /api/v1/stats/mapa - Status: 200 - Duration: 0.0s - IP: 127.0.0.1 - User: Anonymous
2026-03-09 02:09:12,738 | INFO     | app | [GET] /api/v1/stats/mapa - Status: 200 - Duration: 0.017s - IP: 127.0.0.1 - User: fedegarcia30@gmail.com
2026-03-09 02:09:12,772 | INFO     | app | [OPTIONS] /api/v1/stats/mapa - Status: 200 - Duration: 0.0s - IP: 127.0.0.1 - User: Anonymous
2026-03-09 02:09:12,961 | INFO     | app | [GET] /api/v1/stats/mapa - Status: 200 - Duration: 0.029s - IP: 127.0.0.1 - User: fedegarcia30@gmail.com
2026-03-09 02:09:13,091 | INFO     | app | [OPTIONS] /api/v1/stats/mapa - Status: 200 - Duration: 0.0s - IP: 127.0.0.1 - User: Anonymous
2026-03-09 02:09:13,128 | INFO     | app | [OPTIONS] /api/v1/stats/mapa - Status: 200 - Duration: 0.0s - IP: 127.0.0.1 - User: Anonymous
2026-03-09 02:09:13,324 | INFO     | app | [GET] /api/v1/stats/mapa - Status: 200 - Duration: 0.021s - IP: 127.0.0.1 - User: fedegarcia30@gmail.com
2026-03-09 02:09:13,444 | INFO     | app | [OPTIONS] /api/v1/stats/mapa - Status: 200 - Duration: 0.0s - IP: 127.0.0.1 - User: Anonymous
2026-03-09 02:09:13,472 | INFO     | app | [GET] /api/v1/stats/mapa - Status: 200 - Duration: 0.035s - IP: 127.0.0.1 - User: fedegarcia30@gmail.com
2026-03-09 02:09:13,522 | INFO     | app | [GET] /api/v1/stats/mapa - Status: 200 - Duration: 0.026s - IP: 127.0.0.1 - User: fedegarcia30@gmail.com
2026-03-09 02:09:14,490 | INFO     | app | [OPTIONS] /api/v1/stats/mapa - Status: 200 - Duration: 0.0s - IP: 127.0.0.1 - User: Anonymous
2026-03-09 02:09:14,869 | INFO     | app | [GET] /api/v1/stats/mapa - Status: 200 - Duration: 0.065s - IP: 127.0.0.1 - User: fedegarcia30@gmail.com
2026-03-09 02:09:15,626 | INFO     | app | [OPTIONS] /api/v1/stats/mapa - Status: 200 - Duration: 0.0s - IP: 127.0.0.1 - User: Anonymous
2026-03-09 02:09:16,035 | INFO     | app | [GET] /api/v1/stats/mapa - Status: 200 - Duration: 0.083s - IP: 127.0.0.1 - User: fedegarcia30@gmail.com
2026-03-09 02:11:32,710 | INFO     | app | Logger initialized successfully at level INFO
2026-03-09 02:13:34,567 | INFO     | app | [OPTIONS] /api/v1/rices - Status: 200 - Duration: 0.0s - IP: 127.0.0.1 - User: Anonymous
2026-03-09 02:13:34,590 | INFO     | app | [OPTIONS] /api/v1/rices - Status: 200 - Duration: 0.0s - IP: 127.0.0.1 - User: Anonymous
2026-03-09 02:13:35,811 | INFO     | app | [GET] /api/v1/rices - Status: 200 - Duration: 0.98s - IP: 127.0.0.1 - User: fedegarcia30@gmail.com
2026-03-09 02:13:35,839 | INFO     | app | [GET] /api/v1/rices - Status: 200 - Duration: 0.884s - IP: 127.0.0.1 - User: fedegarcia30@gmail.com
2026-03-09 02:13:36,188 | INFO     | app | [OPTIONS] /api/v1/stats/mapa - Status: 200 - Duration: 0.0s - IP: 127.0.0.1 - User: Anonymous
2026-03-09 02:13:36,507 | INFO     | app | [OPTIONS] /api/v1/stats/mapa - Status: 200 - Duration: 0.0s - IP: 127.0.0.1 - User: Anonymous
2026-03-09 02:13:36,549 | INFO     | app | [GET] /api/v1/stats/mapa - Status: 200 - Duration: 0.041s - IP: 127.0.0.1 - User: fedegarcia30@gmail.com
2026-03-09 02:13:36,841 | INFO     | app | [GET] /api/v1/stats/mapa - Status: 200 - Duration: 0.02s - IP: 127.0.0.1 - User: fedegarcia30@gmail.com
2026-03-09 02:13:40,614 | INFO     | app | [OPTIONS] /api/v1/stats/mapa - Status: 200 - Duration: 0.0s - IP: 127.0.0.1 - User: Anonymous
2026-03-09 02:13:40,903 | INFO     | app | [GET] /api/v1/stats/mapa - Status: 200 - Duration: 0.025s - IP: 127.0.0.1 - User: fedegarcia30@gmail.com
2026-03-09 02:13:52,031 | INFO     | app | [OPTIONS] /api/v1/stats/mapa - Status: 200 - Duration: 0.001s - IP: 127.0.0.1 - User: Anonymous
2026-03-09 02:13:52,405 | INFO     | app | [GET] /api/v1/stats/mapa - Status: 200 - Duration: 0.049s - IP: 127.0.0.1 - User: fedegarcia30@gmail.com
2026-03-09 02:13:52,625 | INFO     | app | [OPTIONS] /api/v1/stats/mapa - Status: 200 - Duration: 0.0s - IP: 127.0.0.1 - User: Anonymous
2026-03-09 02:13:52,841 | INFO     | app | [GET] /api/v1/stats/mapa - Status: 200 - Duration: 0.063s - IP: 127.0.0.1 - User: fedegarcia30@gmail.com
2026-03-09 02:13:53,113 | INFO     | app | [OPTIONS] /api/v1/stats/mapa - Status: 200 - Duration: 0.0s - IP: 127.0.0.1 - User: Anonymous
2026-03-09 02:13:53,496 | INFO     | app | [GET] /api/v1/stats/mapa - Status: 200 - Duration: 0.053s - IP: 127.0.0.1 - User: fedegarcia30@gmail.com
2026-03-09 02:13:54,070 | INFO     | app | [OPTIONS] /api/v1/stats/mapa - Status: 200 - Duration: 0.001s - IP: 127.0.0.1 - User: Anonymous
2026-03-09 02:13:54,493 | INFO     | app | [GET] /api/v1/stats/mapa - Status: 200 - Duration: 0.088s - IP: 127.0.0.1 - User: fedegarcia30@gmail.com
2026-03-09 02:14:36,203 | INFO     | app | [OPTIONS] /api/v1/stats/mapa - Status: 200 - Duration: 0.0s - IP: 127.0.0.1 - User: Anonymous
2026-03-09 02:14:36,615 | INFO     | app | [GET] /api/v1/stats/mapa - Status: 200 - Duration: 0.09s - IP: 127.0.0.1 - User: fedegarcia30@gmail.com
2026-03-09 02:14:36,856 | INFO     | app | [OPTIONS] /api/v1/stats/mapa - Status: 200 - Duration: 0.0s - IP: 127.0.0.1 - User: Anonymous
2026-03-09 02:14:37,306 | INFO     | app | [GET] /api/v1/stats/mapa - Status: 200 - Duration: 0.052s - IP: 127.0.0.1 - User: fedegarcia30@gmail.com
2026-03-09 02:14:45,360 | INFO     | app | [OPTIONS] /api/v1/stats/mapa - Status: 200 - Duration: 0.001s - IP: 127.0.0.1 - User: Anonymous
2026-03-09 02:14:45,865 | INFO     | app | [GET] /api/v1/stats/mapa - Status: 200 - Duration: 0.137s - IP: 127.0.0.1 - User: fedegarcia30@gmail.com
2026-03-09 02:15:15,058 | INFO     | app | Logger initialized successfully at level INFO
2026-03-09 02:15:38,482 | INFO     | app | [OPTIONS] /api/v1/stats/mapa - Status: 200 - Duration: 0.001s - IP: 127.0.0.1 - User: Anonymous
2026-03-09 02:15:39,660 | INFO     | app | [OPTIONS] /api/v1/rices - Status: 200 - Duration: 0.0s - IP: 127.0.0.1 - User: Anonymous
2026-03-09 02:15:39,949 | INFO     | app | [GET] /api/v1/stats/mapa - Status: 200 - Duration: 1.204s - IP: 127.0.0.1 - User: fedegarcia30@gmail.com
2026-03-09 02:15:39,973 | INFO     | app | [OPTIONS] /api/v1/rices - Status: 200 - Duration: 0.001s - IP: 127.0.0.1 - User: Anonymous
2026-03-09 02:15:39,986 | INFO     | app | [GET] /api/v1/rices - Status: 200 - Duration: 0.011s - IP: 127.0.0.1 - User: fedegarcia30@gmail.com
2026-03-09 02:15:40,291 | INFO     | app | [GET] /api/v1/rices - Status: 200 - Duration: 0.007s - IP: 127.0.0.1 - User: fedegarcia30@gmail.com
2026-03-09 02:15:40,890 | INFO     | app | [OPTIONS] /api/v1/stats/mapa - Status: 200 - Duration: 0.0s - IP: 127.0.0.1 - User: Anonymous
2026-03-09 02:15:40,892 | INFO     | app | [OPTIONS] /api/v1/stats/mapa - Status: 200 - Duration: 0.001s - IP: 127.0.0.1 - User: Anonymous
2026-03-09 02:15:41,183 | INFO     | app | [GET] /api/v1/stats/mapa - Status: 200 - Duration: 0.028s - IP: 127.0.0.1 - User: fedegarcia30@gmail.com
2026-03-09 02:15:41,244 | INFO     | app | [GET] /api/v1/stats/mapa - Status: 200 - Duration: 0.024s - IP: 127.0.0.1 - User: fedegarcia30@gmail.com
2026-03-09 02:15:43,941 | INFO     | app | [OPTIONS] /api/v1/stats/mapa - Status: 200 - Duration: 0.0s - IP: 127.0.0.1 - User: Anonymous
2026-03-09 02:15:44,282 | INFO     | app | [GET] /api/v1/stats/mapa - Status: 200 - Duration: 0.018s - IP: 127.0.0.1 - User: fedegarcia30@gmail.com
2026-03-09 02:15:46,383 | INFO     | app | [OPTIONS] /api/v1/stats/mapa - Status: 200 - Duration: 0.001s - IP: 127.0.0.1 - User: Anonymous
2026-03-09 02:15:46,732 | INFO     | app | [GET] /api/v1/stats/mapa - Status: 200 - Duration: 0.035s - IP: 127.0.0.1 - User: fedegarcia30@gmail.com
2026-03-09 02:15:47,854 | INFO     | app | [OPTIONS] /api/v1/stats/mapa - Status: 200 - Duration: 0.0s - IP: 127.0.0.1 - User: Anonymous
2026-03-09 02:15:48,224 | INFO     | app | [GET] /api/v1/stats/mapa - Status: 200 - Duration: 0.054s - IP: 127.0.0.1 - User: fedegarcia30@gmail.com
2026-03-09 02:15:49,486 | INFO     | app | [OPTIONS] /api/v1/stats/mapa - Status: 200 - Duration: 0.001s - IP: 127.0.0.1 - User: Anonymous
2026-03-09 02:15:49,900 | INFO     | app | [GET] /api/v1/stats/mapa - Status: 200 - Duration: 0.083s - IP: 127.0.0.1 - User: fedegarcia30@gmail.com
2026-03-09 02:17:10,852 | INFO     | app | [OPTIONS] /api/v1/stats/mapa - Status: 200 - Duration: 0.0s - IP: 127.0.0.1 - User: Anonymous
2026-03-09 02:17:11,166 | INFO     | app | [GET] /api/v1/stats/mapa - Status: 200 - Duration: 0.054s - IP: 127.0.0.1 - User: fedegarcia30@gmail.com
2026-03-09 02:17:27,934 | INFO     | app | [OPTIONS] /api/v1/stats/mapa - Status: 200 - Duration: 0.0s - IP: 127.0.0.1 - User: Anonymous
2026-03-09 02:17:28,360 | INFO     | app | [GET] /api/v1/stats/mapa - Status: 200 - Duration: 0.081s - IP: 127.0.0.1 - User: fedegarcia30@gmail.com
2026-03-09 02:19:51,176 | INFO     | app | [OPTIONS] /api/v1/stats/mapa - Status: 200 - Duration: 0.0s - IP: 127.0.0.1 - User: Anonymous
2026-03-09 02:19:51,487 | INFO     | app | [GET] /api/v1/stats/mapa - Status: 200 - Duration: 0.047s - IP: 127.0.0.1 - User: fedegarcia30@gmail.com
2026-03-09 02:19:53,072 | INFO     | app | [OPTIONS] /api/v1/stats/mapa - Status: 200 - Duration: 0.0s - IP: 127.0.0.1 - User: Anonymous
2026-03-09 02:19:53,417 | INFO     | app | [GET] /api/v1/stats/mapa - Status: 200 - Duration: 0.031s - IP: 127.0.0.1 - User: fedegarcia30@gmail.com
2026-03-09 02:20:26,341 | INFO     | app | [OPTIONS] /api/v1/stats/mapa - Status: 200 - Duration: 0.0s - IP: 127.0.0.1 - User: Anonymous
2026-03-09 02:20:26,703 | INFO     | app | [GET] /api/v1/stats/mapa - Status: 200 - Duration: 0.056s - IP: 127.0.0.1 - User: fedegarcia30@gmail.com
2026-03-09 02:20:27,149 | INFO     | app | [OPTIONS] /api/v1/stats/mapa - Status: 200 - Duration: 0.0s - IP: 127.0.0.1 - User: Anonymous
2026-03-09 02:20:27,564 | INFO     | app | [GET] /api/v1/stats/mapa - Status: 200 - Duration: 0.092s - IP: 127.0.0.1 - User: fedegarcia30@gmail.com
2026-03-09 02:20:35,615 | INFO     | app | [OPTIONS] /api/v1/stats/mapa - Status: 200 - Duration: 0.0s - IP: 127.0.0.1 - User: Anonymous
2026-03-09 02:20:36,021 | INFO     | app | [GET] /api/v1/stats/mapa - Status: 200 - Duration: 0.088s - IP: 127.0.0.1 - User: fedegarcia30@gmail.com
2026-03-09 02:26:49,575 | INFO     | app | [OPTIONS] /api/v1/stats/mapa - Status: 200 - Duration: 0.0s - IP: 127.0.0.1 - User: Anonymous
2026-03-09 02:26:49,972 | INFO     | app | [GET] /api/v1/stats/mapa - Status: 200 - Duration: 0.132s - IP: 127.0.0.1 - User: fedegarcia30@gmail.com
2026-03-09 02:26:55,309 | INFO     | app | [OPTIONS] /api/v1/stats/mapa - Status: 200 - Duration: 0.0s - IP: 127.0.0.1 - User: Anonymous
2026-03-09 02:26:55,722 | INFO     | app | [GET] /api/v1/stats/mapa - Status: 200 - Duration: 0.091s - IP: 127.0.0.1 - User: fedegarcia30@gmail.com
2026-03-09 02:27:04,201 | INFO     | app | [OPTIONS] /api/v1/stats/mapa - Status: 200 - Duration: 0.0s - IP: 127.0.0.1 - User: Anonymous
2026-03-09 02:27:04,593 | INFO     | app | [GET] /api/v1/stats/mapa - Status: 200 - Duration: 0.07s - IP: 127.0.0.1 - User: fedegarcia30@gmail.com
2026-03-09 02:30:08,489 | INFO     | app | [OPTIONS] /api/v1/stats/dashboard - Status: 200 - Duration: 0.0s - IP: 127.0.0.1 - User: Anonymous
2026-03-09 02:30:08,491 | INFO     | app | [OPTIONS] /api/v1/stats/expenses - Status: 200 - Duration: 0.0s - IP: 127.0.0.1 - User: Anonymous
2026-03-09 02:30:08,491 | INFO     | app | [OPTIONS] /api/v1/stats/expenses - Status: 200 - Duration: 0.0s - IP: 127.0.0.1 - User: Anonymous
2026-03-09 02:30:08,493 | INFO     | app | [OPTIONS] /api/v1/stats/dashboard - Status: 200 - Duration: 0.001s - IP: 127.0.0.1 - User: Anonymous
2026-03-09 02:30:08,872 | INFO     | app | [GET] /api/v1/stats/dashboard - Status: 200 - Duration: 0.137s - IP: 127.0.0.1 - User: fedegarcia30@gmail.com
2026-03-09 02:30:08,879 | INFO     | app | [GET] /api/v1/stats/expenses - Status: 200 - Duration: 0.065s - IP: 127.0.0.1 - User: fedegarcia30@gmail.com
2026-03-09 02:30:08,879 | INFO     | app | [GET] /api/v1/stats/expenses - Status: 200 - Duration: 0.064s - IP: 127.0.0.1 - User: fedegarcia30@gmail.com
2026-03-09 02:30:08,976 | INFO     | app | [GET] /api/v1/stats/dashboard - Status: 200 - Duration: 0.157s - IP: 127.0.0.1 - User: fedegarcia30@gmail.com
2026-03-09 02:32:16,232 | INFO     | app | [OPTIONS] /api/v1/stats/dashboard - Status: 200 - Duration: 0.0s - IP: 127.0.0.1 - User: Anonymous
2026-03-09 02:32:16,233 | INFO     | app | [OPTIONS] /api/v1/stats/expenses - Status: 200 - Duration: 0.0s - IP: 127.0.0.1 - User: Anonymous
2026-03-09 02:32:16,600 | INFO     | app | [GET] /api/v1/stats/expenses - Status: 200 - Duration: 0.041s - IP: 127.0.0.1 - User: fedegarcia30@gmail.com
2026-03-09 02:32:16,636 | INFO     | app | [GET] /api/v1/stats/dashboard - Status: 200 - Duration: 0.156s - IP: 127.0.0.1 - User: fedegarcia30@gmail.com
2026-03-09 02:32:19,513 | INFO     | app | [OPTIONS] /api/v1/stats/dashboard - Status: 200 - Duration: 0.0s - IP: 127.0.0.1 - User: Anonymous
2026-03-09 02:32:19,823 | INFO     | app | [OPTIONS] /api/v1/stats/expenses - Status: 200 - Duration: 0.0s - IP: 127.0.0.1 - User: Anonymous
2026-03-09 02:32:19,998 | INFO     | app | [GET] /api/v1/stats/dashboard - Status: 200 - Duration: 0.174s - IP: 127.0.0.1 - User: fedegarcia30@gmail.com
2026-03-09 02:32:20,167 | INFO     | app | [GET] /api/v1/stats/expenses - Status: 200 - Duration: 0.034s - IP: 127.0.0.1 - User: fedegarcia30@gmail.com
2026-03-09 02:32:22,701 | INFO     | app | [OPTIONS] /api/v1/stats/dashboard - Status: 200 - Duration: 0.0s - IP: 127.0.0.1 - User: Anonymous
2026-03-09 02:32:22,702 | INFO     | app | [OPTIONS] /api/v1/stats/expenses - Status: 200 - Duration: 0.0s - IP: 127.0.0.1 - User: Anonymous
2026-03-09 02:32:23,094 | INFO     | app | [GET] /api/v1/stats/expenses - Status: 200 - Duration: 0.071s - IP: 127.0.0.1 - User: fedegarcia30@gmail.com
2026-03-09 02:32:23,200 | INFO     | app | [GET] /api/v1/stats/dashboard - Status: 200 - Duration: 0.236s - IP: 127.0.0.1 - User: fedegarcia30@gmail.com
2026-03-09 02:32:27,743 | INFO     | app | [OPTIONS] /api/v1/stats/dashboard - Status: 200 - Duration: 0.0s - IP: 127.0.0.1 - User: Anonymous
2026-03-09 02:32:28,049 | INFO     | app | [OPTIONS] /api/v1/stats/expenses - Status: 200 - Duration: 0.002s - IP: 127.0.0.1 - User: Anonymous
2026-03-09 02:32:28,273 | INFO     | app | [GET] /api/v1/stats/dashboard - Status: 200 - Duration: 0.194s - IP: 127.0.0.1 - User: fedegarcia30@gmail.com
2026-03-09 02:32:28,405 | INFO     | app | [GET] /api/v1/stats/expenses - Status: 200 - Duration: 0.032s - IP: 127.0.0.1 - User: fedegarcia30@gmail.com
2026-03-09 02:32:29,237 | INFO     | app | [OPTIONS] /api/v1/stats/mapa - Status: 200 - Duration: 0.0s - IP: 127.0.0.1 - User: Anonymous
2026-03-09 02:32:29,240 | INFO     | app | [OPTIONS] /api/v1/stats/mapa - Status: 200 - Duration: 0.001s - IP: 127.0.0.1 - User: Anonymous
2026-03-09 02:32:29,523 | INFO     | app | [GET] /api/v1/stats/mapa - Status: 200 - Duration: 0.022s - IP: 127.0.0.1 - User: fedegarcia30@gmail.com
2026-03-09 02:32:29,588 | INFO     | app | [GET] /api/v1/stats/mapa - Status: 200 - Duration: 0.023s - IP: 127.0.0.1 - User: fedegarcia30@gmail.com
2026-03-09 02:32:36,272 | INFO     | app | [OPTIONS] /api/v1/stats/dashboard - Status: 200 - Duration: 0.001s - IP: 127.0.0.1 - User: Anonymous
2026-03-09 02:32:36,577 | INFO     | app | [OPTIONS] /api/v1/stats/expenses - Status: 200 - Duration: 0.0s - IP: 127.0.0.1 - User: Anonymous
2026-03-09 02:32:36,578 | INFO     | app | [OPTIONS] /api/v1/stats/dashboard - Status: 200 - Duration: 0.0s - IP: 127.0.0.1 - User: Anonymous
2026-03-09 02:32:36,581 | INFO     | app | [OPTIONS] /api/v1/stats/expenses - Status: 200 - Duration: 0.0s - IP: 127.0.0.1 - User: Anonymous
2026-03-09 02:32:36,753 | INFO     | app | [GET] /api/v1/stats/dashboard - Status: 200 - Duration: 0.169s - IP: 127.0.0.1 - User: fedegarcia30@gmail.com
2026-03-09 02:32:36,943 | INFO     | app | [GET] /api/v1/stats/expenses - Status: 200 - Duration: 0.054s - IP: 127.0.0.1 - User: fedegarcia30@gmail.com
2026-03-09 02:32:36,943 | INFO     | app | [GET] /api/v1/stats/expenses - Status: 200 - Duration: 0.051s - IP: 127.0.0.1 - User: fedegarcia30@gmail.com
2026-03-09 02:32:37,052 | INFO     | app | [GET] /api/v1/stats/dashboard - Status: 200 - Duration: 0.164s - IP: 127.0.0.1 - User: fedegarcia30@gmail.com
2026-03-09 02:32:37,667 | INFO     | app | [OPTIONS] /api/v1/ingredients - Status: 200 - Duration: 0.0s - IP: 127.0.0.1 - User: Anonymous
2026-03-09 02:32:37,670 | INFO     | app | [OPTIONS] /api/v1/ingredients - Status: 200 - Duration: 0.0s - IP: 127.0.0.1 - User: Anonymous
2026-03-09 02:32:37,939 | INFO     | app | [GET] /api/v1/ingredients - Status: 200 - Duration: 0.014s - IP: 127.0.0.1 - User: fedegarcia30@gmail.com
2026-03-09 02:32:37,993 | INFO     | app | [GET] /api/v1/ingredients - Status: 200 - Duration: 0.009s - IP: 127.0.0.1 - User: fedegarcia30@gmail.com
2026-03-09 02:32:40,497 | INFO     | app | [OPTIONS] /api/v1/stats/dashboard - Status: 200 - Duration: 0.0s - IP: 127.0.0.1 - User: Anonymous
2026-03-09 02:32:40,811 | INFO     | app | [OPTIONS] /api/v1/stats/expenses - Status: 200 - Duration: 0.0s - IP: 127.0.0.1 - User: Anonymous
2026-03-09 02:32:40,812 | INFO     | app | [OPTIONS] /api/v1/stats/dashboard - Status: 200 - Duration: 0.0s - IP: 127.0.0.1 - User: Anonymous
2026-03-09 02:32:40,816 | INFO     | app | [OPTIONS] /api/v1/stats/expenses - Status: 200 - Duration: 0.0s - IP: 127.0.0.1 - User: Anonymous
2026-03-09 02:32:40,959 | INFO     | app | [GET] /api/v1/stats/dashboard - Status: 200 - Duration: 0.14s - IP: 127.0.0.1 - User: fedegarcia30@gmail.com
2026-03-09 02:32:41,176 | INFO     | app | [GET] /api/v1/stats/expenses - Status: 200 - Duration: 0.048s - IP: 127.0.0.1 - User: fedegarcia30@gmail.com
2026-03-09 02:32:41,176 | INFO     | app | [GET] /api/v1/stats/expenses - Status: 200 - Duration: 0.047s - IP: 127.0.0.1 - User: fedegarcia30@gmail.com
2026-03-09 02:32:41,302 | INFO     | app | [GET] /api/v1/stats/dashboard - Status: 200 - Duration: 0.174s - IP: 127.0.0.1 - User: fedegarcia30@gmail.com
2026-03-09 02:32:42,486 | INFO     | app | [OPTIONS] /api/v1/stats/dashboard - Status: 200 - Duration: 0.0s - IP: 127.0.0.1 - User: Anonymous
2026-03-09 02:32:42,489 | INFO     | app | [OPTIONS] /api/v1/stats/expenses - Status: 200 - Duration: 0.0s - IP: 127.0.0.1 - User: Anonymous
2026-03-09 02:32:42,839 | INFO     | app | [GET] /api/v1/stats/expenses - Status: 200 - Duration: 0.039s - IP: 127.0.0.1 - User: fedegarcia30@gmail.com
2026-03-09 02:32:42,913 | INFO     | app | [GET] /api/v1/stats/dashboard - Status: 200 - Duration: 0.174s - IP: 127.0.0.1 - User: fedegarcia30@gmail.com
2026-03-09 02:32:46,223 | INFO     | app | [OPTIONS] /api/v1/stats/mapa - Status: 200 - Duration: 0.001s - IP: 127.0.0.1 - User: Anonymous
2026-03-09 02:32:46,555 | INFO     | app | [OPTIONS] /api/v1/stats/mapa - Status: 200 - Duration: 0.002s - IP: 127.0.0.1 - User: Anonymous
2026-03-09 02:32:46,592 | INFO     | app | [GET] /api/v1/stats/mapa - Status: 200 - Duration: 0.024s - IP: 127.0.0.1 - User: fedegarcia30@gmail.com
2026-03-09 02:32:46,835 | INFO     | app | [GET] /api/v1/stats/mapa - Status: 200 - Duration: 0.018s - IP: 127.0.0.1 - User: fedegarcia30@gmail.com
2026-03-09 02:33:26,851 | INFO     | app | [OPTIONS] /api/v1/stats/mapa - Status: 200 - Duration: 0.001s - IP: 127.0.0.1 - User: Anonymous
2026-03-09 02:33:27,155 | INFO     | app | [OPTIONS] /api/v1/stats/mapa - Status: 200 - Duration: 0.001s - IP: 127.0.0.1 - User: Anonymous
2026-03-09 02:33:27,190 | INFO     | app | [GET] /api/v1/stats/mapa - Status: 200 - Duration: 0.02s - IP: 127.0.0.1 - User: fedegarcia30@gmail.com
2026-03-09 02:33:27,497 | INFO     | app | [GET] /api/v1/stats/mapa - Status: 200 - Duration: 0.02s - IP: 127.0.0.1 - User: fedegarcia30@gmail.com
2026-03-09 02:33:28,989 | INFO     | app | [OPTIONS] /api/v1/stats/dashboard - Status: 200 - Duration: 0.0s - IP: 127.0.0.1 - User: Anonymous
2026-03-09 02:33:28,991 | INFO     | app | [OPTIONS] /api/v1/stats/expenses - Status: 200 - Duration: 0.0s - IP: 127.0.0.1 - User: Anonymous
2026-03-09 02:33:28,991 | INFO     | app | [OPTIONS] /api/v1/stats/expenses - Status: 200 - Duration: 0.0s - IP: 127.0.0.1 - User: Anonymous
2026-03-09 02:33:28,992 | INFO     | app | [OPTIONS] /api/v1/stats/dashboard - Status: 200 - Duration: 0.0s - IP: 127.0.0.1 - User: Anonymous
2026-03-09 02:33:29,371 | INFO     | app | [GET] /api/v1/stats/expenses - Status: 200 - Duration: 0.067s - IP: 127.0.0.1 - User: fedegarcia30@gmail.com
2026-03-09 02:33:29,374 | INFO     | app | [GET] /api/v1/stats/expenses - Status: 200 - Duration: 0.073s - IP: 127.0.0.1 - User: fedegarcia30@gmail.com
2026-03-09 02:33:29,437 | INFO     | app | [GET] /api/v1/stats/dashboard - Status: 200 - Duration: 0.198s - IP: 127.0.0.1 - User: fedegarcia30@gmail.com
2026-03-09 02:33:29,499 | INFO     | app | [GET] /api/v1/stats/dashboard - Status: 200 - Duration: 0.189s - IP: 127.0.0.1 - User: fedegarcia30@gmail.com
2026-03-09 02:33:31,522 | INFO     | app | [OPTIONS] /api/v1/stats/mapa - Status: 200 - Duration: 0.0s - IP: 127.0.0.1 - User: Anonymous
2026-03-09 02:33:31,830 | INFO     | app | [OPTIONS] /api/v1/stats/mapa - Status: 200 - Duration: 0.001s - IP: 127.0.0.1 - User: Anonymous
2026-03-09 02:33:31,860 | INFO     | app | [GET] /api/v1/stats/mapa - Status: 200 - Duration: 0.021s - IP: 127.0.0.1 - User: fedegarcia30@gmail.com
2026-03-09 02:33:32,156 | INFO     | app | [GET] /api/v1/stats/mapa - Status: 200 - Duration: 0.014s - IP: 127.0.0.1 - User: fedegarcia30@gmail.com
2026-03-09 02:33:34,839 | INFO     | app | [OPTIONS] /api/v1/stats/mapa - Status: 200 - Duration: 0.0s - IP: 127.0.0.1 - User: Anonymous
2026-03-09 02:33:34,840 | INFO     | app | [OPTIONS] /api/v1/stats/mapa - Status: 200 - Duration: 0.0s - IP: 127.0.0.1 - User: Anonymous
2026-03-09 02:33:35,116 | INFO     | app | [GET] /api/v1/stats/mapa - Status: 200 - Duration: 0.018s - IP: 127.0.0.1 - User: fedegarcia30@gmail.com
2026-03-09 02:33:35,173 | INFO     | app | [GET] /api/v1/stats/mapa - Status: 200 - Duration: 0.018s - IP: 127.0.0.1 - User: fedegarcia30@gmail.com
2026-03-09 02:34:14,184 | INFO     | app | [OPTIONS] /api/v1/auth/me - Status: 200 - Duration: 0.0s - IP: 127.0.0.1 - User: Anonymous
2026-03-09 02:34:14,504 | INFO     | app | [GET] /api/v1/auth/me - Status: 200 - Duration: 0.004s - IP: 127.0.0.1 - User: fedegarcia30@gmail.com
2026-03-09 02:34:14,749 | INFO     | app | [OPTIONS] /api/v1/stats/mapa - Status: 200 - Duration: 0.0s - IP: 127.0.0.1 - User: Anonymous
2026-03-09 02:34:14,887 | INFO     | app | [OPTIONS] /api/v1/stats/mapa - Status: 200 - Duration: 0.0s - IP: 127.0.0.1 - User: Anonymous
2026-03-09 02:34:14,907 | INFO     | app | [GET] /api/v1/stats/mapa - Status: 200 - Duration: 0.018s - IP: 127.0.0.1 - User: fedegarcia30@gmail.com
2026-03-09 02:34:15,082 | INFO     | app | [GET] /api/v1/stats/mapa - Status: 200 - Duration: 0.022s - IP: 127.0.0.1 - User: fedegarcia30@gmail.com
2026-03-09 02:34:19,540 | INFO     | app | [OPTIONS] /api/v1/stats/dashboard - Status: 200 - Duration: 0.0s - IP: 127.0.0.1 - User: Anonymous
2026-03-09 02:34:19,847 | INFO     | app | [OPTIONS] /api/v1/stats/expenses - Status: 200 - Duration: 0.0s - IP: 127.0.0.1 - User: Anonymous
2026-03-09 02:34:19,850 | INFO     | app | [OPTIONS] /api/v1/stats/dashboard - Status: 200 - Duration: 0.001s - IP: 127.0.0.1 - User: Anonymous
2026-03-09 02:34:19,851 | INFO     | app | [OPTIONS] /api/v1/stats/expenses - Status: 200 - Duration: 0.0s - IP: 127.0.0.1 - User: Anonymous
2026-03-09 02:34:20,083 | INFO     | app | [GET] /api/v1/stats/dashboard - Status: 200 - Duration: 0.224s - IP: 127.0.0.1 - User: fedegarcia30@gmail.com
2026-03-09 02:34:20,234 | INFO     | app | [GET] /api/v1/stats/expenses - Status: 200 - Duration: 0.062s - IP: 127.0.0.1 - User: fedegarcia30@gmail.com
2026-03-09 02:34:20,235 | INFO     | app | [GET] /api/v1/stats/expenses - Status: 200 - Duration: 0.066s - IP: 127.0.0.1 - User: fedegarcia30@gmail.com
2026-03-09 02:34:20,360 | INFO     | app | [GET] /api/v1/stats/dashboard - Status: 200 - Duration: 0.189s - IP: 127.0.0.1 - User: fedegarcia30@gmail.com
2026-03-09 02:34:23,462 | INFO     | app | [OPTIONS] /api/v1/stats/mapa - Status: 200 - Duration: 0.0s - IP: 127.0.0.1 - User: Anonymous
2026-03-09 02:34:23,464 | INFO     | app | [OPTIONS] /api/v1/stats/mapa - Status: 200 - Duration: 0.001s - IP: 127.0.0.1 - User: Anonymous
2026-03-09 02:34:23,745 | INFO     | app | [GET] /api/v1/stats/mapa - Status: 200 - Duration: 0.026s - IP: 127.0.0.1 - User: fedegarcia30@gmail.com
2026-03-09 02:34:23,806 | INFO     | app | [GET] /api/v1/stats/mapa - Status: 200 - Duration: 0.023s - IP: 127.0.0.1 - User: fedegarcia30@gmail.com
2026-03-09 02:51:42,368 | INFO     | app | [OPTIONS] /api/v1/ingredients - Status: 200 - Duration: 0.0s - IP: 127.0.0.1 - User: Anonymous
2026-03-09 02:51:42,371 | INFO     | app | [OPTIONS] /api/v1/ingredients - Status: 200 - Duration: 0.001s - IP: 127.0.0.1 - User: Anonymous
2026-03-09 02:51:42,622 | INFO     | app | [GET] /api/v1/ingredients - Status: 200 - Duration: 0.01s - IP: 127.0.0.1 - User: fedegarcia30@gmail.com
2026-03-09 02:51:42,703 | INFO     | app | [GET] /api/v1/ingredients - Status: 200 - Duration: 0.008s - IP: 127.0.0.1 - User: fedegarcia30@gmail.com
2026-03-09 02:51:44,025 | INFO     | app | [OPTIONS] /api/v1/stats/dashboard - Status: 200 - Duration: 0.0s - IP: 127.0.0.1 - User: Anonymous
2026-03-09 02:51:44,332 | INFO     | app | [OPTIONS] /api/v1/stats/expenses - Status: 200 - Duration: 0.001s - IP: 127.0.0.1 - User: Anonymous
2026-03-09 02:51:44,333 | INFO     | app | [OPTIONS] /api/v1/stats/dashboard - Status: 200 - Duration: 0.0s - IP: 127.0.0.1 - User: Anonymous
2026-03-09 02:51:44,338 | INFO     | app | [OPTIONS] /api/v1/stats/expenses - Status: 200 - Duration: 0.002s - IP: 127.0.0.1 - User: Anonymous
2026-03-09 02:51:44,535 | INFO     | app | [GET] /api/v1/stats/dashboard - Status: 200 - Duration: 0.193s - IP: 127.0.0.1 - User: fedegarcia30@gmail.com
2026-03-09 02:51:44,715 | INFO     | app | [GET] /api/v1/stats/expenses - Status: 200 - Duration: 0.053s - IP: 127.0.0.1 - User: fedegarcia30@gmail.com
2026-03-09 02:51:44,717 | INFO     | app | [GET] /api/v1/stats/expenses - Status: 200 - Duration: 0.053s - IP: 127.0.0.1 - User: fedegarcia30@gmail.com
2026-03-09 02:51:44,852 | INFO     | app | [GET] /api/v1/stats/dashboard - Status: 200 - Duration: 0.19s - IP: 127.0.0.1 - User: fedegarcia30@gmail.com
2026-03-09 02:51:46,725 | INFO     | app | [OPTIONS] /api/v1/stats/mapa - Status: 200 - Duration: 0.0s - IP: 127.0.0.1 - User: Anonymous
2026-03-09 02:51:46,726 | INFO     | app | [OPTIONS] /api/v1/stats/mapa - Status: 200 - Duration: 0.0s - IP: 127.0.0.1 - User: Anonymous
2026-03-09 02:51:47,010 | INFO     | app | [GET] /api/v1/stats/mapa - Status: 200 - Duration: 0.022s - IP: 127.0.0.1 - User: fedegarcia30@gmail.com
2026-03-09 02:51:47,059 | INFO     | app | [GET] /api/v1/stats/mapa - Status: 200 - Duration: 0.022s - IP: 127.0.0.1 - User: fedegarcia30@gmail.com
2026-03-09 02:51:53,101 | INFO     | app | [OPTIONS] /api/v1/stats/mapa - Status: 200 - Duration: 0.0s - IP: 127.0.0.1 - User: Anonymous
2026-03-09 02:51:53,451 | INFO     | app | [GET] /api/v1/stats/mapa - Status: 200 - Duration: 0.039s - IP: 127.0.0.1 - User: fedegarcia30@gmail.com
2026-03-09 02:51:54,345 | INFO     | app | [OPTIONS] /api/v1/stats/mapa - Status: 200 - Duration: 0.001s - IP: 127.0.0.1 - User: Anonymous
2026-03-09 02:51:54,736 | INFO     | app | [GET] /api/v1/stats/mapa - Status: 200 - Duration: 0.07s - IP: 127.0.0.1 - User: fedegarcia30@gmail.com
2026-03-09 02:51:57,853 | INFO     | app | [OPTIONS] /api/v1/stats/mapa - Status: 200 - Duration: 0.0s - IP: 127.0.0.1 - User: Anonymous
2026-03-09 02:51:58,261 | INFO     | app | [GET] /api/v1/stats/mapa - Status: 200 - Duration: 0.097s - IP: 127.0.0.1 - User: fedegarcia30@gmail.com
2026-03-09 02:54:57,780 | INFO     | app | [OPTIONS] /api/v1/stats/mapa - Status: 200 - Duration: 0.001s - IP: 127.0.0.1 - User: Anonymous
2026-03-09 02:54:57,782 | INFO     | app | [OPTIONS] /api/v1/stats/mapa - Status: 200 - Duration: 0.0s - IP: 127.0.0.1 - User: Anonymous
2026-03-09 02:54:58,068 | INFO     | app | [GET] /api/v1/stats/mapa - Status: 200 - Duration: 0.023s - IP: 127.0.0.1 - User: fedegarcia30@gmail.com
2026-03-09 02:54:58,117 | INFO     | app | [GET] /api/v1/stats/mapa - Status: 200 - Duration: 0.027s - IP: 127.0.0.1 - User: fedegarcia30@gmail.com
2026-03-09 02:55:08,899 | INFO     | app | [OPTIONS] /api/v1/stats/mapa - Status: 200 - Duration: 0.001s - IP: 127.0.0.1 - User: Anonymous
2026-03-09 02:55:09,231 | INFO     | app | [GET] /api/v1/stats/mapa - Status: 200 - Duration: 0.017s - IP: 127.0.0.1 - User: fedegarcia30@gmail.com
2026-03-09 02:55:10,216 | INFO     | app | [OPTIONS] /api/v1/stats/mapa - Status: 200 - Duration: 0.0s - IP: 127.0.0.1 - User: Anonymous
2026-03-09 02:55:10,569 | INFO     | app | [GET] /api/v1/stats/mapa - Status: 200 - Duration: 0.04s - IP: 127.0.0.1 - User: fedegarcia30@gmail.com
2026-03-09 02:55:24,791 | INFO     | app | [OPTIONS] /api/v1/stats/mapa - Status: 200 - Duration: 0.0s - IP: 127.0.0.1 - User: Anonymous
2026-03-09 02:55:25,176 | INFO     | app | [GET] /api/v1/stats/mapa - Status: 200 - Duration: 0.063s - IP: 127.0.0.1 - User: fedegarcia30@gmail.com
2026-03-09 02:55:28,548 | INFO     | app | [OPTIONS] /api/v1/stats/mapa - Status: 200 - Duration: 0.0s - IP: 127.0.0.1 - User: Anonymous
2026-03-09 02:55:28,931 | INFO     | app | [GET] /api/v1/stats/mapa - Status: 200 - Duration: 0.072s - IP: 127.0.0.1 - User: fedegarcia30@gmail.com
2026-03-09 02:56:23,017 | INFO     | app | Logger initialized successfully at level INFO
2026-03-09 03:00:13,628 | INFO     | app | [OPTIONS] /api/v1/auth/me - Status: 200 - Duration: 0.0s - IP: 127.0.0.1 - User: Anonymous
2026-03-09 03:00:14,627 | INFO     | app | [GET] /api/v1/auth/me - Status: 200 - Duration: 0.75s - IP: 127.0.0.1 - User: fedegarcia30@gmail.com
2026-03-09 03:00:14,746 | INFO     | app | [OPTIONS] /api/v1/stats/dashboard - Status: 200 - Duration: 0.001s - IP: 127.0.0.1 - User: Anonymous
2026-03-09 03:00:15,055 | INFO     | app | [OPTIONS] /api/v1/stats/expenses - Status: 200 - Duration: 0.0s - IP: 127.0.0.1 - User: Anonymous
2026-03-09 03:00:15,056 | INFO     | app | [OPTIONS] /api/v1/stats/dashboard - Status: 200 - Duration: 0.0s - IP: 127.0.0.1 - User: Anonymous
2026-03-09 03:00:15,057 | INFO     | app | [OPTIONS] /api/v1/stats/expenses - Status: 200 - Duration: 0.0s - IP: 127.0.0.1 - User: Anonymous
2026-03-09 03:00:15,265 | INFO     | app | [GET] /api/v1/stats/dashboard - Status: 200 - Duration: 0.205s - IP: 127.0.0.1 - User: fedegarcia30@gmail.com
2026-03-09 03:00:15,415 | INFO     | app | [GET] /api/v1/stats/expenses - Status: 200 - Duration: 0.046s - IP: 127.0.0.1 - User: fedegarcia30@gmail.com
2026-03-09 03:00:15,422 | INFO     | app | [GET] /api/v1/stats/expenses - Status: 200 - Duration: 0.05s - IP: 127.0.0.1 - User: fedegarcia30@gmail.com
2026-03-09 03:00:15,565 | INFO     | app | [GET] /api/v1/stats/dashboard - Status: 200 - Duration: 0.194s - IP: 127.0.0.1 - User: fedegarcia30@gmail.com
2026-03-09 03:00:18,417 | INFO     | app | [OPTIONS] /api/v1/stats/mapa - Status: 200 - Duration: 0.0s - IP: 127.0.0.1 - User: Anonymous
2026-03-09 03:00:18,419 | INFO     | app | [OPTIONS] /api/v1/stats/mapa - Status: 200 - Duration: 0.0s - IP: 127.0.0.1 - User: Anonymous
2026-03-09 03:00:18,684 | INFO     | app | [GET] /api/v1/stats/mapa - Status: 200 - Duration: 0.019s - IP: 127.0.0.1 - User: fedegarcia30@gmail.com
2026-03-09 03:00:18,743 | INFO     | app | [GET] /api/v1/stats/mapa - Status: 200 - Duration: 0.016s - IP: 127.0.0.1 - User: fedegarcia30@gmail.com
2026-03-09 03:00:22,699 | INFO     | app | [OPTIONS] /api/v1/stats/mapa - Status: 200 - Duration: 0.0s - IP: 127.0.0.1 - User: Anonymous
2026-03-09 03:00:23,032 | INFO     | app | [GET] /api/v1/stats/mapa - Status: 200 - Duration: 0.014s - IP: 127.0.0.1 - User: fedegarcia30@gmail.com
2026-03-09 03:00:24,507 | INFO     | app | [OPTIONS] /api/v1/stats/mapa - Status: 200 - Duration: 0.0s - IP: 127.0.0.1 - User: Anonymous
2026-03-09 03:00:24,852 | INFO     | app | [GET] /api/v1/stats/mapa - Status: 200 - Duration: 0.03s - IP: 127.0.0.1 - User: fedegarcia30@gmail.com
2026-03-09 03:00:28,365 | INFO     | app | [OPTIONS] /api/v1/stats/mapa - Status: 200 - Duration: 0.0s - IP: 127.0.0.1 - User: Anonymous
2026-03-09 03:00:28,709 | INFO     | app | [GET] /api/v1/stats/mapa - Status: 200 - Duration: 0.033s - IP: 127.0.0.1 - User: fedegarcia30@gmail.com
2026-03-09 03:00:30,246 | INFO     | app | [OPTIONS] /api/v1/stats/mapa - Status: 200 - Duration: 0.0s - IP: 127.0.0.1 - User: Anonymous
2026-03-09 03:00:30,639 | INFO     | app | [GET] /api/v1/stats/mapa - Status: 200 - Duration: 0.084s - IP: 127.0.0.1 - User: fedegarcia30@gmail.com
2026-03-09 03:01:27,857 | INFO     | app | [OPTIONS] /api/v1/stats/mapa - Status: 200 - Duration: 0.0s - IP: 127.0.0.1 - User: Anonymous
2026-03-09 03:01:28,218 | INFO     | app | [GET] /api/v1/stats/mapa - Status: 200 - Duration: 0.046s - IP: 127.0.0.1 - User: fedegarcia30@gmail.com
2026-03-09 03:01:30,310 | INFO     | app | [OPTIONS] /api/v1/stats/mapa - Status: 200 - Duration: 0.0s - IP: 127.0.0.1 - User: Anonymous
2026-03-09 03:01:30,709 | INFO     | app | [GET] /api/v1/stats/mapa - Status: 200 - Duration: 0.083s - IP: 127.0.0.1 - User: fedegarcia30@gmail.com
2026-03-09 03:01:31,621 | INFO     | app | [OPTIONS] /api/v1/stats/mapa - Status: 200 - Duration: 0.001s - IP: 127.0.0.1 - User: Anonymous
2026-03-09 03:01:31,980 | INFO     | app | [GET] /api/v1/stats/mapa - Status: 200 - Duration: 0.046s - IP: 127.0.0.1 - User: fedegarcia30@gmail.com
2026-03-09 03:01:33,933 | INFO     | app | [OPTIONS] /api/v1/stats/mapa - Status: 200 - Duration: 0.0s - IP: 127.0.0.1 - User: Anonymous
2026-03-09 03:01:34,272 | INFO     | app | [GET] /api/v1/stats/mapa - Status: 200 - Duration: 0.027s - IP: 127.0.0.1 - User: fedegarcia30@gmail.com
2026-03-09 03:01:35,954 | INFO     | app | [OPTIONS] /api/v1/stats/mapa - Status: 200 - Duration: 0.0s - IP: 127.0.0.1 - User: Anonymous
2026-03-09 03:01:36,286 | INFO     | app | [GET] /api/v1/stats/mapa - Status: 200 - Duration: 0.018s - IP: 127.0.0.1 - User: fedegarcia30@gmail.com
2026-03-09 03:03:08,401 | INFO     | app | [OPTIONS] /api/v1/auth/me - Status: 200 - Duration: 0.0s - IP: 127.0.0.1 - User: Anonymous
2026-03-09 03:03:08,666 | INFO     | app | [GET] /api/v1/auth/me - Status: 200 - Duration: 0.008s - IP: 127.0.0.1 - User: fedegarcia30@gmail.com
2026-03-09 03:03:08,925 | INFO     | app | [OPTIONS] /api/v1/availability/check - Status: 200 - Duration: 0.0s - IP: 127.0.0.1 - User: Anonymous
2026-03-09 03:03:09,237 | INFO     | app | [OPTIONS] /api/v1/availability/check - Status: 200 - Duration: 0.0s - IP: 127.0.0.1 - User: Anonymous
2026-03-09 03:03:09,239 | INFO     | app | [OPTIONS] /api/v1/availability/check - Status: 200 - Duration: 0.001s - IP: 127.0.0.1 - User: Anonymous
2026-03-09 03:03:09,240 | INFO     | app | [OPTIONS] /api/v1/availability/check - Status: 200 - Duration: 0.001s - IP: 127.0.0.1 - User: Anonymous
2026-03-09 03:03:09,243 | INFO     | app | [OPTIONS] /api/v1/availability/check - Status: 200 - Duration: 0.0s - IP: 127.0.0.1 - User: Anonymous
2026-03-09 03:03:09,561 | INFO     | app | [OPTIONS] /api/v1/availability/check - Status: 200 - Duration: 0.0s - IP: 127.0.0.1 - User: Anonymous
2026-03-09 03:03:09,573 | INFO     | app | [OPTIONS] /api/v1/stats/dashboard - Status: 200 - Duration: 0.001s - IP: 127.0.0.1 - User: Anonymous
2026-03-09 03:03:09,575 | INFO     | app | [OPTIONS] /api/v1/stats/dashboard - Status: 200 - Duration: 0.001s - IP: 127.0.0.1 - User: Anonymous
2026-03-09 03:03:09,579 | INFO     | app | [OPTIONS] /api/v1/stats/expenses - Status: 200 - Duration: 0.001s - IP: 127.0.0.1 - User: Anonymous
2026-03-09 03:03:09,887 | INFO     | app | [OPTIONS] /api/v1/stats/expenses - Status: 200 - Duration: 0.0s - IP: 127.0.0.1 - User: Anonymous
2026-03-09 03:03:10,004 | INFO     | app | [GET] /api/v1/stats/expenses - Status: 200 - Duration: 0.086s - IP: 127.0.0.1 - User: fedegarcia30@gmail.com
2026-03-09 03:03:10,148 | INFO     | app | [GET] /api/v1/stats/dashboard - Status: 200 - Duration: 0.249s - IP: 127.0.0.1 - User: fedegarcia30@gmail.com
2026-03-09 03:03:10,459 | INFO     | app | [GET] /api/v1/stats/expenses - Status: 200 - Duration: 0.14s - IP: 127.0.0.1 - User: fedegarcia30@gmail.com
2026-03-09 03:03:10,777 | INFO     | app | [GET] /api/v1/stats/dashboard - Status: 200 - Duration: 0.3s - IP: 127.0.0.1 - User: fedegarcia30@gmail.com
2026-03-09 03:03:25,459 | INFO     | app | [OPTIONS] /api/v1/pedidos/calendar - Status: 200 - Duration: 0.0s - IP: 127.0.0.1 - User: Anonymous
2026-03-09 03:03:25,461 | INFO     | app | [OPTIONS] /api/v1/pedidos/calendar - Status: 200 - Duration: 0.0s - IP: 127.0.0.1 - User: Anonymous
2026-03-09 03:03:25,750 | INFO     | app | [GET] /api/v1/pedidos/calendar - Status: 200 - Duration: 0.026s - IP: 127.0.0.1 - User: fedegarcia30@gmail.com
2026-03-09 03:03:25,806 | INFO     | app | [GET] /api/v1/pedidos/calendar - Status: 200 - Duration: 0.022s - IP: 127.0.0.1 - User: fedegarcia30@gmail.com
2026-03-09 03:03:40,223 | INFO     | app | [OPTIONS] /api/v1/availability/check - Status: 200 - Duration: 0.0s - IP: 127.0.0.1 - User: Anonymous
2026-03-09 03:03:40,538 | INFO     | app | [OPTIONS] /api/v1/pedidos - Status: 200 - Duration: 0.0s - IP: 127.0.0.1 - User: Anonymous
2026-03-09 03:03:40,540 | INFO     | app | [OPTIONS] /api/v1/pedidos - Status: 200 - Duration: 0.002s - IP: 127.0.0.1 - User: Anonymous
2026-03-09 03:03:40,544 | INFO     | app | [OPTIONS] /api/v1/availability/check - Status: 200 - Duration: 0.0s - IP: 127.0.0.1 - User: Anonymous
2026-03-09 03:03:40,588 | INFO     | app | [POST] /api/v1/availability/check - Status: 200 - Duration: 0.041s - IP: 127.0.0.1 - User: fedegarcia30@gmail.com
2026-03-09 03:03:40,898 | INFO     | app | [POST] /api/v1/availability/check - Status: 200 - Duration: 0.023s - IP: 127.0.0.1 - User: fedegarcia30@gmail.com
2026-03-09 03:03:41,106 | INFO     | app | [GET] /api/v1/pedidos - Status: 200 - Duration: 0.249s - IP: 127.0.0.1 - User: fedegarcia30@gmail.com
2026-03-09 03:03:41,655 | INFO     | app | [GET] /api/v1/pedidos - Status: 200 - Duration: 0.228s - IP: 127.0.0.1 - User: fedegarcia30@gmail.com
2026-03-09 03:04:02,350 | INFO     | app | [OPTIONS] /api/v1/rices - Status: 200 - Duration: 0.0s - IP: 127.0.0.1 - User: Anonymous
2026-03-09 03:04:02,353 | INFO     | app | [OPTIONS] /api/v1/rices - Status: 200 - Duration: 0.002s - IP: 127.0.0.1 - User: Anonymous
2026-03-09 03:04:02,686 | INFO     | app | [GET] /api/v1/rices - Status: 200 - Duration: 0.074s - IP: 127.0.0.1 - User: fedegarcia30@gmail.com
2026-03-09 03:04:02,723 | INFO     | app | [GET] /api/v1/rices - Status: 200 - Duration: 0.022s - IP: 127.0.0.1 - User: fedegarcia30@gmail.com
2026-03-09 03:04:18,689 | INFO     | app | [OPTIONS] /api/v1/ingredients - Status: 200 - Duration: 0.0s - IP: 127.0.0.1 - User: Anonymous
2026-03-09 03:04:18,692 | INFO     | app | [OPTIONS] /api/v1/rices/1/recipe - Status: 200 - Duration: 0.001s - IP: 127.0.0.1 - User: Anonymous
2026-03-09 03:04:18,695 | INFO     | app | [OPTIONS] /api/v1/ingredients - Status: 200 - Duration: 0.001s - IP: 127.0.0.1 - User: Anonymous
2026-03-09 03:04:18,699 | INFO     | app | [OPTIONS] /api/v1/rices/1/recipe - Status: 200 - Duration: 0.001s - IP: 127.0.0.1 - User: Anonymous
2026-03-09 03:04:18,966 | INFO     | app | [GET] /api/v1/ingredients - Status: 200 - Duration: 0.017s - IP: 127.0.0.1 - User: fedegarcia30@gmail.com
2026-03-09 03:04:19,064 | INFO     | app | [GET] /api/v1/ingredients - Status: 200 - Duration: 0.032s - IP: 127.0.0.1 - User: fedegarcia30@gmail.com
2026-03-09 03:04:19,116 | INFO     | app | [GET] /api/v1/rices/1/recipe - Status: 200 - Duration: 0.086s - IP: 127.0.0.1 - User: fedegarcia30@gmail.com
2026-03-09 03:04:19,316 | INFO     | app | [GET] /api/v1/rices/1/recipe - Status: 200 - Duration: 0.026s - IP: 127.0.0.1 - User: fedegarcia30@gmail.com
2026-03-09 03:04:38,363 | INFO     | app | [OPTIONS] /api/v1/clients/stats - Status: 200 - Duration: 0.001s - IP: 127.0.0.1 - User: Anonymous
2026-03-09 03:04:38,682 | INFO     | app | [OPTIONS] /api/v1/clients/stats - Status: 200 - Duration: 0.0s - IP: 127.0.0.1 - User: Anonymous
2026-03-09 03:04:38,975 | INFO     | app | [OPTIONS] /api/v1/clients - Status: 200 - Duration: 0.0s - IP: 127.0.0.1 - User: Anonymous
2026-03-09 03:04:38,978 | INFO     | app | [GET] /api/v1/clients/stats - Status: 200 - Duration: 0.277s - IP: 127.0.0.1 - User: fedegarcia30@gmail.com
2026-03-09 03:04:39,392 | INFO     | app | [GET] /api/v1/clients - Status: 200 - Duration: 0.041s - IP: 127.0.0.1 - User: fedegarcia30@gmail.com
2026-03-09 03:04:39,407 | INFO     | app | [GET] /api/v1/clients/stats - Status: 200 - Duration: 0.099s - IP: 127.0.0.1 - User: fedegarcia30@gmail.com
2026-03-09 03:04:51,132 | INFO     | app | [OPTIONS] /api/v1/clients - Status: 200 - Duration: 0.0s - IP: 127.0.0.1 - User: Anonymous
2026-03-09 03:04:51,488 | INFO     | app | [GET] /api/v1/clients - Status: 200 - Duration: 0.038s - IP: 127.0.0.1 - User: fedegarcia30@gmail.com
2026-03-09 03:05:03,310 | INFO     | app | [OPTIONS] /api/v1/ingredients - Status: 200 - Duration: 0.001s - IP: 127.0.0.1 - User: Anonymous
2026-03-09 03:05:03,625 | INFO     | app | [OPTIONS] /api/v1/ingredients - Status: 200 - Duration: 0.0s - IP: 127.0.0.1 - User: Anonymous
2026-03-09 03:05:03,646 | INFO     | app | [GET] /api/v1/ingredients - Status: 200 - Duration: 0.016s - IP: 127.0.0.1 - User: fedegarcia30@gmail.com
2026-03-09 03:05:03,980 | INFO     | app | [GET] /api/v1/ingredients - Status: 200 - Duration: 0.007s - IP: 127.0.0.1 - User: fedegarcia30@gmail.com
2026-03-09 03:05:33,540 | INFO     | app | [OPTIONS] /api/v1/pedidos - Status: 200 - Duration: 0.001s - IP: 127.0.0.1 - User: Anonymous
2026-03-09 03:05:33,862 | INFO     | app | [OPTIONS] /api/v1/pedidos - Status: 200 - Duration: 0.001s - IP: 127.0.0.1 - User: Anonymous
2026-03-09 03:05:33,868 | INFO     | app | [OPTIONS] /api/v1/pedidos - Status: 200 - Duration: 0.001s - IP: 127.0.0.1 - User: Anonymous
2026-03-09 03:05:33,877 | INFO     | app | [OPTIONS] /api/v1/pedidos - Status: 200 - Duration: 0.001s - IP: 127.0.0.1 - User: Anonymous
2026-03-09 03:05:33,886 | INFO     | app | [OPTIONS] /api/v1/pedidos - Status: 200 - Duration: 0.001s - IP: 127.0.0.1 - User: Anonymous
2026-03-09 03:05:33,893 | INFO     | app | [OPTIONS] /api/v1/pedidos - Status: 200 - Duration: 0.0s - IP: 127.0.0.1 - User: Anonymous
2026-03-09 03:05:33,913 | INFO     | app | [GET] /api/v1/pedidos - Status: 200 - Duration: 0.047s - IP: 127.0.0.1 - User: fedegarcia30@gmail.com
2026-03-09 03:05:34,195 | INFO     | app | [OPTIONS] /api/v1/pedidos - Status: 200 - Duration: 0.001s - IP: 127.0.0.1 - User: Anonymous
2026-03-09 03:05:34,205 | INFO     | app | [OPTIONS] /api/v1/pedidos - Status: 200 - Duration: 0.0s - IP: 127.0.0.1 - User: Anonymous
2026-03-09 03:05:34,208 | INFO     | app | [OPTIONS] /api/v1/pedidos - Status: 200 - Duration: 0.0s - IP: 127.0.0.1 - User: Anonymous
2026-03-09 03:05:34,235 | INFO     | app | [OPTIONS] /api/v1/pedidos - Status: 200 - Duration: 0.0s - IP: 127.0.0.1 - User: Anonymous
2026-03-09 03:05:34,238 | INFO     | app | [OPTIONS] /api/v1/pedidos - Status: 200 - Duration: 0.001s - IP: 127.0.0.1 - User: Anonymous
2026-03-09 03:05:34,245 | INFO     | app | [OPTIONS] /api/v1/pedidos - Status: 200 - Duration: 0.001s - IP: 127.0.0.1 - User: Anonymous
2026-03-09 03:05:34,514 | INFO     | app | [OPTIONS] /api/v1/pedidos - Status: 200 - Duration: 0.001s - IP: 127.0.0.1 - User: Anonymous
2026-03-09 03:05:34,532 | INFO     | app | [OPTIONS] /api/v1/pedidos - Status: 200 - Duration: 0.001s - IP: 127.0.0.1 - User: Anonymous
2026-03-09 03:05:34,538 | INFO     | app | [OPTIONS] /api/v1/pedidos - Status: 200 - Duration: 0.0s - IP: 127.0.0.1 - User: Anonymous
2026-03-09 03:05:34,620 | INFO     | app | [GET] /api/v1/pedidos - Status: 200 - Duration: 0.054s - IP: 127.0.0.1 - User: fedegarcia30@gmail.com
2026-03-09 03:05:34,623 | INFO     | app | [GET] /api/v1/pedidos - Status: 200 - Duration: 0.052s - IP: 127.0.0.1 - User: fedegarcia30@gmail.com
2026-03-09 03:05:34,627 | INFO     | app | [GET] /api/v1/pedidos - Status: 200 - Duration: 0.05s - IP: 127.0.0.1 - User: fedegarcia30@gmail.com
2026-03-09 03:05:34,870 | INFO     | app | [GET] /api/v1/pedidos - Status: 200 - Duration: 0.023s - IP: 127.0.0.1 - User: fedegarcia30@gmail.com
2026-03-09 03:05:34,903 | INFO     | app | [GET] /api/v1/pedidos - Status: 200 - Duration: 0.033s - IP: 127.0.0.1 - User: fedegarcia30@gmail.com
2026-03-09 03:05:35,014 | INFO     | app | [GET] /api/v1/pedidos - Status: 200 - Duration: 0.05s - IP: 127.0.0.1 - User: fedegarcia30@gmail.com
2026-03-09 03:05:35,095 | INFO     | app | [GET] /api/v1/pedidos - Status: 200 - Duration: 0.115s - IP: 127.0.0.1 - User: fedegarcia30@gmail.com
2026-03-09 03:05:35,125 | INFO     | app | [GET] /api/v1/pedidos - Status: 200 - Duration: 0.258s - IP: 127.0.0.1 - User: fedegarcia30@gmail.com
2026-03-09 03:05:35,307 | INFO     | app | [GET] /api/v1/pedidos - Status: 200 - Duration: 0.034s - IP: 127.0.0.1 - User: fedegarcia30@gmail.com
2026-03-09 03:05:35,309 | INFO     | app | [GET] /api/v1/pedidos - Status: 200 - Duration: 0.029s - IP: 127.0.0.1 - User: fedegarcia30@gmail.com
2026-03-09 03:05:35,364 | INFO     | app | [GET] /api/v1/pedidos - Status: 200 - Duration: 0.018s - IP: 127.0.0.1 - User: fedegarcia30@gmail.com
2026-03-09 03:05:35,450 | INFO     | app | [GET] /api/v1/pedidos - Status: 200 - Duration: 0.023s - IP: 127.0.0.1 - User: fedegarcia30@gmail.com
2026-03-09 03:05:35,641 | INFO     | app | [GET] /api/v1/pedidos - Status: 200 - Duration: 0.186s - IP: 127.0.0.1 - User: fedegarcia30@gmail.com
2026-03-09 03:06:09,144 | INFO     | app | [OPTIONS] /api/v1/stats/dashboard - Status: 200 - Duration: 0.0s - IP: 127.0.0.1 - User: Anonymous
2026-03-09 03:06:09,168 | INFO     | app | [OPTIONS] /api/v1/stats/expenses - Status: 200 - Duration: 0.002s - IP: 127.0.0.1 - User: Anonymous
2026-03-09 03:06:09,176 | INFO     | app | [OPTIONS] /api/v1/stats/dashboard - Status: 200 - Duration: 0.0s - IP: 127.0.0.1 - User: Anonymous
2026-03-09 03:06:09,187 | INFO     | app | [OPTIONS] /api/v1/stats/expenses - Status: 200 - Duration: 0.0s - IP: 127.0.0.1 - User: Anonymous
2026-03-09 03:06:09,818 | INFO     | app | [GET] /api/v1/stats/expenses - Status: 200 - Duration: 0.321s - IP: 127.0.0.1 - User: fedegarcia30@gmail.com
2026-03-09 03:06:10,133 | INFO     | app | [GET] /api/v1/stats/dashboard - Status: 200 - Duration: 0.646s - IP: 127.0.0.1 - User: fedegarcia30@gmail.com
2026-03-09 03:06:10,333 | INFO     | app | [GET] /api/v1/stats/expenses - Status: 200 - Duration: 0.164s - IP: 127.0.0.1 - User: fedegarcia30@gmail.com
2026-03-09 03:06:10,818 | INFO     | app | [GET] /api/v1/stats/dashboard - Status: 200 - Duration: 0.347s - IP: 127.0.0.1 - User: fedegarcia30@gmail.com
2026-03-09 03:06:24,132 | INFO     | app | [GET] /api/v1/pedidos - Status: 200 - Duration: 49.165s - IP: 127.0.0.1 - User: fedegarcia30@gmail.com
2026-03-09 03:06:25,088 | INFO     | app | [OPTIONS] /api/v1/stats/mapa - Status: 200 - Duration: 0.0s - IP: 127.0.0.1 - User: Anonymous
2026-03-09 03:06:25,093 | INFO     | app | [OPTIONS] /api/v1/stats/mapa - Status: 200 - Duration: 0.0s - IP: 127.0.0.1 - User: Anonymous
2026-03-09 03:06:25,454 | INFO     | app | [GET] /api/v1/stats/mapa - Status: 200 - Duration: 0.022s - IP: 127.0.0.1 - User: fedegarcia30@gmail.com
2026-03-09 03:06:25,793 | INFO     | app | [GET] /api/v1/stats/mapa - Status: 200 - Duration: 0.021s - IP: 127.0.0.1 - User: fedegarcia30@gmail.com
2026-03-09 03:06:41,455 | INFO     | app | [GET] /api/v1/pedidos - Status: 200 - Duration: 46.58s - IP: 127.0.0.1 - User: fedegarcia30@gmail.com
2026-03-09 03:06:45,594 | INFO     | app | [OPTIONS] /api/v1/auth/me - Status: 200 - Duration: 0.0s - IP: 127.0.0.1 - User: Anonymous
2026-03-09 03:06:45,859 | INFO     | app | [GET] /api/v1/auth/me - Status: 200 - Duration: 0.015s - IP: 127.0.0.1 - User: fedegarcia30@gmail.com
2026-03-09 03:06:45,996 | INFO     | app | [OPTIONS] /api/v1/availability/check - Status: 200 - Duration: 0.001s - IP: 127.0.0.1 - User: Anonymous
2026-03-09 03:06:46,318 | INFO     | app | [OPTIONS] /api/v1/availability/check - Status: 200 - Duration: 0.0s - IP: 127.0.0.1 - User: Anonymous
2026-03-09 03:06:46,320 | INFO     | app | [OPTIONS] /api/v1/availability/check - Status: 200 - Duration: 0.001s - IP: 127.0.0.1 - User: Anonymous
2026-03-09 03:06:46,645 | INFO     | app | [OPTIONS] /api/v1/availability/check - Status: 200 - Duration: 0.0s - IP: 127.0.0.1 - User: Anonymous
2026-03-09 03:06:46,646 | INFO     | app | [OPTIONS] /api/v1/pedidos/calendar - Status: 200 - Duration: 0.0s - IP: 127.0.0.1 - User: Anonymous
2026-03-09 03:06:46,984 | INFO     | app | [GET] /api/v1/pedidos/calendar - Status: 200 - Duration: 0.017s - IP: 127.0.0.1 - User: fedegarcia30@gmail.com
2026-03-09 03:06:47,246 | INFO     | app | [GET] /api/v1/pedidos/calendar - Status: 200 - Duration: 0.016s - IP: 127.0.0.1 - User: fedegarcia30@gmail.com
2026-03-09 03:07:03,596 | INFO     | app | [OPTIONS] /api/v1/auth/me - Status: 200 - Duration: 0.001s - IP: 127.0.0.1 - User: Anonymous
2026-03-09 03:07:03,919 | INFO     | app | [GET] /api/v1/auth/me - Status: 200 - Duration: 0.008s - IP: 127.0.0.1 - User: fedegarcia30@gmail.com
2026-03-09 03:07:04,175 | INFO     | app | [OPTIONS] /api/v1/availability/check - Status: 200 - Duration: 0.0s - IP: 127.0.0.1 - User: Anonymous
2026-03-09 03:07:04,298 | INFO     | app | [OPTIONS] /api/v1/availability/check - Status: 200 - Duration: 0.0s - IP: 127.0.0.1 - User: Anonymous
2026-03-09 03:07:04,302 | INFO     | app | [OPTIONS] /api/v1/availability/check - Status: 200 - Duration: 0.0s - IP: 127.0.0.1 - User: Anonymous
2026-03-09 03:07:04,488 | INFO     | app | [OPTIONS] /api/v1/availability/check - Status: 200 - Duration: 0.002s - IP: 127.0.0.1 - User: Anonymous
2026-03-09 03:07:04,609 | INFO     | app | [OPTIONS] /api/v1/pedidos/calendar - Status: 200 - Duration: 0.0s - IP: 127.0.0.1 - User: Anonymous
2026-03-09 03:07:04,611 | INFO     | app | [OPTIONS] /api/v1/pedidos/calendar - Status: 200 - Duration: 0.0s - IP: 127.0.0.1 - User: Anonymous
2026-03-09 03:07:04,803 | INFO     | app | [GET] /api/v1/pedidos/calendar - Status: 200 - Duration: 0.007s - IP: 127.0.0.1 - User: fedegarcia30@gmail.com
2026-03-09 03:07:04,929 | INFO     | app | [GET] /api/v1/pedidos/calendar - Status: 200 - Duration: 0.008s - IP: 127.0.0.1 - User: fedegarcia30@gmail.com
2026-03-09 03:07:27,325 | INFO     | app | [OPTIONS] /api/v1/auth/me - Status: 200 - Duration: 0.0s - IP: 127.0.0.1 - User: Anonymous
2026-03-09 03:07:27,640 | INFO     | app | [GET] /api/v1/auth/me - Status: 200 - Duration: 0.003s - IP: 127.0.0.1 - User: fedegarcia30@gmail.com
2026-03-09 03:07:27,904 | INFO     | app | [OPTIONS] /api/v1/availability/check - Status: 200 - Duration: 0.0s - IP: 127.0.0.1 - User: Anonymous
2026-03-09 03:07:27,996 | INFO     | app | [OPTIONS] /api/v1/availability/check - Status: 200 - Duration: 0.001s - IP: 127.0.0.1 - User: Anonymous
2026-03-09 03:07:27,996 | INFO     | app | [OPTIONS] /api/v1/availability/check - Status: 200 - Duration: 0.0s - IP: 127.0.0.1 - User: Anonymous
2026-03-09 03:07:28,215 | INFO     | app | [OPTIONS] /api/v1/availability/check - Status: 200 - Duration: 0.0s - IP: 127.0.0.1 - User: Anonymous
2026-03-09 03:07:28,306 | INFO     | app | [OPTIONS] /api/v1/pedidos/calendar - Status: 200 - Duration: 0.0s - IP: 127.0.0.1 - User: Anonymous
2026-03-09 03:07:28,307 | INFO     | app | [OPTIONS] /api/v1/pedidos/calendar - Status: 200 - Duration: 0.0s - IP: 127.0.0.1 - User: Anonymous
2026-03-09 03:07:28,545 | INFO     | app | [GET] /api/v1/pedidos/calendar - Status: 200 - Duration: 0.005s - IP: 127.0.0.1 - User: fedegarcia30@gmail.com
2026-03-09 03:07:28,630 | INFO     | app | [GET] /api/v1/pedidos/calendar - Status: 200 - Duration: 0.01s - IP: 127.0.0.1 - User: fedegarcia30@gmail.com
2026-03-09 03:07:44,169 | INFO     | app | [OPTIONS] /api/v1/auth/me - Status: 200 - Duration: 0.0s - IP: 127.0.0.1 - User: Anonymous
2026-03-09 03:07:44,510 | INFO     | app | [GET] /api/v1/auth/me - Status: 200 - Duration: 0.012s - IP: 127.0.0.1 - User: test01@test.com
2026-03-09 03:07:44,745 | INFO     | app | [OPTIONS] /api/v1/pedidos/calendar - Status: 200 - Duration: 0.0s - IP: 127.0.0.1 - User: Anonymous
2026-03-09 03:07:44,951 | INFO     | app | [OPTIONS] /api/v1/pedidos/calendar - Status: 200 - Duration: 0.0s - IP: 127.0.0.1 - User: Anonymous
2026-03-09 03:07:44,969 | INFO     | app | [GET] /api/v1/pedidos/calendar - Status: 200 - Duration: 0.016s - IP: 127.0.0.1 - User: test01@test.com
2026-03-09 03:07:45,076 | INFO     | app | [GET] /api/v1/pedidos/calendar - Status: 200 - Duration: 0.019s - IP: 127.0.0.1 - User: test01@test.com
2026-03-09 03:08:49,907 | INFO     | app | [OPTIONS] /api/v1/auth/me - Status: 200 - Duration: 0.0s - IP: 127.0.0.1 - User: Anonymous
2026-03-09 03:08:50,182 | INFO     | app | [GET] /api/v1/auth/me - Status: 200 - Duration: 0.012s - IP: 127.0.0.1 - User: test01@test.com
2026-03-09 03:08:50,293 | INFO     | app | [OPTIONS] /api/v1/availability/check - Status: 200 - Duration: 0.0s - IP: 127.0.0.1 - User: Anonymous
2026-03-09 03:08:50,614 | INFO     | app | [OPTIONS] /api/v1/availability/check - Status: 200 - Duration: 0.0s - IP: 127.0.0.1 - User: Anonymous
2026-03-09 03:08:50,616 | INFO     | app | [OPTIONS] /api/v1/availability/check - Status: 200 - Duration: 0.0s - IP: 127.0.0.1 - User: Anonymous
2026-03-09 03:08:50,948 | INFO     | app | [OPTIONS] /api/v1/pedidos/calendar - Status: 200 - Duration: 0.0s - IP: 127.0.0.1 - User: Anonymous
2026-03-09 03:08:50,952 | INFO     | app | [OPTIONS] /api/v1/pedidos/calendar - Status: 200 - Duration: 0.001s - IP: 127.0.0.1 - User: Anonymous
2026-03-09 03:08:51,213 | INFO     | app | [GET] /api/v1/pedidos/calendar - Status: 200 - Duration: 0.014s - IP: 127.0.0.1 - User: test01@test.com
2026-03-09 03:08:51,292 | INFO     | app | [GET] /api/v1/pedidos/calendar - Status: 200 - Duration: 0.012s - IP: 127.0.0.1 - User: test01@test.com
2026-03-09 03:09:11,542 | INFO     | app | [OPTIONS] /api/v1/auth/me - Status: 200 - Duration: 0.0s - IP: 127.0.0.1 - User: Anonymous
2026-03-09 03:09:11,876 | INFO     | app | [GET] /api/v1/auth/me - Status: 200 - Duration: 0.009s - IP: 127.0.0.1 - User: test01@test.com
2026-03-09 03:09:12,132 | INFO     | app | [OPTIONS] /api/v1/availability/check - Status: 200 - Duration: 0.0s - IP: 127.0.0.1 - User: Anonymous
2026-03-09 03:09:12,349 | INFO     | app | [OPTIONS] /api/v1/availability/check - Status: 200 - Duration: 0.0s - IP: 127.0.0.1 - User: Anonymous
2026-03-09 03:09:12,351 | INFO     | app | [OPTIONS] /api/v1/availability/check - Status: 200 - Duration: 0.0s - IP: 127.0.0.1 - User: Anonymous
2026-03-09 03:09:12,458 | INFO     | app | [OPTIONS] /api/v1/availability/check - Status: 200 - Duration: 0.0s - IP: 127.0.0.1 - User: Anonymous
2026-03-09 03:09:12,677 | INFO     | app | [OPTIONS] /api/v1/pedidos/calendar - Status: 200 - Duration: 0.001s - IP: 127.0.0.1 - User: Anonymous
2026-03-09 03:09:12,689 | INFO     | app | [OPTIONS] /api/v1/pedidos/calendar - Status: 200 - Duration: 0.001s - IP: 127.0.0.1 - User: Anonymous
2026-03-09 03:09:12,803 | INFO     | app | [GET] /api/v1/pedidos/calendar - Status: 200 - Duration: 0.02s - IP: 127.0.0.1 - User: test01@test.com
2026-03-09 03:09:13,023 | INFO     | app | [GET] /api/v1/pedidos/calendar - Status: 200 - Duration: 0.02s - IP: 127.0.0.1 - User: test01@test.com
2026-03-09 03:09:48,927 | INFO     | app | [OPTIONS] /api/v1/auth/me - Status: 200 - Duration: 0.0s - IP: 127.0.0.1 - User: Anonymous
2026-03-09 03:09:49,257 | INFO     | app | [GET] /api/v1/auth/me - Status: 200 - Duration: 0.009s - IP: 127.0.0.1 - User: test01@test.com
2026-03-09 03:09:49,509 | INFO     | app | [OPTIONS] /api/v1/availability/check - Status: 200 - Duration: 0.001s - IP: 127.0.0.1 - User: Anonymous
2026-03-09 03:09:49,704 | INFO     | app | [OPTIONS] /api/v1/availability/check - Status: 200 - Duration: 0.001s - IP: 127.0.0.1 - User: Anonymous
2026-03-09 03:09:49,706 | INFO     | app | [OPTIONS] /api/v1/availability/check - Status: 200 - Duration: 0.0s - IP: 127.0.0.1 - User: Anonymous
2026-03-09 03:09:49,829 | INFO     | app | [OPTIONS] /api/v1/availability/check - Status: 200 - Duration: 0.0s - IP: 127.0.0.1 - User: Anonymous
2026-03-09 03:09:50,018 | INFO     | app | [OPTIONS] /api/v1/pedidos/calendar - Status: 200 - Duration: 0.0s - IP: 127.0.0.1 - User: Anonymous
2026-03-09 03:09:50,035 | INFO     | app | [OPTIONS] /api/v1/pedidos/calendar - Status: 200 - Duration: 0.001s - IP: 127.0.0.1 - User: Anonymous
2026-03-09 03:09:50,170 | INFO     | app | [GET] /api/v1/pedidos/calendar - Status: 200 - Duration: 0.016s - IP: 127.0.0.1 - User: test01@test.com
2026-03-09 03:09:50,354 | INFO     | app | [GET] /api/v1/pedidos/calendar - Status: 200 - Duration: 0.016s - IP: 127.0.0.1 - User: test01@test.com
2026-03-09 03:10:14,148 | INFO     | app | [OPTIONS] /api/v1/auth/me - Status: 200 - Duration: 0.001s - IP: 127.0.0.1 - User: Anonymous
2026-03-09 03:10:14,480 | INFO     | app | [GET] /api/v1/auth/me - Status: 200 - Duration: 0.007s - IP: 127.0.0.1 - User: test01@test.com
2026-03-09 03:10:14,735 | INFO     | app | [OPTIONS] /api/v1/availability/check - Status: 200 - Duration: 0.0s - IP: 127.0.0.1 - User: Anonymous
2026-03-09 03:10:14,916 | INFO     | app | [OPTIONS] /api/v1/availability/check - Status: 200 - Duration: 0.0s - IP: 127.0.0.1 - User: Anonymous
2026-03-09 03:10:14,919 | INFO     | app | [OPTIONS] /api/v1/availability/check - Status: 200 - Duration: 0.0s - IP: 127.0.0.1 - User: Anonymous
2026-03-09 03:10:15,058 | INFO     | app | [OPTIONS] /api/v1/availability/check - Status: 200 - Duration: 0.0s - IP: 127.0.0.1 - User: Anonymous
2026-03-09 03:10:15,244 | INFO     | app | [OPTIONS] /api/v1/pedidos/calendar - Status: 200 - Duration: 0.0s - IP: 127.0.0.1 - User: Anonymous
2026-03-09 03:10:15,245 | INFO     | app | [OPTIONS] /api/v1/pedidos/calendar - Status: 200 - Duration: 0.0s - IP: 127.0.0.1 - User: Anonymous
2026-03-09 03:10:15,396 | INFO     | app | [GET] /api/v1/pedidos/calendar - Status: 200 - Duration: 0.015s - IP: 127.0.0.1 - User: test01@test.com
2026-03-09 03:10:15,578 | INFO     | app | [GET] /api/v1/pedidos/calendar - Status: 200 - Duration: 0.014s - IP: 127.0.0.1 - User: test01@test.com
2026-03-09 03:10:43,143 | INFO     | app | [OPTIONS] /api/v1/pedidos - Status: 200 - Duration: 0.001s - IP: 127.0.0.1 - User: Anonymous
2026-03-09 03:10:43,462 | INFO     | app | [OPTIONS] /api/v1/pedidos - Status: 200 - Duration: 0.001s - IP: 127.0.0.1 - User: Anonymous
2026-03-09 03:10:43,466 | INFO     | app | [OPTIONS] /api/v1/pedidos - Status: 200 - Duration: 0.001s - IP: 127.0.0.1 - User: Anonymous
2026-03-09 03:10:43,469 | INFO     | app | [OPTIONS] /api/v1/pedidos - Status: 200 - Duration: 0.0s - IP: 127.0.0.1 - User: Anonymous
2026-03-09 03:10:43,472 | INFO     | app | [OPTIONS] /api/v1/pedidos - Status: 200 - Duration: 0.0s - IP: 127.0.0.1 - User: Anonymous
2026-03-09 03:10:43,474 | INFO     | app | [OPTIONS] /api/v1/pedidos - Status: 200 - Duration: 0.001s - IP: 127.0.0.1 - User: Anonymous
2026-03-09 03:10:43,494 | INFO     | app | [GET] /api/v1/pedidos - Status: 200 - Duration: 0.022s - IP: 127.0.0.1 - User: test01@test.com
2026-03-09 03:10:43,790 | INFO     | app | [OPTIONS] /api/v1/pedidos - Status: 200 - Duration: 0.0s - IP: 127.0.0.1 - User: Anonymous
2026-03-09 03:10:43,793 | INFO     | app | [OPTIONS] /api/v1/pedidos - Status: 200 - Duration: 0.0s - IP: 127.0.0.1 - User: Anonymous
2026-03-09 03:10:43,800 | INFO     | app | [OPTIONS] /api/v1/pedidos - Status: 200 - Duration: 0.0s - IP: 127.0.0.1 - User: Anonymous
2026-03-09 03:10:43,824 | INFO     | app | [OPTIONS] /api/v1/pedidos - Status: 200 - Duration: 0.001s - IP: 127.0.0.1 - User: Anonymous
2026-03-09 03:10:43,828 | INFO     | app | [OPTIONS] /api/v1/pedidos - Status: 200 - Duration: 0.0s - IP: 127.0.0.1 - User: Anonymous
2026-03-09 03:10:43,831 | INFO     | app | [OPTIONS] /api/v1/pedidos - Status: 200 - Duration: 0.001s - IP: 127.0.0.1 - User: Anonymous
2026-03-09 03:10:44,134 | INFO     | app | [OPTIONS] /api/v1/pedidos - Status: 200 - Duration: 0.001s - IP: 127.0.0.1 - User: Anonymous
2026-03-09 03:10:44,138 | INFO     | app | [OPTIONS] /api/v1/pedidos - Status: 200 - Duration: 0.001s - IP: 127.0.0.1 - User: Anonymous
2026-03-09 03:10:44,147 | INFO     | app | [OPTIONS] /api/v1/pedidos - Status: 200 - Duration: 0.001s - IP: 127.0.0.1 - User: Anonymous
2026-03-09 03:10:44,225 | INFO     | app | [GET] /api/v1/pedidos - Status: 200 - Duration: 0.038s - IP: 127.0.0.1 - User: test01@test.com
2026-03-09 03:10:44,227 | INFO     | app | [GET] /api/v1/pedidos - Status: 200 - Duration: 0.037s - IP: 127.0.0.1 - User: test01@test.com
2026-03-09 03:10:44,232 | INFO     | app | [GET] /api/v1/pedidos - Status: 200 - Duration: 0.05s - IP: 127.0.0.1 - User: test01@test.com
2026-03-09 03:10:44,518 | INFO     | app | [GET] /api/v1/pedidos - Status: 200 - Duration: 0.028s - IP: 127.0.0.1 - User: test01@test.com
2026-03-09 03:10:44,527 | INFO     | app | [GET] /api/v1/pedidos - Status: 200 - Duration: 0.033s - IP: 127.0.0.1 - User: test01@test.com
2026-03-09 03:10:44,603 | INFO     | app | [GET] /api/v1/pedidos - Status: 200 - Duration: 0.054s - IP: 127.0.0.1 - User: test01@test.com
2026-03-09 03:10:44,608 | INFO     | app | [GET] /api/v1/pedidos - Status: 200 - Duration: 0.034s - IP: 127.0.0.1 - User: test01@test.com
2026-03-09 03:10:44,733 | INFO     | app | [GET] /api/v1/pedidos - Status: 200 - Duration: 0.262s - IP: 127.0.0.1 - User: test01@test.com
2026-03-09 03:10:44,881 | INFO     | app | [GET] /api/v1/pedidos - Status: 200 - Duration: 0.032s - IP: 127.0.0.1 - User: test01@test.com
2026-03-09 03:10:44,895 | INFO     | app | [GET] /api/v1/pedidos - Status: 200 - Duration: 0.029s - IP: 127.0.0.1 - User: test01@test.com
2026-03-09 03:10:44,970 | INFO     | app | [GET] /api/v1/pedidos - Status: 200 - Duration: 0.03s - IP: 127.0.0.1 - User: test01@test.com
2026-03-09 03:10:44,974 | INFO     | app | [GET] /api/v1/pedidos - Status: 200 - Duration: 0.035s - IP: 127.0.0.1 - User: test01@test.com
2026-03-09 03:10:45,277 | INFO     | app | [GET] /api/v1/pedidos - Status: 200 - Duration: 0.207s - IP: 127.0.0.1 - User: test01@test.com
2026-03-09 03:11:44,873 | INFO     | app | [GET] /api/v1/pedidos - Status: 200 - Duration: 60.31s - IP: 127.0.0.1 - User: test01@test.com
2026-03-09 03:11:53,639 | INFO     | app | [OPTIONS] /api/v1/auth/me - Status: 200 - Duration: 0.0s - IP: 127.0.0.1 - User: Anonymous
2026-03-09 03:11:53,925 | INFO     | app | [GET] /api/v1/auth/me - Status: 200 - Duration: 0.02s - IP: 127.0.0.1 - User: test01@test.com
2026-03-09 03:11:54,051 | INFO     | app | [OPTIONS] /api/v1/availability/check - Status: 200 - Duration: 0.0s - IP: 127.0.0.1 - User: Anonymous
2026-03-09 03:11:54,364 | INFO     | app | [OPTIONS] /api/v1/availability/check - Status: 200 - Duration: 0.0s - IP: 127.0.0.1 - User: Anonymous
2026-03-09 03:11:54,367 | INFO     | app | [OPTIONS] /api/v1/availability/check - Status: 200 - Duration: 0.001s - IP: 127.0.0.1 - User: Anonymous
2026-03-09 03:11:54,689 | INFO     | app | [OPTIONS] /api/v1/availability/check - Status: 200 - Duration: 0.0s - IP: 127.0.0.1 - User: Anonymous
2026-03-09 03:11:54,710 | INFO     | app | [OPTIONS] /api/v1/pedidos/calendar - Status: 200 - Duration: 0.001s - IP: 127.0.0.1 - User: Anonymous
2026-03-09 03:11:55,035 | INFO     | app | [OPTIONS] /api/v1/pedidos/calendar - Status: 200 - Duration: 0.0s - IP: 127.0.0.1 - User: Anonymous
2026-03-09 03:11:55,073 | INFO     | app | [GET] /api/v1/pedidos/calendar - Status: 200 - Duration: 0.032s - IP: 127.0.0.1 - User: test01@test.com
2026-03-09 03:11:55,423 | INFO     | app | [GET] /api/v1/pedidos/calendar - Status: 200 - Duration: 0.02s - IP: 127.0.0.1 - User: test01@test.com
2026-03-09 03:12:02,187 | INFO     | app | [GET] /api/v1/pedidos - Status: 200 - Duration: 57.694s - IP: 127.0.0.1 - User: test01@test.com
2026-03-09 03:12:21,960 | INFO     | app | [OPTIONS] /api/v1/auth/me - Status: 200 - Duration: 0.0s - IP: 127.0.0.1 - User: Anonymous
2026-03-09 03:12:22,297 | INFO     | app | [GET] /api/v1/auth/me - Status: 200 - Duration: 0.008s - IP: 127.0.0.1 - User: test01@test.com
2026-03-09 03:12:22,556 | INFO     | app | [OPTIONS] /api/v1/availability/check - Status: 200 - Duration: 0.0s - IP: 127.0.0.1 - User: Anonymous
2026-03-09 03:12:22,745 | INFO     | app | [OPTIONS] /api/v1/availability/check - Status: 200 - Duration: 0.0s - IP: 127.0.0.1 - User: Anonymous
2026-03-09 03:12:22,747 | INFO     | app | [OPTIONS] /api/v1/availability/check - Status: 200 - Duration: 0.0s - IP: 127.0.0.1 - User: Anonymous
2026-03-09 03:12:22,883 | INFO     | app | [OPTIONS] /api/v1/availability/check - Status: 200 - Duration: 0.0s - IP: 127.0.0.1 - User: Anonymous
2026-03-09 03:12:23,066 | INFO     | app | [OPTIONS] /api/v1/pedidos/calendar - Status: 200 - Duration: 0.0s - IP: 127.0.0.1 - User: Anonymous
2026-03-09 03:12:23,104 | INFO     | app | [OPTIONS] /api/v1/pedidos/calendar - Status: 200 - Duration: 0.0s - IP: 127.0.0.1 - User: Anonymous
2026-03-09 03:12:23,224 | INFO     | app | [GET] /api/v1/pedidos/calendar - Status: 200 - Duration: 0.018s - IP: 127.0.0.1 - User: test01@test.com
2026-03-09 03:12:23,406 | INFO     | app | [GET] /api/v1/pedidos/calendar - Status: 200 - Duration: 0.014s - IP: 127.0.0.1 - User: test01@test.com
2026-03-09 07:55:18,073 | INFO     | app | [GET] /api/v1/auth/me - Status: 200 - Duration: 0.013s - IP: 192.168.1.1 - User: repartidor@repartidor.com
2026-03-09 07:55:18,141 | INFO     | app | [OPTIONS] /api/v1/availability/check - Status: 200 - Duration: 0.0s - IP: 192.168.1.1 - User: Anonymous
2026-03-09 07:55:18,142 | INFO     | app | [OPTIONS] /api/v1/availability/check - Status: 200 - Duration: 0.001s - IP: 192.168.1.1 - User: Anonymous
2026-03-09 07:55:18,143 | INFO     | app | [OPTIONS] /api/v1/availability/check - Status: 200 - Duration: 0.0s - IP: 192.168.1.1 - User: Anonymous
2026-03-09 07:55:18,144 | INFO     | app | [OPTIONS] /api/v1/availability/check - Status: 200 - Duration: 0.0s - IP: 192.168.1.1 - User: Anonymous
2026-03-09 07:55:18,146 | INFO     | app | [OPTIONS] /api/v1/availability/check - Status: 200 - Duration: 0.0s - IP: 192.168.1.1 - User: Anonymous
2026-03-09 07:55:18,149 | INFO     | app | [OPTIONS] /api/v1/availability/check - Status: 200 - Duration: 0.0s - IP: 192.168.1.1 - User: Anonymous
2026-03-09 07:55:18,191 | INFO     | app | [OPTIONS] /api/v1/availability/check - Status: 200 - Duration: 0.0s - IP: 192.168.1.1 - User: Anonymous
2026-03-09 07:55:18,210 | INFO     | app | [GET] /api/v1/pedidos - Status: 200 - Duration: 0.011s - IP: 192.168.1.1 - User: repartidor@repartidor.com
2026-03-09 07:55:18,224 | INFO     | app | [OPTIONS] /api/v1/availability/check - Status: 200 - Duration: 0.0s - IP: 192.168.1.1 - User: Anonymous
2026-03-09 07:55:18,231 | INFO     | app | [GET] /api/v1/pedidos - Status: 200 - Duration: 0.009s - IP: 192.168.1.1 - User: repartidor@repartidor.com
2026-03-09 07:55:18,253 | INFO     | app | [GET] /api/v1/pedidos - Status: 200 - Duration: 0.062s - IP: 192.168.1.1 - User: repartidor@repartidor.com
2026-03-09 07:55:18,256 | INFO     | app | [GET] /api/v1/pedidos - Status: 200 - Duration: 0.064s - IP: 192.168.1.1 - User: repartidor@repartidor.com
2026-03-09 07:55:18,257 | INFO     | app | [GET] /api/v1/pedidos - Status: 200 - Duration: 0.03s - IP: 192.168.1.1 - User: repartidor@repartidor.com
2026-03-09 07:55:18,264 | INFO     | app | [GET] /api/v1/pedidos - Status: 200 - Duration: 0.043s - IP: 192.168.1.1 - User: repartidor@repartidor.com
2026-03-09 07:55:18,324 | INFO     | app | [GET] /api/v1/pedidos - Status: 200 - Duration: 0.081s - IP: 192.168.1.1 - User: repartidor@repartidor.com
2026-03-09 07:55:25,772 | INFO     | app | [GET] /api/v1/pedidos - Status: 200 - Duration: 7.536s - IP: 192.168.1.1 - User: repartidor@repartidor.com
2026-03-09 07:56:04,750 | INFO     | app | [GET] /api/v1/auth/me - Status: 200 - Duration: 0.004s - IP: 192.168.1.1 - User: repartidor@repartidor.com
2026-03-09 07:56:04,798 | INFO     | app | [OPTIONS] /api/v1/availability/check - Status: 200 - Duration: 0.0s - IP: 192.168.1.1 - User: Anonymous
2026-03-09 07:56:04,800 | INFO     | app | [OPTIONS] /api/v1/availability/check - Status: 200 - Duration: 0.0s - IP: 192.168.1.1 - User: Anonymous
2026-03-09 07:56:04,801 | INFO     | app | [OPTIONS] /api/v1/availability/check - Status: 200 - Duration: 0.0s - IP: 192.168.1.1 - User: Anonymous
2026-03-09 07:56:04,803 | INFO     | app | [OPTIONS] /api/v1/availability/check - Status: 200 - Duration: 0.002s - IP: 192.168.1.1 - User: Anonymous
2026-03-09 07:56:04,804 | INFO     | app | [OPTIONS] /api/v1/availability/check - Status: 200 - Duration: 0.0s - IP: 192.168.1.1 - User: Anonymous
2026-03-09 07:56:04,858 | INFO     | app | [OPTIONS] /api/v1/availability/check - Status: 200 - Duration: 0.0s - IP: 192.168.1.1 - User: Anonymous
2026-03-09 07:56:04,859 | INFO     | app | [OPTIONS] /api/v1/availability/check - Status: 200 - Duration: 0.0s - IP: 192.168.1.1 - User: Anonymous
2026-03-09 07:56:04,872 | INFO     | app | [OPTIONS] /api/v1/availability/check - Status: 200 - Duration: 0.0s - IP: 192.168.1.1 - User: Anonymous
2026-03-09 07:56:04,874 | INFO     | app | [GET] /api/v1/pedidos - Status: 200 - Duration: 0.013s - IP: 192.168.1.1 - User: repartidor@repartidor.com
2026-03-09 07:56:04,876 | INFO     | app | [GET] /api/v1/pedidos - Status: 200 - Duration: 0.014s - IP: 192.168.1.1 - User: repartidor@repartidor.com
2026-03-09 07:56:04,877 | INFO     | app | [GET] /api/v1/pedidos - Status: 200 - Duration: 0.01s - IP: 192.168.1.1 - User: repartidor@repartidor.com
2026-03-09 07:56:04,882 | INFO     | app | [GET] /api/v1/pedidos - Status: 200 - Duration: 0.009s - IP: 192.168.1.1 - User: repartidor@repartidor.com
2026-03-09 07:56:04,886 | INFO     | app | [GET] /api/v1/pedidos - Status: 200 - Duration: 0.008s - IP: 192.168.1.1 - User: repartidor@repartidor.com
2026-03-09 07:56:04,896 | INFO     | app | [GET] /api/v1/pedidos - Status: 200 - Duration: 0.014s - IP: 192.168.1.1 - User: repartidor@repartidor.com
2026-03-09 07:56:04,972 | INFO     | app | [GET] /api/v1/pedidos - Status: 200 - Duration: 0.079s - IP: 192.168.1.1 - User: repartidor@repartidor.com
2026-03-09 07:56:12,330 | INFO     | app | [GET] /api/v1/pedidos - Status: 200 - Duration: 7.44s - IP: 192.168.1.1 - User: repartidor@repartidor.com
2026-03-09 07:56:15,981 | WARNING  | app | Auth failed. Invalid token: Token used too early, 1773039375 < 1773039376. Check that your computer's clock is set correctly. - IP: 127.0.0.1
2026-03-09 07:56:15,982 | INFO     | app | [GET] /api/v1/auth/me - Status: 401 - Duration: 0.003s - IP: 192.168.1.1 - User: Anonymous
2026-03-09 07:56:16,025 | INFO     | app | [GET] /api/v1/pedidos/calendar - Status: 200 - Duration: 0.006s - IP: 192.168.1.1 - User: fedegarcia30@gmail.com
2026-03-09 07:56:26,101 | INFO     | app | [GET] /api/v1/ingredients - Status: 200 - Duration: 0.005s - IP: 192.168.1.1 - User: fedegarcia30@gmail.com
2026-03-09 07:56:27,496 | INFO     | app | [GET] /api/v1/pedidos - Status: 200 - Duration: 0.006s - IP: 192.168.1.1 - User: fedegarcia30@gmail.com
2026-03-09 07:56:27,496 | INFO     | app | [GET] /api/v1/pedidos - Status: 200 - Duration: 0.007s - IP: 192.168.1.1 - User: fedegarcia30@gmail.com
2026-03-09 07:56:27,500 | INFO     | app | [GET] /api/v1/pedidos - Status: 200 - Duration: 0.007s - IP: 192.168.1.1 - User: fedegarcia30@gmail.com
2026-03-09 07:56:27,503 | INFO     | app | [GET] /api/v1/pedidos - Status: 200 - Duration: 0.007s - IP: 192.168.1.1 - User: fedegarcia30@gmail.com
2026-03-09 07:56:27,506 | INFO     | app | [GET] /api/v1/pedidos - Status: 200 - Duration: 0.007s - IP: 192.168.1.1 - User: fedegarcia30@gmail.com
2026-03-09 07:56:27,515 | INFO     | app | [GET] /api/v1/pedidos - Status: 200 - Duration: 0.003s - IP: 192.168.1.1 - User: fedegarcia30@gmail.com
2026-03-09 07:56:27,536 | INFO     | app | [GET] /api/v1/pedidos - Status: 200 - Duration: 0.034s - IP: 192.168.1.1 - User: fedegarcia30@gmail.com
2026-03-09 07:56:28,585 | INFO     | app | [POST] /api/v1/availability/check - Status: 200 - Duration: 0.005s - IP: 192.168.1.1 - User: fedegarcia30@gmail.com
2026-03-09 07:56:28,585 | INFO     | app | [GET] /api/v1/pedidos - Status: 200 - Duration: 0.003s - IP: 192.168.1.1 - User: fedegarcia30@gmail.com
2026-03-09 07:56:31,343 | INFO     | app | [GET] /api/v1/pedidos/calendar - Status: 200 - Duration: 0.006s - IP: 192.168.1.1 - User: fedegarcia30@gmail.com
2026-03-09 07:56:32,687 | INFO     | app | [POST] /api/v1/availability/check - Status: 200 - Duration: 0.008s - IP: 192.168.1.1 - User: fedegarcia30@gmail.com
2026-03-09 07:56:32,776 | INFO     | app | [GET] /api/v1/pedidos - Status: 200 - Duration: 0.094s - IP: 192.168.1.1 - User: fedegarcia30@gmail.com
2026-03-09 07:56:35,084 | INFO     | app | [GET] /api/v1/pedidos - Status: 200 - Duration: 0.007s - IP: 192.168.1.1 - User: fedegarcia30@gmail.com
2026-03-09 07:56:35,087 | INFO     | app | [GET] /api/v1/pedidos - Status: 200 - Duration: 0.011s - IP: 192.168.1.1 - User: fedegarcia30@gmail.com
2026-03-09 07:56:35,093 | INFO     | app | [GET] /api/v1/pedidos - Status: 200 - Duration: 0.01s - IP: 192.168.1.1 - User: fedegarcia30@gmail.com
2026-03-09 07:56:35,098 | INFO     | app | [GET] /api/v1/pedidos - Status: 200 - Duration: 0.011s - IP: 192.168.1.1 - User: fedegarcia30@gmail.com
2026-03-09 07:56:35,099 | INFO     | app | [GET] /api/v1/pedidos - Status: 200 - Duration: 0.014s - IP: 192.168.1.1 - User: fedegarcia30@gmail.com
2026-03-09 07:56:35,115 | INFO     | app | [GET] /api/v1/pedidos - Status: 200 - Duration: 0.011s - IP: 192.168.1.1 - User: fedegarcia30@gmail.com
2026-03-09 07:56:35,155 | INFO     | app | [GET] /api/v1/pedidos - Status: 200 - Duration: 0.054s - IP: 192.168.1.1 - User: fedegarcia30@gmail.com
2026-03-09 07:56:35,253 | INFO     | app | [GET] /api/v1/pedidos - Status: 200 - Duration: 7.728s - IP: 192.168.1.1 - User: fedegarcia30@gmail.com
2026-03-09 07:56:42,611 | INFO     | app | [GET] /api/v1/pedidos - Status: 200 - Duration: 7.504s - IP: 192.168.1.1 - User: fedegarcia30@gmail.com
2026-03-09 07:56:45,918 | INFO     | app | [GET] /api/v1/pedidos/calendar - Status: 200 - Duration: 0.006s - IP: 192.168.1.1 - User: fedegarcia30@gmail.com
2026-03-09 07:57:08,183 | INFO     | app | [POST] /api/v1/availability/check - Status: 200 - Duration: 0.009s - IP: 192.168.1.1 - User: fedegarcia30@gmail.com
2026-03-09 07:57:08,250 | INFO     | app | [GET] /api/v1/pedidos - Status: 200 - Duration: 0.074s - IP: 192.168.1.1 - User: fedegarcia30@gmail.com
2026-03-09 07:57:43,774 | INFO     | app | [GET] /api/v1/auth/me - Status: 200 - Duration: 0.004s - IP: 192.168.1.1 - User: fedegarcia30@gmail.com
2026-03-09 07:57:43,892 | INFO     | app | [OPTIONS] /api/v1/availability/check - Status: 200 - Duration: 0.0s - IP: 192.168.1.1 - User: Anonymous
2026-03-09 07:57:43,893 | INFO     | app | [OPTIONS] /api/v1/availability/check - Status: 200 - Duration: 0.0s - IP: 192.168.1.1 - User: Anonymous
2026-03-09 07:57:43,943 | INFO     | app | [GET] /api/v1/stats/expenses - Status: 200 - Duration: 0.037s - IP: 192.168.1.1 - User: fedegarcia30@gmail.com
2026-03-09 07:57:44,025 | INFO     | app | [GET] /api/v1/stats/dashboard - Status: 200 - Duration: 0.117s - IP: 192.168.1.1 - User: fedegarcia30@gmail.com
2026-03-09 07:58:21,340 | INFO     | app | [GET] /api/v1/auth/me - Status: 200 - Duration: 0.002s - IP: 192.168.1.1 - User: fedegarcia30@gmail.com
2026-03-09 07:58:21,453 | INFO     | app | [GET] /api/v1/stats/expenses - Status: 200 - Duration: 0.02s - IP: 192.168.1.1 - User: fedegarcia30@gmail.com
2026-03-09 07:58:21,465 | INFO     | app | [GET] /api/v1/stats/dashboard - Status: 200 - Duration: 0.086s - IP: 192.168.1.1 - User: fedegarcia30@gmail.com
2026-03-09 07:58:34,819 | INFO     | app | [GET] /api/v1/pedidos/calendar - Status: 200 - Duration: 0.006s - IP: 192.168.1.1 - User: fedegarcia30@gmail.com
2026-03-09 07:58:38,815 | INFO     | app | [GET] /api/v1/stats/expenses - Status: 200 - Duration: 0.021s - IP: 192.168.1.1 - User: fedegarcia30@gmail.com
2026-03-09 07:58:38,879 | INFO     | app | [GET] /api/v1/stats/dashboard - Status: 200 - Duration: 0.083s - IP: 192.168.1.1 - User: fedegarcia30@gmail.com
2026-03-09 07:58:40,007 | INFO     | app | [GET] /api/v1/stats/mapa - Status: 200 - Duration: 0.013s - IP: 192.168.1.1 - User: fedegarcia30@gmail.com
2026-03-09 07:58:44,718 | INFO     | app | [GET] /api/v1/stats/mapa - Status: 200 - Duration: 0.019s - IP: 192.168.1.1 - User: fedegarcia30@gmail.com
2026-03-09 07:58:56,728 | INFO     | app | [GET] /api/v1/stats/mapa - Status: 200 - Duration: 0.035s - IP: 192.168.1.1 - User: fedegarcia30@gmail.com
2026-03-09 07:58:57,364 | INFO     | app | [GET] /api/v1/stats/mapa - Status: 200 - Duration: 0.047s - IP: 192.168.1.1 - User: fedegarcia30@gmail.com
2026-03-09 08:00:15,680 | INFO     | app | [GET] /api/v1/stats/mapa - Status: 200 - Duration: 0.015s - IP: 192.168.1.1 - User: fedegarcia30@gmail.com
2026-03-09 08:00:52,220 | INFO     | app | [GET] /api/v1/stats/dashboard - Status: 200 - Duration: 0.049s - IP: 192.168.1.1 - User: fedegarcia30@gmail.com
2026-03-09 08:00:52,270 | INFO     | app | [GET] /api/v1/stats/expenses - Status: 200 - Duration: 0.017s - IP: 192.168.1.1 - User: fedegarcia30@gmail.com
2026-03-09 08:00:55,199 | INFO     | app | [GET] /api/v1/stats/expenses - Status: 200 - Duration: 0.019s - IP: 192.168.1.1 - User: fedegarcia30@gmail.com
2026-03-09 08:00:55,238 | INFO     | app | [GET] /api/v1/stats/dashboard - Status: 200 - Duration: 0.06s - IP: 192.168.1.1 - User: fedegarcia30@gmail.com
2026-03-09 08:00:56,217 | INFO     | app | [GET] /api/v1/stats/expenses - Status: 200 - Duration: 0.016s - IP: 192.168.1.1 - User: fedegarcia30@gmail.com
2026-03-09 08:00:56,277 | INFO     | app | [GET] /api/v1/stats/dashboard - Status: 200 - Duration: 0.077s - IP: 192.168.1.1 - User: fedegarcia30@gmail.com
2026-03-09 08:00:57,168 | INFO     | app | [GET] /api/v1/stats/expenses - Status: 200 - Duration: 0.019s - IP: 192.168.1.1 - User: fedegarcia30@gmail.com
2026-03-09 08:00:57,255 | INFO     | app | [GET] /api/v1/stats/dashboard - Status: 200 - Duration: 0.106s - IP: 192.168.1.1 - User: fedegarcia30@gmail.com
2026-03-09 08:00:58,157 | INFO     | app | [GET] /api/v1/stats/expenses - Status: 200 - Duration: 0.017s - IP: 192.168.1.1 - User: fedegarcia30@gmail.com
2026-03-09 08:00:58,276 | INFO     | app | [GET] /api/v1/stats/dashboard - Status: 200 - Duration: 0.138s - IP: 192.168.1.1 - User: fedegarcia30@gmail.com
2026-03-09 08:01:00,401 | INFO     | app | [GET] /api/v1/stats/expenses - Status: 200 - Duration: 0.023s - IP: 192.168.1.1 - User: fedegarcia30@gmail.com
2026-03-09 08:01:00,453 | INFO     | app | [GET] /api/v1/stats/dashboard - Status: 200 - Duration: 0.076s - IP: 192.168.1.1 - User: fedegarcia30@gmail.com
2026-03-09 08:01:11,144 | INFO     | app | [GET] /api/v1/pedidos/calendar - Status: 200 - Duration: 0.005s - IP: 192.168.1.1 - User: fedegarcia30@gmail.com
2026-03-09 08:01:19,369 | INFO     | app | [POST] /api/v1/availability/check - Status: 200 - Duration: 0.009s - IP: 192.168.1.1 - User: fedegarcia30@gmail.com
2026-03-09 08:01:19,393 | INFO     | app | [GET] /api/v1/pedidos - Status: 200 - Duration: 0.035s - IP: 192.168.1.1 - User: fedegarcia30@gmail.com
2026-03-09 08:01:43,357 | INFO     | app | Pedido #3503 properties updated successfully
2026-03-09 08:01:43,365 | INFO     | app | [PATCH] /api/v1/pedidos/3503 - Status: 200 - Duration: 0.101s - IP: 192.168.1.1 - User: fedegarcia30@gmail.com
2026-03-09 08:01:43,425 | INFO     | app | Pedido #3502 properties updated successfully
2026-03-09 08:01:43,431 | INFO     | app | [PATCH] /api/v1/pedidos/3502 - Status: 200 - Duration: 0.03s - IP: 192.168.1.1 - User: fedegarcia30@gmail.com
2026-03-09 08:01:43,464 | INFO     | app | Pedido #3501 properties updated successfully
2026-03-09 08:01:43,468 | INFO     | app | [PATCH] /api/v1/pedidos/3501 - Status: 200 - Duration: 0.018s - IP: 192.168.1.1 - User: fedegarcia30@gmail.com
2026-03-09 08:01:43,493 | INFO     | app | [POST] /api/v1/availability/check - Status: 200 - Duration: 0.006s - IP: 192.168.1.1 - User: fedegarcia30@gmail.com
2026-03-09 08:01:43,515 | INFO     | app | [GET] /api/v1/pedidos - Status: 200 - Duration: 0.029s - IP: 192.168.1.1 - User: fedegarcia30@gmail.com
2026-03-09 08:01:46,861 | INFO     | app | [GET] /api/v1/rices - Status: 200 - Duration: 0.004s - IP: 192.168.1.1 - User: fedegarcia30@gmail.com
2026-03-09 08:01:50,919 | INFO     | app | [GET] /api/v1/rices - Status: 200 - Duration: 0.006s - IP: 192.168.1.1 - User: fedegarcia30@gmail.com
2026-03-09 08:01:55,845 | INFO     | app | Pedido #3503 properties updated successfully
2026-03-09 08:01:55,849 | INFO     | app | [PATCH] /api/v1/pedidos/3503 - Status: 200 - Duration: 0.022s - IP: 192.168.1.1 - User: fedegarcia30@gmail.com
2026-03-09 08:01:56,052 | INFO     | app | [POST] /api/v1/availability/check - Status: 200 - Duration: 0.005s - IP: 192.168.1.1 - User: fedegarcia30@gmail.com
2026-03-09 08:01:56,075 | INFO     | app | [GET] /api/v1/pedidos - Status: 200 - Duration: 0.032s - IP: 192.168.1.1 - User: fedegarcia30@gmail.com
2026-03-09 08:02:02,901 | INFO     | app | Pedido #3503 status updated to 'entregado'
2026-03-09 08:02:02,905 | INFO     | app | [PATCH] /api/v1/pedidos/3503/status - Status: 200 - Duration: 0.074s - IP: 192.168.1.1 - User: fedegarcia30@gmail.com
2026-03-09 08:02:02,944 | INFO     | app | [GET] /api/v1/pedidos - Status: 200 - Duration: 0.027s - IP: 192.168.1.1 - User: fedegarcia30@gmail.com
2026-03-09 08:02:09,841 | INFO     | app | Pedido #3503 status updated to 'nuevo'
2026-03-09 08:02:09,844 | INFO     | app | [PATCH] /api/v1/pedidos/3503/status - Status: 200 - Duration: 0.085s - IP: 192.168.1.1 - User: fedegarcia30@gmail.com
2026-03-09 08:02:09,949 | INFO     | app | [GET] /api/v1/pedidos - Status: 200 - Duration: 0.023s - IP: 192.168.1.1 - User: fedegarcia30@gmail.com
2026-03-09 08:02:11,063 | INFO     | app | [GET] /api/v1/rices - Status: 200 - Duration: 0.008s - IP: 192.168.1.1 - User: fedegarcia30@gmail.com
2026-03-09 08:02:34,313 | INFO     | app | [GET] /api/v1/pedidos - Status: 200 - Duration: 0.005s - IP: 192.168.1.1 - User: fedegarcia30@gmail.com
2026-03-09 08:02:34,357 | INFO     | app | [GET] /api/v1/pedidos - Status: 200 - Duration: 0.005s - IP: 192.168.1.1 - User: fedegarcia30@gmail.com
2026-03-09 08:02:34,447 | INFO     | app | [GET] /api/v1/pedidos - Status: 200 - Duration: 0.007s - IP: 192.168.1.1 - User: fedegarcia30@gmail.com
2026-03-09 08:02:34,448 | INFO     | app | [GET] /api/v1/pedidos - Status: 200 - Duration: 0.006s - IP: 192.168.1.1 - User: fedegarcia30@gmail.com
2026-03-09 08:02:34,489 | INFO     | app | [GET] /api/v1/pedidos - Status: 200 - Duration: 0.007s - IP: 192.168.1.1 - User: fedegarcia30@gmail.com
2026-03-09 08:02:34,490 | INFO     | app | [GET] /api/v1/pedidos - Status: 200 - Duration: 0.008s - IP: 192.168.1.1 - User: fedegarcia30@gmail.com
2026-03-09 08:02:34,593 | INFO     | app | [GET] /api/v1/pedidos - Status: 200 - Duration: 0.095s - IP: 192.168.1.1 - User: fedegarcia30@gmail.com
2026-03-09 08:02:39,684 | INFO     | app | Pedido #3503 status updated to 'entregado'
2026-03-09 08:02:39,688 | INFO     | app | [PATCH] /api/v1/pedidos/3503/status - Status: 200 - Duration: 0.017s - IP: 192.168.1.1 - User: fedegarcia30@gmail.com
2026-03-09 08:02:39,712 | INFO     | app | Pedido #3502 status updated to 'entregado'
2026-03-09 08:02:39,717 | INFO     | app | [PATCH] /api/v1/pedidos/3502/status - Status: 200 - Duration: 0.017s - IP: 192.168.1.1 - User: fedegarcia30@gmail.com
2026-03-09 08:02:39,749 | INFO     | app | Pedido #3501 status updated to 'entregado'
2026-03-09 08:02:39,753 | INFO     | app | [PATCH] /api/v1/pedidos/3501/status - Status: 200 - Duration: 0.021s - IP: 192.168.1.1 - User: fedegarcia30@gmail.com
2026-03-09 08:02:41,200 | INFO     | app | Pedido #3528 status updated to 'entregado'
2026-03-09 08:02:41,203 | INFO     | app | [PATCH] /api/v1/pedidos/3528/status - Status: 200 - Duration: 0.056s - IP: 192.168.1.1 - User: fedegarcia30@gmail.com
2026-03-09 08:02:42,503 | INFO     | app | Pedido #3526 status updated to 'entregado'
2026-03-09 08:02:42,507 | INFO     | app | [PATCH] /api/v1/pedidos/3526/status - Status: 200 - Duration: 0.064s - IP: 192.168.1.1 - User: fedegarcia30@gmail.com
2026-03-09 08:02:42,546 | INFO     | app | Pedido #3506 status updated to 'entregado'
2026-03-09 08:02:42,551 | INFO     | app | [PATCH] /api/v1/pedidos/3506/status - Status: 200 - Duration: 0.017s - IP: 192.168.1.1 - User: fedegarcia30@gmail.com
2026-03-09 08:02:42,991 | INFO     | app | [GET] /api/v1/pedidos - Status: 200 - Duration: 8.508s - IP: 192.168.1.1 - User: fedegarcia30@gmail.com
2026-03-09 08:02:45,580 | INFO     | app | Pedido #3526 status updated to 'listo'
2026-03-09 08:02:45,585 | INFO     | app | [PATCH] /api/v1/pedidos/3526/status - Status: 200 - Duration: 0.083s - IP: 192.168.1.1 - User: fedegarcia30@gmail.com
2026-03-09 08:02:45,634 | INFO     | app | Pedido #3506 status updated to 'listo'
2026-03-09 08:02:45,639 | INFO     | app | [PATCH] /api/v1/pedidos/3506/status - Status: 200 - Duration: 0.02s - IP: 192.168.1.1 - User: fedegarcia30@gmail.com
2026-03-09 08:02:47,489 | INFO     | app | Pedido #3526 status updated to 'entregado'
2026-03-09 08:02:47,495 | INFO     | app | [PATCH] /api/v1/pedidos/3526/status - Status: 200 - Duration: 0.075s - IP: 192.168.1.1 - User: fedegarcia30@gmail.com
2026-03-09 08:02:47,530 | INFO     | app | Pedido #3506 status updated to 'entregado'
2026-03-09 08:02:47,534 | INFO     | app | [PATCH] /api/v1/pedidos/3506/status - Status: 200 - Duration: 0.021s - IP: 192.168.1.1 - User: fedegarcia30@gmail.com
2026-03-09 08:02:50,946 | INFO     | app | Pedido #3503 status updated to 'listo'
2026-03-09 08:02:50,950 | INFO     | app | [PATCH] /api/v1/pedidos/3503/status - Status: 200 - Duration: 0.05s - IP: 192.168.1.1 - User: fedegarcia30@gmail.com
2026-03-09 08:02:51,002 | INFO     | app | Pedido #3502 status updated to 'listo'
2026-03-09 08:02:51,006 | INFO     | app | [PATCH] /api/v1/pedidos/3502/status - Status: 200 - Duration: 0.018s - IP: 192.168.1.1 - User: fedegarcia30@gmail.com
2026-03-09 08:02:51,064 | INFO     | app | Pedido #3501 status updated to 'listo'
2026-03-09 08:02:51,068 | INFO     | app | [PATCH] /api/v1/pedidos/3501/status - Status: 200 - Duration: 0.018s - IP: 192.168.1.1 - User: fedegarcia30@gmail.com
2026-03-09 08:02:53,539 | INFO     | app | Pedido #3528 status updated to 'listo'
2026-03-09 08:02:53,543 | INFO     | app | [PATCH] /api/v1/pedidos/3528/status - Status: 200 - Duration: 0.059s - IP: 192.168.1.1 - User: fedegarcia30@gmail.com
2026-03-09 08:02:54,893 | INFO     | app | Pedido #3526 status updated to 'listo'
2026-03-09 08:02:54,897 | INFO     | app | [PATCH] /api/v1/pedidos/3526/status - Status: 200 - Duration: 0.022s - IP: 192.168.1.1 - User: fedegarcia30@gmail.com
2026-03-09 08:02:54,953 | INFO     | app | Pedido #3506 status updated to 'listo'
2026-03-09 08:02:54,958 | INFO     | app | [PATCH] /api/v1/pedidos/3506/status - Status: 200 - Duration: 0.022s - IP: 192.168.1.1 - User: fedegarcia30@gmail.com
2026-03-09 08:03:00,958 | INFO     | app | [GET] /api/v1/clients/stats - Status: 200 - Duration: 0.02s - IP: 192.168.1.1 - User: fedegarcia30@gmail.com
2026-03-09 08:03:01,246 | INFO     | app | [GET] /api/v1/clients - Status: 200 - Duration: 0.01s - IP: 192.168.1.1 - User: fedegarcia30@gmail.com
2026-03-09 08:03:13,561 | INFO     | app | [POST] /api/v1/availability/check - Status: 200 - Duration: 0.01s - IP: 192.168.1.1 - User: fedegarcia30@gmail.com
2026-03-09 08:03:13,562 | INFO     | app | [GET] /api/v1/pedidos - Status: 200 - Duration: 0.008s - IP: 192.168.1.1 - User: fedegarcia30@gmail.com
2026-03-09 08:03:22,703 | INFO     | app | [GET] /api/v1/clients/stats - Status: 200 - Duration: 0.028s - IP: 192.168.1.1 - User: fedegarcia30@gmail.com
2026-03-09 08:03:22,998 | INFO     | app | [GET] /api/v1/clients - Status: 200 - Duration: 0.01s - IP: 192.168.1.1 - User: fedegarcia30@gmail.com
2026-03-09 08:03:26,767 | INFO     | app | [GET] /api/v1/rices - Status: 200 - Duration: 0.009s - IP: 192.168.1.1 - User: fedegarcia30@gmail.com
2026-03-09 08:03:40,590 | INFO     | app | [GET] /api/v1/ingredients - Status: 200 - Duration: 0.01s - IP: 192.168.1.1 - User: fedegarcia30@gmail.com
2026-03-09 08:03:40,593 | INFO     | app | [GET] /api/v1/rices/1/recipe - Status: 200 - Duration: 0.01s - IP: 192.168.1.1 - User: fedegarcia30@gmail.com
2026-03-09 08:03:54,466 | INFO     | app | [GET] /api/v1/ingredients - Status: 200 - Duration: 0.004s - IP: 192.168.1.1 - User: fedegarcia30@gmail.com
2026-03-09 08:04:19,481 | INFO     | app | [GET] /api/v1/stats/dashboard - Status: 200 - Duration: 0.074s - IP: 192.168.1.1 - User: fedegarcia30@gmail.com
2026-03-09 08:04:19,490 | INFO     | app | [GET] /api/v1/stats/expenses - Status: 200 - Duration: 0.016s - IP: 192.168.1.1 - User: fedegarcia30@gmail.com
2026-03-09 08:04:25,353 | INFO     | app | [GET] /api/v1/pedidos - Status: 200 - Duration: 0.007s - IP: 192.168.1.1 - User: fedegarcia30@gmail.com
2026-03-09 08:04:25,357 | INFO     | app | [GET] /api/v1/pedidos - Status: 200 - Duration: 0.005s - IP: 192.168.1.1 - User: fedegarcia30@gmail.com
2026-03-09 08:04:25,366 | INFO     | app | [GET] /api/v1/pedidos - Status: 200 - Duration: 0.006s - IP: 192.168.1.1 - User: fedegarcia30@gmail.com
2026-03-09 08:04:25,534 | INFO     | app | [GET] /api/v1/pedidos - Status: 200 - Duration: 0.012s - IP: 192.168.1.1 - User: fedegarcia30@gmail.com
2026-03-09 08:04:25,535 | INFO     | app | [GET] /api/v1/pedidos - Status: 200 - Duration: 0.013s - IP: 192.168.1.1 - User: fedegarcia30@gmail.com
2026-03-09 08:04:25,536 | INFO     | app | [GET] /api/v1/pedidos - Status: 200 - Duration: 0.011s - IP: 192.168.1.1 - User: fedegarcia30@gmail.com
2026-03-09 08:04:25,570 | INFO     | app | [GET] /api/v1/pedidos - Status: 200 - Duration: 0.033s - IP: 192.168.1.1 - User: fedegarcia30@gmail.com
2026-03-09 08:04:33,458 | INFO     | app | [GET] /api/v1/pedidos - Status: 200 - Duration: 8.018s - IP: 192.168.1.1 - User: fedegarcia30@gmail.com
2026-03-09 08:04:48,199 | INFO     | app | [GET] /api/v1/pedidos/calendar - Status: 200 - Duration: 0.006s - IP: 192.168.1.1 - User: fedegarcia30@gmail.com
2026-03-09 08:04:56,189 | INFO     | app | [GET] /api/v1/pedidos - Status: 200 - Duration: 0.006s - IP: 192.168.1.1 - User: fedegarcia30@gmail.com
2026-03-09 08:04:56,190 | INFO     | app | [POST] /api/v1/availability/check - Status: 200 - Duration: 0.01s - IP: 192.168.1.1 - User: fedegarcia30@gmail.com
2026-03-09 08:05:17,861 | INFO     | app | [POST] /api/v1/clients/lookup - Status: 200 - Duration: 0.058s - IP: 192.168.1.1 - User: fedegarcia30@gmail.com
2026-03-09 08:05:27,842 | INFO     | app | [GET] /api/v1/rices - Status: 200 - Duration: 0.007s - IP: 192.168.1.1 - User: fedegarcia30@gmail.com
2026-03-09 08:05:46,010 | INFO     | app | [GET] /api/v1/rices - Status: 200 - Duration: 0.008s - IP: 192.168.1.1 - User: fedegarcia30@gmail.com
2026-03-09 08:05:52,116 | INFO     | app | No recipe found for rice ID 5, no stock adjustment needed.
2026-03-09 08:05:52,118 | INFO     | app | Order #3529 created successfully for client #351 (4 PAX, Arroz: Verduras)
2026-03-09 08:05:52,118 | INFO     | app | [POST] /api/v1/orders/create - Status: 201 - Duration: 0.129s - IP: 192.168.1.1 - User: fedegarcia30@gmail.com
2026-03-09 08:05:52,156 | INFO     | app | No recipe found for rice ID 4, no stock adjustment needed.
2026-03-09 08:05:52,158 | INFO     | app | Order #3530 created successfully for client #351 (5 PAX, Arroz: Señoret)
2026-03-09 08:05:52,159 | INFO     | app | [POST] /api/v1/orders/create - Status: 201 - Duration: 0.024s - IP: 192.168.1.1 - User: fedegarcia30@gmail.com
2026-03-09 08:05:52,190 | INFO     | app | [GET] /api/v1/pedidos - Status: 200 - Duration: 0.008s - IP: 192.168.1.1 - User: fedegarcia30@gmail.com
2026-03-09 08:05:52,241 | INFO     | app | [POST] /api/v1/availability/check - Status: 200 - Duration: 0.005s - IP: 192.168.1.1 - User: fedegarcia30@gmail.com
2026-03-09 09:57:32,668 | INFO     | app | [OPTIONS] /api/v1/auth/me - Status: 200 - Duration: 0.0s - IP: 127.0.0.1 - User: Anonymous
2026-03-09 09:57:33,683 | INFO     | app | [GET] /api/v1/auth/me - Status: 200 - Duration: 0.763s - IP: 127.0.0.1 - User: fedegarcia30@gmail.com
2026-03-09 09:57:33,826 | INFO     | app | [OPTIONS] /api/v1/availability/check - Status: 200 - Duration: 0.0s - IP: 127.0.0.1 - User: Anonymous
2026-03-09 09:57:34,130 | INFO     | app | [OPTIONS] /api/v1/availability/check - Status: 200 - Duration: 0.0s - IP: 127.0.0.1 - User: Anonymous
2026-03-09 09:57:34,141 | INFO     | app | [OPTIONS] /api/v1/availability/check - Status: 200 - Duration: 0.0s - IP: 127.0.0.1 - User: Anonymous
2026-03-09 09:57:34,437 | INFO     | app | [OPTIONS] /api/v1/availability/check - Status: 200 - Duration: 0.0s - IP: 127.0.0.1 - User: Anonymous
2026-03-09 09:57:34,457 | INFO     | app | [OPTIONS] /api/v1/pedidos/calendar - Status: 200 - Duration: 0.0s - IP: 127.0.0.1 - User: Anonymous
2026-03-09 09:57:34,752 | INFO     | app | [OPTIONS] /api/v1/pedidos/calendar - Status: 200 - Duration: 0.0s - IP: 127.0.0.1 - User: Anonymous
2026-03-09 09:57:34,824 | INFO     | app | [GET] /api/v1/pedidos/calendar - Status: 200 - Duration: 0.041s - IP: 127.0.0.1 - User: fedegarcia30@gmail.com
2026-03-09 09:57:35,173 | INFO     | app | [GET] /api/v1/pedidos/calendar - Status: 200 - Duration: 0.033s - IP: 127.0.0.1 - User: fedegarcia30@gmail.com
2026-03-09 09:57:35,877 | INFO     | app | [OPTIONS] /api/v1/ingredients - Status: 200 - Duration: 0.001s - IP: 127.0.0.1 - User: Anonymous
2026-03-09 09:57:35,881 | INFO     | app | [OPTIONS] /api/v1/ingredients - Status: 200 - Duration: 0.001s - IP: 127.0.0.1 - User: Anonymous
2026-03-09 09:57:36,147 | INFO     | app | [GET] /api/v1/ingredients - Status: 200 - Duration: 0.021s - IP: 127.0.0.1 - User: fedegarcia30@gmail.com
2026-03-09 09:57:36,217 | INFO     | app | [GET] /api/v1/ingredients - Status: 200 - Duration: 0.024s - IP: 127.0.0.1 - User: fedegarcia30@gmail.com
2026-03-09 10:00:16,371 | INFO     | app | Logger initialized successfully at level INFO
2026-03-09 10:00:53,502 | INFO     | app | [OPTIONS] /api/v1/ingredients - Status: 200 - Duration: 0.0s - IP: 127.0.0.1 - User: Anonymous
2026-03-09 10:00:54,193 | INFO     | app | [GET] /api/v1/ingredients - Status: 200 - Duration: 0.428s - IP: 127.0.0.1 - User: fedegarcia30@gmail.com
2026-03-09 10:02:17,180 | INFO     | app | [OPTIONS] /api/v1/ingredients - Status: 200 - Duration: 0.0s - IP: 127.0.0.1 - User: Anonymous
2026-03-09 10:02:17,483 | INFO     | app | Nuevo ingrediente creado: Prueba (ID: 15)
2026-03-09 10:02:17,484 | INFO     | app | [POST] /api/v1/ingredients - Status: 201 - Duration: 0.04s - IP: 127.0.0.1 - User: fedegarcia30@gmail.com
2026-03-09 10:02:17,503 | INFO     | app | [GET] /api/v1/ingredients - Status: 200 - Duration: 0.008s - IP: 127.0.0.1 - User: fedegarcia30@gmail.com
2026-03-09 10:02:46,366 | INFO     | app | [OPTIONS] /api/v1/ingredients - Status: 200 - Duration: 0.0s - IP: 127.0.0.1 - User: Anonymous
2026-03-09 10:02:46,730 | INFO     | app | Nuevo ingrediente creado: testtesrt (ID: 16)
2026-03-09 10:02:46,731 | INFO     | app | [POST] /api/v1/ingredients - Status: 201 - Duration: 0.101s - IP: 127.0.0.1 - User: fedegarcia30@gmail.com
2026-03-09 10:02:46,749 | INFO     | app | [GET] /api/v1/ingredients - Status: 200 - Duration: 0.006s - IP: 127.0.0.1 - User: fedegarcia30@gmail.com
2026-03-09 10:03:37,978 | INFO     | app | [OPTIONS] /api/v1/rices - Status: 200 - Duration: 0.0s - IP: 127.0.0.1 - User: Anonymous
2026-03-09 10:03:37,980 | INFO     | app | [OPTIONS] /api/v1/rices - Status: 200 - Duration: 0.0s - IP: 127.0.0.1 - User: Anonymous
2026-03-09 10:03:38,253 | INFO     | app | [GET] /api/v1/rices - Status: 200 - Duration: 0.01s - IP: 127.0.0.1 - User: fedegarcia30@gmail.com
2026-03-09 10:03:38,297 | INFO     | app | [GET] /api/v1/rices - Status: 200 - Duration: 0.007s - IP: 127.0.0.1 - User: fedegarcia30@gmail.com
2026-03-09 10:03:41,532 | INFO     | app | [OPTIONS] /api/v1/ingredients - Status: 200 - Duration: 0.0s - IP: 127.0.0.1 - User: Anonymous
2026-03-09 10:03:41,850 | INFO     | app | [OPTIONS] /api/v1/rices/1/recipe - Status: 200 - Duration: 0.0s - IP: 127.0.0.1 - User: Anonymous
2026-03-09 10:03:41,851 | INFO     | app | [OPTIONS] /api/v1/ingredients - Status: 200 - Duration: 0.0s - IP: 127.0.0.1 - User: Anonymous
2026-03-09 10:03:41,852 | INFO     | app | [OPTIONS] /api/v1/rices/1/recipe - Status: 200 - Duration: 0.0s - IP: 127.0.0.1 - User: Anonymous
2026-03-09 10:03:41,866 | INFO     | app | [GET] /api/v1/ingredients - Status: 200 - Duration: 0.011s - IP: 127.0.0.1 - User: fedegarcia30@gmail.com
2026-03-09 10:03:42,182 | INFO     | app | [GET] /api/v1/ingredients - Status: 200 - Duration: 0.004s - IP: 127.0.0.1 - User: fedegarcia30@gmail.com
2026-03-09 10:03:42,217 | INFO     | app | [GET] /api/v1/rices/1/recipe - Status: 200 - Duration: 0.008s - IP: 127.0.0.1 - User: fedegarcia30@gmail.com
2026-03-09 10:03:42,527 | INFO     | app | [GET] /api/v1/rices/1/recipe - Status: 200 - Duration: 0.005s - IP: 127.0.0.1 - User: fedegarcia30@gmail.com
2026-03-09 10:03:56,738 | INFO     | app | [OPTIONS] /api/v1/rices/1/recipe - Status: 200 - Duration: 0.0s - IP: 127.0.0.1 - User: Anonymous
2026-03-09 10:03:57,060 | INFO     | app | Recipe updated for rice #1 (Carrilleras) by user
2026-03-09 10:03:57,060 | INFO     | app | [POST] /api/v1/rices/1/recipe - Status: 200 - Duration: 0.059s - IP: 127.0.0.1 - User: fedegarcia30@gmail.com
2026-03-09 10:04:07,062 | INFO     | app | [OPTIONS] /api/v1/pedidos/calendar - Status: 200 - Duration: 0.0s - IP: 127.0.0.1 - User: Anonymous
2026-03-09 10:04:07,367 | INFO     | app | [OPTIONS] /api/v1/pedidos/calendar - Status: 200 - Duration: 0.0s - IP: 127.0.0.1 - User: Anonymous
2026-03-09 10:04:07,391 | INFO     | app | [GET] /api/v1/pedidos/calendar - Status: 200 - Duration: 0.008s - IP: 127.0.0.1 - User: fedegarcia30@gmail.com
2026-03-09 10:04:07,714 | INFO     | app | [GET] /api/v1/pedidos/calendar - Status: 200 - Duration: 0.005s - IP: 127.0.0.1 - User: fedegarcia30@gmail.com
2026-03-09 10:04:14,303 | INFO     | app | [OPTIONS] /api/v1/availability/check - Status: 200 - Duration: 0.0s - IP: 127.0.0.1 - User: Anonymous
2026-03-09 10:04:14,304 | INFO     | app | [OPTIONS] /api/v1/pedidos - Status: 200 - Duration: 0.0s - IP: 127.0.0.1 - User: Anonymous
2026-03-09 10:04:14,304 | INFO     | app | [OPTIONS] /api/v1/pedidos - Status: 200 - Duration: 0.0s - IP: 127.0.0.1 - User: Anonymous
2026-03-09 10:04:14,304 | INFO     | app | [OPTIONS] /api/v1/availability/check - Status: 200 - Duration: 0.0s - IP: 127.0.0.1 - User: Anonymous
2026-03-09 10:04:14,573 | INFO     | app | [POST] /api/v1/availability/check - Status: 200 - Duration: 0.008s - IP: 127.0.0.1 - User: fedegarcia30@gmail.com
2026-03-09 10:04:14,620 | INFO     | app | [POST] /api/v1/availability/check - Status: 200 - Duration: 0.006s - IP: 127.0.0.1 - User: fedegarcia30@gmail.com
2026-03-09 10:04:14,676 | INFO     | app | [GET] /api/v1/pedidos - Status: 200 - Duration: 0.061s - IP: 127.0.0.1 - User: fedegarcia30@gmail.com
2026-03-09 10:04:14,723 | INFO     | app | [GET] /api/v1/pedidos - Status: 200 - Duration: 0.044s - IP: 127.0.0.1 - User: fedegarcia30@gmail.com
2026-03-09 10:04:19,819 | INFO     | app | [OPTIONS] /api/v1/clients/lookup - Status: 200 - Duration: 0.0s - IP: 127.0.0.1 - User: Anonymous
2026-03-09 10:04:20,091 | INFO     | app | [POST] /api/v1/clients/lookup - Status: 200 - Duration: 0.005s - IP: 127.0.0.1 - User: fedegarcia30@gmail.com
2026-03-09 10:04:22,999 | INFO     | app | [OPTIONS] /api/v1/rices - Status: 200 - Duration: 0.0s - IP: 127.0.0.1 - User: Anonymous
2026-03-09 10:04:23,311 | INFO     | app | [OPTIONS] /api/v1/rices - Status: 200 - Duration: 0.0s - IP: 127.0.0.1 - User: Anonymous
2026-03-09 10:04:23,320 | INFO     | app | [GET] /api/v1/rices - Status: 200 - Duration: 0.007s - IP: 127.0.0.1 - User: fedegarcia30@gmail.com
2026-03-09 10:04:23,647 | INFO     | app | [GET] /api/v1/rices - Status: 200 - Duration: 0.006s - IP: 127.0.0.1 - User: fedegarcia30@gmail.com
2026-03-09 10:04:35,781 | INFO     | app | [OPTIONS] /api/v1/orders/create - Status: 200 - Duration: 0.0s - IP: 127.0.0.1 - User: Anonymous
2026-03-09 10:04:36,105 | INFO     | app | Stock subtracted for arroz: 500.0 gr. New total: 700.0
2026-03-09 10:04:36,108 | INFO     | app | Stock subtracted for sofrito: 175.0 gr. New total: 925.0
2026-03-09 10:04:36,111 | INFO     | app | Order #3531 created successfully for client #663 (5 PAX, Arroz: Carrilleras)
2026-03-09 10:04:36,111 | INFO     | app | [POST] /api/v1/orders/create - Status: 201 - Duration: 0.064s - IP: 127.0.0.1 - User: fedegarcia30@gmail.com
2026-03-09 10:04:36,120 | INFO     | app | [OPTIONS] /api/v1/availability/check - Status: 200 - Duration: 0.0s - IP: 127.0.0.1 - User: Anonymous
2026-03-09 10:04:36,426 | INFO     | app | [OPTIONS] /api/v1/pedidos - Status: 200 - Duration: 0.0s - IP: 127.0.0.1 - User: Anonymous
2026-03-09 10:04:36,435 | INFO     | app | [POST] /api/v1/availability/check - Status: 200 - Duration: 0.009s - IP: 127.0.0.1 - User: fedegarcia30@gmail.com
2026-03-09 10:04:36,763 | INFO     | app | [GET] /api/v1/pedidos - Status: 200 - Duration: 0.027s - IP: 127.0.0.1 - User: fedegarcia30@gmail.com
2026-03-09 10:04:40,843 | INFO     | app | [OPTIONS] /api/v1/rices - Status: 200 - Duration: 0.0s - IP: 127.0.0.1 - User: Anonymous
2026-03-09 10:04:40,845 | INFO     | app | [OPTIONS] /api/v1/rices - Status: 200 - Duration: 0.0s - IP: 127.0.0.1 - User: Anonymous
2026-03-09 10:04:41,115 | INFO     | app | [GET] /api/v1/rices - Status: 200 - Duration: 0.005s - IP: 127.0.0.1 - User: fedegarcia30@gmail.com
2026-03-09 10:04:41,163 | INFO     | app | [GET] /api/v1/rices - Status: 200 - Duration: 0.005s - IP: 127.0.0.1 - User: fedegarcia30@gmail.com
2026-03-09 10:04:42,935 | INFO     | app | [OPTIONS] /api/v1/ingredients - Status: 200 - Duration: 0.0s - IP: 127.0.0.1 - User: Anonymous
2026-03-09 10:04:43,240 | INFO     | app | [OPTIONS] /api/v1/ingredients - Status: 200 - Duration: 0.0s - IP: 127.0.0.1 - User: Anonymous
2026-03-09 10:04:43,255 | INFO     | app | [GET] /api/v1/ingredients - Status: 200 - Duration: 0.009s - IP: 127.0.0.1 - User: fedegarcia30@gmail.com
2026-03-09 10:04:43,570 | INFO     | app | [GET] /api/v1/ingredients - Status: 200 - Duration: 0.004s - IP: 127.0.0.1 - User: fedegarcia30@gmail.com
2026-03-09 10:05:08,498 | INFO     | app | [OPTIONS] /api/v1/pedidos/calendar - Status: 200 - Duration: 0.0s - IP: 127.0.0.1 - User: Anonymous
2026-03-09 10:05:08,499 | INFO     | app | [OPTIONS] /api/v1/pedidos/calendar - Status: 200 - Duration: 0.0s - IP: 127.0.0.1 - User: Anonymous
2026-03-09 10:05:08,771 | INFO     | app | [GET] /api/v1/pedidos/calendar - Status: 200 - Duration: 0.008s - IP: 127.0.0.1 - User: fedegarcia30@gmail.com
2026-03-09 10:05:08,815 | INFO     | app | [GET] /api/v1/pedidos/calendar - Status: 200 - Duration: 0.005s - IP: 127.0.0.1 - User: fedegarcia30@gmail.com
2026-03-09 10:05:09,621 | INFO     | app | [OPTIONS] /api/v1/availability/check - Status: 200 - Duration: 0.0s - IP: 127.0.0.1 - User: Anonymous
2026-03-09 10:05:09,935 | INFO     | app | [OPTIONS] /api/v1/pedidos - Status: 200 - Duration: 0.0s - IP: 127.0.0.1 - User: Anonymous
2026-03-09 10:05:09,935 | INFO     | app | [OPTIONS] /api/v1/availability/check - Status: 200 - Duration: 0.0s - IP: 127.0.0.1 - User: Anonymous
2026-03-09 10:05:09,937 | INFO     | app | [OPTIONS] /api/v1/pedidos - Status: 200 - Duration: 0.001s - IP: 127.0.0.1 - User: Anonymous
2026-03-09 10:05:09,948 | INFO     | app | [POST] /api/v1/availability/check - Status: 200 - Duration: 0.009s - IP: 127.0.0.1 - User: fedegarcia30@gmail.com
2026-03-09 10:05:10,253 | INFO     | app | [POST] /api/v1/availability/check - Status: 200 - Duration: 0.008s - IP: 127.0.0.1 - User: fedegarcia30@gmail.com
2026-03-09 10:05:10,264 | INFO     | app | [GET] /api/v1/pedidos - Status: 200 - Duration: 0.019s - IP: 127.0.0.1 - User: fedegarcia30@gmail.com
2026-03-09 10:05:10,581 | INFO     | app | [GET] /api/v1/pedidos - Status: 200 - Duration: 0.009s - IP: 127.0.0.1 - User: fedegarcia30@gmail.com
2026-03-09 10:05:13,544 | INFO     | app | [GET] /api/v1/pedidos/calendar - Status: 200 - Duration: 0.004s - IP: 127.0.0.1 - User: fedegarcia30@gmail.com
2026-03-09 10:05:13,810 | INFO     | app | [GET] /api/v1/pedidos/calendar - Status: 200 - Duration: 0.005s - IP: 127.0.0.1 - User: fedegarcia30@gmail.com
2026-03-09 10:05:14,878 | INFO     | app | [POST] /api/v1/availability/check - Status: 200 - Duration: 0.012s - IP: 127.0.0.1 - User: fedegarcia30@gmail.com
2026-03-09 10:05:15,181 | INFO     | app | [OPTIONS] /api/v1/pedidos - Status: 200 - Duration: 0.0s - IP: 127.0.0.1 - User: Anonymous
2026-03-09 10:05:15,182 | INFO     | app | [OPTIONS] /api/v1/pedidos - Status: 200 - Duration: 0.0s - IP: 127.0.0.1 - User: Anonymous
2026-03-09 10:05:15,189 | INFO     | app | [POST] /api/v1/availability/check - Status: 200 - Duration: 0.006s - IP: 127.0.0.1 - User: fedegarcia30@gmail.com
2026-03-09 10:05:15,519 | INFO     | app | [GET] /api/v1/pedidos - Status: 200 - Duration: 0.024s - IP: 127.0.0.1 - User: fedegarcia30@gmail.com
2026-03-09 10:05:15,862 | INFO     | app | [GET] /api/v1/pedidos - Status: 200 - Duration: 0.038s - IP: 127.0.0.1 - User: fedegarcia30@gmail.com
2026-03-09 10:05:23,426 | INFO     | app | [OPTIONS] /api/v1/pedidos/calendar - Status: 200 - Duration: 0.0s - IP: 127.0.0.1 - User: Anonymous
2026-03-09 10:05:23,427 | INFO     | app | [OPTIONS] /api/v1/pedidos/calendar - Status: 200 - Duration: 0.0s - IP: 127.0.0.1 - User: Anonymous
2026-03-09 10:05:23,703 | INFO     | app | [GET] /api/v1/pedidos/calendar - Status: 200 - Duration: 0.008s - IP: 127.0.0.1 - User: fedegarcia30@gmail.com
2026-03-09 10:05:23,746 | INFO     | app | [GET] /api/v1/pedidos/calendar - Status: 200 - Duration: 0.005s - IP: 127.0.0.1 - User: fedegarcia30@gmail.com
2026-03-09 10:05:25,488 | INFO     | app | [OPTIONS] /api/v1/availability/check - Status: 200 - Duration: 0.001s - IP: 127.0.0.1 - User: Anonymous
2026-03-09 10:05:25,796 | INFO     | app | [OPTIONS] /api/v1/pedidos - Status: 200 - Duration: 0.0s - IP: 127.0.0.1 - User: Anonymous
2026-03-09 10:05:25,796 | INFO     | app | [OPTIONS] /api/v1/availability/check - Status: 200 - Duration: 0.0s - IP: 127.0.0.1 - User: Anonymous
2026-03-09 10:05:25,796 | INFO     | app | [OPTIONS] /api/v1/pedidos - Status: 200 - Duration: 0.0s - IP: 127.0.0.1 - User: Anonymous
2026-03-09 10:05:25,804 | INFO     | app | [POST] /api/v1/availability/check - Status: 200 - Duration: 0.007s - IP: 127.0.0.1 - User: fedegarcia30@gmail.com
2026-03-09 10:05:26,113 | INFO     | app | [POST] /api/v1/availability/check - Status: 200 - Duration: 0.006s - IP: 127.0.0.1 - User: fedegarcia30@gmail.com
2026-03-09 10:05:26,139 | INFO     | app | [GET] /api/v1/pedidos - Status: 200 - Duration: 0.034s - IP: 127.0.0.1 - User: fedegarcia30@gmail.com
2026-03-09 10:05:26,476 | INFO     | app | [GET] /api/v1/pedidos - Status: 200 - Duration: 0.029s - IP: 127.0.0.1 - User: fedegarcia30@gmail.com
2026-03-09 10:05:39,700 | INFO     | app | [OPTIONS] /api/v1/pedidos/3531/status - Status: 200 - Duration: 0.0s - IP: 127.0.0.1 - User: Anonymous
2026-03-09 10:05:40,017 | INFO     | app | Pedido #3531 status updated to 'entregado'
2026-03-09 10:05:40,021 | INFO     | app | [PATCH] /api/v1/pedidos/3531/status - Status: 200 - Duration: 0.072s - IP: 127.0.0.1 - User: fedegarcia30@gmail.com
2026-03-09 10:05:40,029 | INFO     | app | [OPTIONS] /api/v1/pedidos - Status: 200 - Duration: 0.0s - IP: 127.0.0.1 - User: Anonymous
2026-03-09 10:05:40,384 | INFO     | app | [GET] /api/v1/pedidos - Status: 200 - Duration: 0.044s - IP: 127.0.0.1 - User: fedegarcia30@gmail.com
2026-03-09 10:07:40,841 | INFO     | app | [OPTIONS] /api/v1/rices - Status: 200 - Duration: 0.0s - IP: 127.0.0.1 - User: Anonymous
2026-03-09 10:07:40,843 | INFO     | app | [OPTIONS] /api/v1/rices - Status: 200 - Duration: 0.001s - IP: 127.0.0.1 - User: Anonymous
2026-03-09 10:07:41,111 | INFO     | app | [GET] /api/v1/rices - Status: 200 - Duration: 0.005s - IP: 127.0.0.1 - User: fedegarcia30@gmail.com
2026-03-09 10:07:41,159 | INFO     | app | [GET] /api/v1/rices - Status: 200 - Duration: 0.006s - IP: 127.0.0.1 - User: fedegarcia30@gmail.com
2026-03-09 10:07:43,033 | INFO     | app | [OPTIONS] /api/v1/ingredients - Status: 200 - Duration: 0.001s - IP: 127.0.0.1 - User: Anonymous
2026-03-09 10:07:43,348 | INFO     | app | [OPTIONS] /api/v1/ingredients - Status: 200 - Duration: 0.0s - IP: 127.0.0.1 - User: Anonymous
2026-03-09 10:07:43,355 | INFO     | app | [GET] /api/v1/ingredients - Status: 200 - Duration: 0.006s - IP: 127.0.0.1 - User: fedegarcia30@gmail.com
2026-03-09 10:07:43,666 | INFO     | app | [GET] /api/v1/ingredients - Status: 200 - Duration: 0.006s - IP: 127.0.0.1 - User: fedegarcia30@gmail.com
2026-03-09 10:07:56,945 | INFO     | app | [OPTIONS] /api/v1/ingredients/purchase - Status: 200 - Duration: 0.0s - IP: 127.0.0.1 - User: Anonymous
2026-03-09 10:07:57,212 | ERROR    | app | Error processing purchase: name 'datetime' is not defined
Traceback (most recent call last):
  File "C:\ArrocesLlopis\backend\app\routes\ingredients.py", line 153, in process_purchase
    fecha_compra=request.args.get('fecha', datetime.utcnow().date()),
                                           ^^^^^^^^
NameError: name 'datetime' is not defined. Did you forget to import 'datetime'
2026-03-09 10:07:57,214 | INFO     | app | [POST] /api/v1/ingredients/purchase - Status: 500 - Duration: 0.006s - IP: 127.0.0.1 - User: fedegarcia30@gmail.com
2026-03-09 10:08:17,101 | INFO     | app | [OPTIONS] /api/v1/pedidos/calendar - Status: 200 - Duration: 0.002s - IP: 127.0.0.1 - User: Anonymous
2026-03-09 10:08:17,413 | INFO     | app | [OPTIONS] /api/v1/pedidos/calendar - Status: 200 - Duration: 0.0s - IP: 127.0.0.1 - User: Anonymous
2026-03-09 10:08:17,449 | INFO     | app | [GET] /api/v1/pedidos/calendar - Status: 200 - Duration: 0.004s - IP: 127.0.0.1 - User: fedegarcia30@gmail.com
2026-03-09 10:08:17,729 | INFO     | app | [GET] /api/v1/pedidos/calendar - Status: 200 - Duration: 0.006s - IP: 127.0.0.1 - User: fedegarcia30@gmail.com
2026-03-09 10:08:19,000 | INFO     | app | [OPTIONS] /api/v1/availability/check - Status: 200 - Duration: 0.0s - IP: 127.0.0.1 - User: Anonymous
2026-03-09 10:08:19,002 | INFO     | app | [OPTIONS] /api/v1/pedidos - Status: 200 - Duration: 0.0s - IP: 127.0.0.1 - User: Anonymous
2026-03-09 10:08:19,002 | INFO     | app | [OPTIONS] /api/v1/pedidos - Status: 200 - Duration: 0.0s - IP: 127.0.0.1 - User: Anonymous
2026-03-09 10:08:19,003 | INFO     | app | [OPTIONS] /api/v1/availability/check - Status: 200 - Duration: 0.0s - IP: 127.0.0.1 - User: Anonymous
2026-03-09 10:08:19,268 | INFO     | app | [POST] /api/v1/availability/check - Status: 200 - Duration: 0.005s - IP: 127.0.0.1 - User: fedegarcia30@gmail.com
2026-03-09 10:08:19,404 | INFO     | app | [POST] /api/v1/availability/check - Status: 200 - Duration: 0.03s - IP: 127.0.0.1 - User: fedegarcia30@gmail.com
2026-03-09 10:08:19,433 | INFO     | app | [GET] /api/v1/pedidos - Status: 200 - Duration: 0.059s - IP: 127.0.0.1 - User: fedegarcia30@gmail.com
2026-03-09 10:08:19,439 | INFO     | app | [GET] /api/v1/pedidos - Status: 200 - Duration: 0.063s - IP: 127.0.0.1 - User: fedegarcia30@gmail.com
2026-03-09 10:08:24,575 | INFO     | app | [OPTIONS] /api/v1/rices - Status: 200 - Duration: 0.0s - IP: 127.0.0.1 - User: Anonymous
2026-03-09 10:08:24,878 | INFO     | app | [OPTIONS] /api/v1/rices - Status: 200 - Duration: 0.001s - IP: 127.0.0.1 - User: Anonymous
2026-03-09 10:08:24,901 | INFO     | app | [GET] /api/v1/rices - Status: 200 - Duration: 0.005s - IP: 127.0.0.1 - User: fedegarcia30@gmail.com
2026-03-09 10:08:25,196 | INFO     | app | [GET] /api/v1/rices - Status: 200 - Duration: 0.004s - IP: 127.0.0.1 - User: fedegarcia30@gmail.com
2026-03-09 10:08:26,890 | INFO     | app | [OPTIONS] /api/v1/ingredients - Status: 200 - Duration: 0.0s - IP: 127.0.0.1 - User: Anonymous
2026-03-09 10:08:26,892 | INFO     | app | [OPTIONS] /api/v1/rices/1/recipe - Status: 200 - Duration: 0.0s - IP: 127.0.0.1 - User: Anonymous
2026-03-09 10:08:26,894 | INFO     | app | [OPTIONS] /api/v1/ingredients - Status: 200 - Duration: 0.0s - IP: 127.0.0.1 - User: Anonymous
2026-03-09 10:08:26,898 | INFO     | app | [OPTIONS] /api/v1/rices/1/recipe - Status: 200 - Duration: 0.0s - IP: 127.0.0.1 - User: Anonymous
2026-03-09 10:08:27,163 | INFO     | app | [GET] /api/v1/ingredients - Status: 200 - Duration: 0.006s - IP: 127.0.0.1 - User: fedegarcia30@gmail.com
2026-03-09 10:08:27,216 | INFO     | app | [GET] /api/v1/ingredients - Status: 200 - Duration: 0.012s - IP: 127.0.0.1 - User: fedegarcia30@gmail.com
2026-03-09 10:08:27,221 | INFO     | app | [GET] /api/v1/rices/1/recipe - Status: 200 - Duration: 0.016s - IP: 127.0.0.1 - User: fedegarcia30@gmail.com
2026-03-09 10:08:27,224 | INFO     | app | [GET] /api/v1/rices/1/recipe - Status: 200 - Duration: 0.019s - IP: 127.0.0.1 - User: fedegarcia30@gmail.com
2026-03-09 10:08:32,569 | INFO     | app | [OPTIONS] /api/v1/rices/1/recipe - Status: 200 - Duration: 0.0s - IP: 127.0.0.1 - User: Anonymous
2026-03-09 10:08:32,962 | INFO     | app | Recipe updated for rice #1 (Carrilleras) by user
2026-03-09 10:08:32,962 | INFO     | app | [POST] /api/v1/rices/1/recipe - Status: 200 - Duration: 0.073s - IP: 127.0.0.1 - User: fedegarcia30@gmail.com
2026-03-09 10:08:36,462 | INFO     | app | [OPTIONS] /api/v1/availability/check - Status: 200 - Duration: 0.001s - IP: 127.0.0.1 - User: Anonymous
2026-03-09 10:08:36,776 | INFO     | app | [OPTIONS] /api/v1/pedidos - Status: 200 - Duration: 0.0s - IP: 127.0.0.1 - User: Anonymous
2026-03-09 10:08:36,777 | INFO     | app | [OPTIONS] /api/v1/availability/check - Status: 200 - Duration: 0.0s - IP: 127.0.0.1 - User: Anonymous
2026-03-09 10:08:36,777 | INFO     | app | [OPTIONS] /api/v1/pedidos - Status: 200 - Duration: 0.0s - IP: 127.0.0.1 - User: Anonymous
2026-03-09 10:08:36,787 | INFO     | app | [POST] /api/v1/availability/check - Status: 200 - Duration: 0.008s - IP: 127.0.0.1 - User: fedegarcia30@gmail.com
2026-03-09 10:08:37,097 | INFO     | app | [POST] /api/v1/availability/check - Status: 200 - Duration: 0.007s - IP: 127.0.0.1 - User: fedegarcia30@gmail.com
2026-03-09 10:08:37,105 | INFO     | app | [GET] /api/v1/pedidos - Status: 200 - Duration: 0.015s - IP: 127.0.0.1 - User: fedegarcia30@gmail.com
2026-03-09 10:08:37,107 | INFO     | app | [GET] /api/v1/pedidos - Status: 200 - Duration: 0.018s - IP: 127.0.0.1 - User: fedegarcia30@gmail.com
2026-03-09 10:08:41,734 | INFO     | app | [OPTIONS] /api/v1/clients/lookup - Status: 200 - Duration: 0.0s - IP: 127.0.0.1 - User: Anonymous
2026-03-09 10:08:41,986 | INFO     | app | [POST] /api/v1/clients/lookup - Status: 200 - Duration: 0.005s - IP: 127.0.0.1 - User: fedegarcia30@gmail.com
2026-03-09 10:08:44,304 | INFO     | app | [OPTIONS] /api/v1/rices - Status: 200 - Duration: 0.001s - IP: 127.0.0.1 - User: Anonymous
2026-03-09 10:08:44,616 | INFO     | app | [OPTIONS] /api/v1/rices - Status: 200 - Duration: 0.0s - IP: 127.0.0.1 - User: Anonymous
2026-03-09 10:08:44,622 | INFO     | app | [GET] /api/v1/rices - Status: 200 - Duration: 0.007s - IP: 127.0.0.1 - User: fedegarcia30@gmail.com
2026-03-09 10:08:44,929 | INFO     | app | [GET] /api/v1/rices - Status: 200 - Duration: 0.005s - IP: 127.0.0.1 - User: fedegarcia30@gmail.com
2026-03-09 10:08:52,976 | INFO     | app | [OPTIONS] /api/v1/orders/create - Status: 200 - Duration: 0.0s - IP: 127.0.0.1 - User: Anonymous
2026-03-09 10:08:53,263 | INFO     | app | Stock subtracted for arroz: 500.0 gr. New total: 700.0
2026-03-09 10:08:53,265 | INFO     | app | Stock subtracted for sofrito: 175.0 gr. New total: 925.0
2026-03-09 10:08:53,267 | INFO     | app | Order #3532 created successfully for client #774 (5 PAX, Arroz: Carrilleras)
2026-03-09 10:08:53,268 | INFO     | app | [POST] /api/v1/orders/create - Status: 201 - Duration: 0.026s - IP: 127.0.0.1 - User: fedegarcia30@gmail.com
2026-03-09 10:08:53,280 | INFO     | app | [OPTIONS] /api/v1/pedidos - Status: 200 - Duration: 0.001s - IP: 127.0.0.1 - User: Anonymous
2026-03-09 10:08:53,582 | INFO     | app | [OPTIONS] /api/v1/availability/check - Status: 200 - Duration: 0.0s - IP: 127.0.0.1 - User: Anonymous
2026-03-09 10:08:53,593 | INFO     | app | [POST] /api/v1/availability/check - Status: 200 - Duration: 0.007s - IP: 127.0.0.1 - User: fedegarcia30@gmail.com
2026-03-09 10:08:53,602 | INFO     | app | [GET] /api/v1/pedidos - Status: 200 - Duration: 0.019s - IP: 127.0.0.1 - User: fedegarcia30@gmail.com
2026-03-09 10:08:59,835 | INFO     | app | [OPTIONS] /api/v1/clients/lookup - Status: 200 - Duration: 0.0s - IP: 127.0.0.1 - User: Anonymous
2026-03-09 10:09:00,089 | INFO     | app | [POST] /api/v1/clients/lookup - Status: 200 - Duration: 0.007s - IP: 127.0.0.1 - User: fedegarcia30@gmail.com
2026-03-09 10:09:02,202 | INFO     | app | [OPTIONS] /api/v1/rices - Status: 200 - Duration: 0.001s - IP: 127.0.0.1 - User: Anonymous
2026-03-09 10:09:02,505 | INFO     | app | [OPTIONS] /api/v1/rices - Status: 200 - Duration: 0.0s - IP: 127.0.0.1 - User: Anonymous
2026-03-09 10:09:02,513 | INFO     | app | [GET] /api/v1/rices - Status: 200 - Duration: 0.006s - IP: 127.0.0.1 - User: fedegarcia30@gmail.com
2026-03-09 10:09:02,817 | INFO     | app | [GET] /api/v1/rices - Status: 200 - Duration: 0.003s - IP: 127.0.0.1 - User: fedegarcia30@gmail.com
2026-03-09 10:09:12,387 | INFO     | app | [OPTIONS] /api/v1/orders/create - Status: 200 - Duration: 0.001s - IP: 127.0.0.1 - User: Anonymous
2026-03-09 10:09:12,714 | INFO     | app | Stock subtracted for arroz: 1200.0 gr. New total: 0.0
2026-03-09 10:09:12,719 | INFO     | app | Stock subtracted for sofrito: 420.0 gr. New total: 680.0
2026-03-09 10:09:12,722 | INFO     | app | Order #3533 created successfully for client #758 (12 PAX, Arroz: Carrilleras)
2026-03-09 10:09:12,723 | INFO     | app | [POST] /api/v1/orders/create - Status: 201 - Duration: 0.076s - IP: 127.0.0.1 - User: fedegarcia30@gmail.com
2026-03-09 10:09:12,735 | INFO     | app | [OPTIONS] /api/v1/availability/check - Status: 200 - Duration: 0.0s - IP: 127.0.0.1 - User: Anonymous
2026-03-09 10:09:13,050 | INFO     | app | [OPTIONS] /api/v1/pedidos - Status: 200 - Duration: 0.0s - IP: 127.0.0.1 - User: Anonymous
2026-03-09 10:09:13,060 | INFO     | app | [POST] /api/v1/availability/check - Status: 200 - Duration: 0.007s - IP: 127.0.0.1 - User: fedegarcia30@gmail.com
2026-03-09 10:09:13,391 | INFO     | app | [GET] /api/v1/pedidos - Status: 200 - Duration: 0.026s - IP: 127.0.0.1 - User: fedegarcia30@gmail.com
2026-03-09 10:09:16,059 | INFO     | app | [OPTIONS] /api/v1/ingredients - Status: 200 - Duration: 0.0s - IP: 127.0.0.1 - User: Anonymous
2026-03-09 10:09:16,060 | INFO     | app | [OPTIONS] /api/v1/ingredients - Status: 200 - Duration: 0.0s - IP: 127.0.0.1 - User: Anonymous
2026-03-09 10:09:16,327 | INFO     | app | [GET] /api/v1/ingredients - Status: 200 - Duration: 0.006s - IP: 127.0.0.1 - User: fedegarcia30@gmail.com
2026-03-09 10:09:16,375 | INFO     | app | [GET] /api/v1/ingredients - Status: 200 - Duration: 0.006s - IP: 127.0.0.1 - User: fedegarcia30@gmail.com
2026-03-09 10:09:20,474 | INFO     | app | [OPTIONS] /api/v1/availability/check - Status: 200 - Duration: 0.0s - IP: 127.0.0.1 - User: Anonymous
2026-03-09 10:09:20,780 | INFO     | app | [OPTIONS] /api/v1/pedidos - Status: 200 - Duration: 0.0s - IP: 127.0.0.1 - User: Anonymous
2026-03-09 10:09:20,785 | INFO     | app | [OPTIONS] /api/v1/availability/check - Status: 200 - Duration: 0.0s - IP: 127.0.0.1 - User: Anonymous
2026-03-09 10:09:20,789 | INFO     | app | [OPTIONS] /api/v1/pedidos - Status: 200 - Duration: 0.0s - IP: 127.0.0.1 - User: Anonymous
2026-03-09 10:09:20,802 | INFO     | app | [POST] /api/v1/availability/check - Status: 200 - Duration: 0.008s - IP: 127.0.0.1 - User: fedegarcia30@gmail.com
2026-03-09 10:09:21,097 | INFO     | app | [POST] /api/v1/availability/check - Status: 200 - Duration: 0.005s - IP: 127.0.0.1 - User: fedegarcia30@gmail.com
2026-03-09 10:09:21,117 | INFO     | app | [GET] /api/v1/pedidos - Status: 200 - Duration: 0.026s - IP: 127.0.0.1 - User: fedegarcia30@gmail.com
2026-03-09 10:09:21,132 | INFO     | app | [GET] /api/v1/pedidos - Status: 200 - Duration: 0.032s - IP: 127.0.0.1 - User: fedegarcia30@gmail.com
2026-03-09 10:10:19,906 | INFO     | app | [OPTIONS] /api/v1/rices - Status: 200 - Duration: 0.001s - IP: 127.0.0.1 - User: Anonymous
2026-03-09 10:10:19,907 | INFO     | app | [OPTIONS] /api/v1/rices - Status: 200 - Duration: 0.0s - IP: 127.0.0.1 - User: Anonymous
2026-03-09 10:10:20,174 | INFO     | app | [GET] /api/v1/rices - Status: 200 - Duration: 0.006s - IP: 127.0.0.1 - User: fedegarcia30@gmail.com
2026-03-09 10:10:20,228 | INFO     | app | [GET] /api/v1/rices - Status: 200 - Duration: 0.01s - IP: 127.0.0.1 - User: fedegarcia30@gmail.com
2026-03-09 10:10:22,229 | INFO     | app | [OPTIONS] /api/v1/pedidos/3533/status - Status: 200 - Duration: 0.0s - IP: 127.0.0.1 - User: Anonymous
2026-03-09 10:10:22,612 | INFO     | app | Stock restored for arroz: 1200.0 gr. New total: 2400.0
2026-03-09 10:10:22,614 | INFO     | app | Stock restored for sofrito: 420.0 gr. New total: 1520.0
2026-03-09 10:10:22,614 | INFO     | app | Pedido #3533 status updated to 'cancelado'
2026-03-09 10:10:22,618 | INFO     | app | [PATCH] /api/v1/pedidos/3533/status - Status: 200 - Duration: 0.08s - IP: 127.0.0.1 - User: fedegarcia30@gmail.com
2026-03-09 10:10:22,803 | INFO     | app | [OPTIONS] /api/v1/pedidos - Status: 200 - Duration: 0.0s - IP: 127.0.0.1 - User: Anonymous
2026-03-09 10:10:22,944 | INFO     | app | [OPTIONS] /api/v1/availability/check - Status: 200 - Duration: 0.0s - IP: 127.0.0.1 - User: Anonymous
2026-03-09 10:10:22,980 | INFO     | app | [GET] /api/v1/pedidos - Status: 200 - Duration: 0.032s - IP: 127.0.0.1 - User: fedegarcia30@gmail.com
2026-03-09 10:10:23,118 | INFO     | app | [POST] /api/v1/availability/check - Status: 200 - Duration: 0.004s - IP: 127.0.0.1 - User: fedegarcia30@gmail.com
2026-03-09 10:11:03,885 | INFO     | app | [OPTIONS] /api/v1/ingredients - Status: 200 - Duration: 0.0s - IP: 127.0.0.1 - User: Anonymous
2026-03-09 10:11:04,201 | INFO     | app | [OPTIONS] /api/v1/ingredients - Status: 200 - Duration: 0.0s - IP: 127.0.0.1 - User: Anonymous
2026-03-09 10:11:04,209 | INFO     | app | [GET] /api/v1/ingredients - Status: 200 - Duration: 0.007s - IP: 127.0.0.1 - User: fedegarcia30@gmail.com
2026-03-09 10:11:04,469 | INFO     | app | [GET] /api/v1/ingredients - Status: 200 - Duration: 0.004s - IP: 127.0.0.1 - User: fedegarcia30@gmail.com
2026-03-09 10:12:31,073 | INFO     | app | Logger initialized successfully at level INFO
2026-03-09 10:12:34,481 | INFO     | app | Logger initialized successfully at level INFO
